{
  "division": "UFNIA",
  "n_seeds": 5,
  "seed_values": [
    0,
    10,
    20,
    30,
    40
  ],
  "model_type": "gin_pwc_fb",
  "splits_dir": "/home/john-lu/Desktop/smt-select/data/cp26/performance_splits/smtcomp24/UFNIA",
  "benchmark_root": "/home/john-lu/Desktop/smt_data/smtlib25/non-incremental",
  "seeds": [
    {
      "seed": 0,
      "train_size": 4709,
      "test_size": 1570,
      "train_metrics": {
        "total_count": 4709,
        "solved": 2815,
        "avg_par2": 999.2880802176475,
        "sbs_solved": 2775,
        "sbs_avg_par2": 1018.7174375948581,
        "vbs_solved": 2830,
        "vbs_avg_par2": 988.6280494388842,
        "gap_cls_solved": 0.7272727272727273,
        "gap_cls_par2": 0.6457212515088369
      },
      "test_metrics": {
        "total_count": 1570,
        "solved": 919,
        "avg_par2": 1035.1887901905643,
        "sbs_solved": 913,
        "sbs_avg_par2": 1042.7014970401126,
        "vbs_solved": 929,
        "vbs_avg_par2": 1017.610803086114,
        "gap_cls_solved": 0.375,
        "gap_cls_par2": 0.29942204322136773
      }
    },
    {
      "seed": 10,
      "train_size": 4709,
      "test_size": 1570,
      "train_metrics": {
        "total_count": 4709,
        "solved": 2780,
        "avg_par2": 1019.7021594012698,
        "sbs_solved": 2748,
        "sbs_avg_par2": 1034.6312495524385,
        "vbs_solved": 2798,
        "vbs_avg_par2": 1007.3756015192909,
        "gap_cls_solved": 0.64,
        "gap_cls_par2": 0.5477429901139134
      },
      "test_metrics": {
        "total_count": 1570,
        "solved": 948,
        "avg_par2": 982.0501165344328,
        "sbs_solved": 940,
        "sbs_avg_par2": 994.9701973533324,
        "vbs_solved": 961,
        "vbs_avg_par2": 961.3800879608684,
        "gap_cls_solved": 0.38095238095238093,
        "gap_cls_par2": 0.3846394385901649
      }
    },
    {
      "seed": 20,
      "train_size": 4709,
      "test_size": 1570,
      "train_metrics": {
        "total_count": 4709,
        "solved": 2839,
        "avg_par2": 989.638984711906,
        "sbs_solved": 2787,
        "sbs_avg_par2": 1015.003855059455,
        "vbs_solved": 2847,
        "vbs_avg_par2": 982.3129877004264,
        "gap_cls_solved": 0.8666666666666667,
        "gap_cls_par2": 0.7759008064539384
      },
      "test_metrics": {
        "total_count": 1570,
        "solved": 901,
        "avg_par2": 1053.9492186310147,
        "sbs_solved": 901,
        "sbs_avg_par2": 1053.8398793071274,
        "vbs_solved": 912,
        "vbs_avg_par2": 1036.551965969169,
        "gap_cls_solved": 0.0,
        "gap_cls_par2": -0.0063246108277987476
      }
    },
    {
      "seed": 30,
      "train_size": 4709,
      "test_size": 1570,
      "train_metrics": {
        "total_count": 4709,
        "solved": 2805,
        "avg_par2": 1004.7431612610782,
        "sbs_solved": 2773,
        "sbs_avg_par2": 1019.4431263228626,
        "vbs_solved": 2825,
        "vbs_avg_par2": 991.6683168039527,
        "gap_cls_solved": 0.6153846153846154,
        "gap_cls_par2": 0.529255297026475
      },
      "test_metrics": {
        "total_count": 1570,
        "solved": 920,
        "avg_par2": 1031.7388315373196,
        "sbs_solved": 915,
        "sbs_avg_par2": 1040.5248930782193,
        "vbs_solved": 934,
        "vbs_avg_par2": 1008.491937466937,
        "gap_cls_solved": 0.2631578947368421,
        "gap_cls_par2": 0.2742819503613077
      }
    },
    {
      "seed": 40,
      "train_size": 4709,
      "test_size": 1570,
      "train_metrics": {
        "total_count": 4709,
        "solved": 2787,
        "avg_par2": 1013.2454234839465,
        "sbs_solved": 2742,
        "sbs_avg_par2": 1034.1507362187206,
        "vbs_solved": 2798,
        "vbs_avg_par2": 1004.9774707652005,
        "gap_cls_solved": 0.8035714285714286,
        "gap_cls_par2": 0.7165914548743654
      },
      "test_metrics": {
        "total_count": 1570,
        "solved": 949,
        "avg_par2": 988.8298975563405,
        "sbs_solved": 946,
        "sbs_avg_par2": 996.411431295037,
        "vbs_solved": 961,
        "vbs_avg_par2": 968.5729527513217,
        "gap_cls_solved": 0.2,
        "gap_cls_par2": 0.27234008952001815
      }
    }
  ],
  "aggregated": {
    "train": {
      "gap_cls_solved_mean": 0.7305790875790876,
      "gap_cls_solved_std": 0.09521867524257917,
      "gap_cls_par2_mean": 0.6430423599955059,
      "gap_cls_par2_std": 0.09497102527774948
    },
    "test": {
      "gap_cls_solved_mean": 0.24382205513784458,
      "gap_cls_solved_std": 0.13982547783390847,
      "gap_cls_par2_mean": 0.24487178217301192,
      "gap_cls_par2_std": 0.13208317267447678
    }
  }
}