{
  "n_splits": 4,
  "n_instances": 4825,
  "model_type": "SVM",
  "folds_dir": "data/foiks26/perf_data/folds/QF_LIA",
  "feature_csv_path": "data/features/native_desc/all_mpnet_base_v2/QF_LIA.CSV",
  "svm_c": 1.0,
  "folds": [
    {
      "fold": 1,
      "train_size": 3618,
      "test_size": 1207,
      "train_metrics": {
        "total_instances": 3618,
        "solved": 3528,
        "solve_rate": 97.51243781094527,
        "avg_par2": 74.9152637929693,
        "sbs_name": "OpenSMT",
        "sbs_solved": 3388,
        "sbs_solve_rate": 93.64289662797125,
        "sbs_avg_par2": 213.71294914294987,
        "vbs_solved": 3547,
        "vbs_solve_rate": 98.03758982863461,
        "vbs_avg_par2": 56.6872893898965,
        "gap_cls_solved": 0.8805031446540881,
        "gap_cls_par2": 0.883917224536811
      },
      "test_metrics": {
        "total_instances": 1207,
        "solved": 1175,
        "solve_rate": 97.34879867439933,
        "avg_par2": 73.16786562796791,
        "sbs_name": "Yices2",
        "sbs_solved": 1113,
        "sbs_solve_rate": 92.21209610604805,
        "sbs_avg_par2": 198.56809642024047,
        "vbs_solved": 1179,
        "vbs_solve_rate": 97.68019884009942,
        "vbs_avg_par2": 59.96352550134148,
        "gap_cls_solved": 0.9393939393939394,
        "gap_cls_par2": 0.9047337325234921
      }
    },
    {
      "fold": 2,
      "train_size": 3619,
      "test_size": 1206,
      "train_metrics": {
        "total_instances": 3619,
        "solved": 3527,
        "solve_rate": 97.45786128764851,
        "avg_par2": 74.77062355402371,
        "sbs_name": "OpenSMT",
        "sbs_solved": 3377,
        "sbs_solve_rate": 93.3130699088146,
        "sbs_avg_par2": 220.66217761089314,
        "vbs_solved": 3544,
        "vbs_solve_rate": 97.92760431058304,
        "vbs_avg_par2": 58.33258403223928,
        "gap_cls_solved": 0.8982035928143712,
        "gap_cls_par2": 0.8987366433969437
      },
      "test_metrics": {
        "total_instances": 1206,
        "solved": 1174,
        "solve_rate": 97.34660033167496,
        "avg_par2": 77.460755770953,
        "sbs_name": "OpenSMT",
        "sbs_solved": 1137,
        "sbs_solve_rate": 94.27860696517413,
        "sbs_avg_par2": 193.5719422317352,
        "vbs_solved": 1182,
        "vbs_solve_rate": 98.00995024875621,
        "vbs_avg_par2": 55.0289939304235,
        "gap_cls_solved": 0.8222222222222222,
        "gap_cls_par2": 0.838088028906794
      }
    },
    {
      "fold": 3,
      "train_size": 3619,
      "test_size": 1206,
      "train_metrics": {
        "total_instances": 3619,
        "solved": 3534,
        "solve_rate": 97.65128488532744,
        "avg_par2": 69.98056325131522,
        "sbs_name": "OpenSMT",
        "sbs_solved": 3390,
        "sbs_solve_rate": 93.67228516164687,
        "sbs_avg_par2": 209.10549004293037,
        "vbs_solved": 3548,
        "vbs_solve_rate": 98.03813208068527,
        "vbs_avg_par2": 55.00375795098875,
        "gap_cls_solved": 0.9113924050632911,
        "gap_cls_par2": 0.9028122195836784
      },
      "test_metrics": {
        "total_instances": 1206,
        "solved": 1168,
        "solve_rate": 96.84908789386401,
        "avg_par2": 90.20003433079134,
        "sbs_name": "OpenSMT",
        "sbs_solved": 1124,
        "sbs_solve_rate": 93.20066334991708,
        "sbs_avg_par2": 228.25158759529836,
        "vbs_solved": 1178,
        "vbs_solve_rate": 97.6782752902156,
        "vbs_avg_par2": 65.0182323948063,
        "gap_cls_solved": 0.8148148148148148,
        "gap_cls_par2": 0.8457312728452138
      }
    },
    {
      "fold": 4,
      "train_size": 3619,
      "test_size": 1206,
      "train_metrics": {
        "total_instances": 3619,
        "solved": 3523,
        "solve_rate": 97.34733351754629,
        "avg_par2": 76.2584862985642,
        "sbs_name": "OpenSMT",
        "sbs_solved": 3387,
        "sbs_solve_rate": 93.58938933407018,
        "sbs_avg_par2": 212.08342361909496,
        "vbs_solved": 3539,
        "vbs_solve_rate": 97.78944459795524,
        "vbs_avg_par2": 60.00357287326508,
        "gap_cls_solved": 0.8947368421052632,
        "gap_cls_par2": 0.8931159299171995
      },
      "test_metrics": {
        "total_instances": 1206,
        "solved": 1175,
        "solve_rate": 97.42951907131011,
        "avg_par2": 78.78803264714203,
        "sbs_name": "OpenSMT",
        "sbs_solved": 1127,
        "sbs_solve_rate": 93.44941956882255,
        "sbs_avg_par2": 219.31531760181608,
        "vbs_solved": 1187,
        "vbs_solve_rate": 98.424543946932,
        "vbs_avg_par2": 50.01464184445969,
        "gap_cls_solved": 0.8,
        "gap_cls_par2": 0.8300456234213697
      }
    }
  ],
  "aggregated": {
    "test_solve_rate_mean": 97.2435014928121,
    "test_solve_rate_std": 0.2301529347903988,
    "test_avg_par2_mean": 79.90417209421358,
    "test_avg_par2_std": 6.296797888527482,
    "test_sbs_solve_rate_mean": 93.28519649749046,
    "test_sbs_solve_rate_std": 0.7369741986009,
    "test_sbs_avg_par2_mean": 209.92673596227252,
    "test_sbs_avg_par2_std": 14.321693534538971,
    "test_vbs_solve_rate_mean": 97.94824208150081,
    "test_vbs_solve_rate_std": 0.3063497235909698,
    "test_vbs_avg_par2_mean": 57.506348417757735,
    "test_vbs_avg_par2_std": 5.584108539888895,
    "test_gap_cls_solved_mean": 0.844107744107744,
    "test_gap_cls_solved_std": 0.05559227436693745,
    "test_gap_cls_par2_mean": 0.8546496644242174,
    "test_gap_cls_par2_std": 0.02944315790812451,
    "train_solve_rate_mean": 97.49222937536689,
    "train_solve_rate_std": 0.10941093545016731,
    "train_avg_par2_mean": 73.98123422421811,
    "train_avg_par2_std": 2.381532699379424,
    "train_sbs_solve_rate_mean": 93.55441025812573,
    "train_sbs_solve_rate_std": 0.14247195380855096,
    "train_sbs_avg_par2_mean": 213.89101010396706,
    "train_sbs_avg_par2_std": 4.244083713464155,
    "train_vbs_solve_rate_mean": 97.94819270446455,
    "train_vbs_solve_rate_std": 0.10210996583066907,
    "train_vbs_avg_par2_mean": 57.50680106159741,
    "train_vbs_avg_par2_std": 1.8609548078714773,
    "train_gap_cls_solved_mean": 0.8962089961592534,
    "train_gap_cls_solved_std": 0.010992671772876722,
    "train_gap_cls_par2_mean": 0.8946455043586582,
    "train_gap_cls_par2_std": 0.0070863996871644635
  }
}