{
  "division": "QF_LIA",
  "n_seeds": 5,
  "seed_values": [
    0,
    10,
    20,
    30,
    40
  ],
  "model_type": "SVM",
  "splits_dir": "/home/john-lu/Desktop/smt-select/data/cp26/performance_splits/smtcomp24/QF_LIA",
  "feature_csv_path": "/home/john-lu/Desktop/smt-select/data/features/desc/setfit_mpnet/QF_LIA/seed0/features.csv",
  "feature_csv_path_per_seed": true,
  "seeds": [
    {
      "seed": 0,
      "train_size": 3618,
      "test_size": 1207,
      "train_metrics": {
        "total_count": 3618,
        "solved": 3533,
        "avg_par2": 66.80808991330842,
        "sbs_solved": 3390,
        "sbs_avg_par2": 211.21875675864814,
        "vbs_solved": 3544,
        "vbs_avg_par2": 57.76171831546939,
        "gap_cls_solved": 0.9285714285714286,
        "gap_cls_par2": 0.9410494840144549
      },
      "test_metrics": {
        "total_count": 1207,
        "solved": 1180,
        "avg_par2": 65.7239993126547,
        "sbs_solved": 1124,
        "sbs_avg_par2": 221.90117742543984,
        "vbs_solved": 1182,
        "vbs_avg_par2": 56.74290921905257,
        "gap_cls_solved": 0.9655172413793104,
        "gap_cls_par2": 0.9456213110543212
      }
    },
    {
      "seed": 10,
      "train_size": 3618,
      "test_size": 1207,
      "train_metrics": {
        "total_count": 3618,
        "solved": 3535,
        "avg_par2": 65.69494264623339,
        "sbs_solved": 3385,
        "sbs_avg_par2": 214.80620765811412,
        "vbs_solved": 3543,
        "vbs_avg_par2": 57.38506665321782,
        "gap_cls_solved": 0.9493670886075949,
        "gap_cls_par2": 0.9472124522794743
      },
      "test_metrics": {
        "total_count": 1207,
        "solved": 1177,
        "avg_par2": 70.10054511531325,
        "sbs_solved": 1129,
        "sbs_avg_par2": 211.14774134071087,
        "vbs_solved": 1183,
        "vbs_avg_par2": 57.871928037632664,
        "gap_cls_solved": 0.8888888888888888,
        "gap_cls_par2": 0.9202182209041653
      }
    },
    {
      "seed": 20,
      "train_size": 3618,
      "test_size": 1207,
      "train_metrics": {
        "total_count": 3618,
        "solved": 3535,
        "avg_par2": 64.43860450417199,
        "sbs_solved": 3384,
        "sbs_avg_par2": 215.0290765680648,
        "vbs_solved": 3546,
        "vbs_avg_par2": 55.23112424398988,
        "gap_cls_solved": 0.9320987654320988,
        "gap_cls_par2": 0.9423804865690076
      },
      "test_metrics": {
        "total_count": 1207,
        "solved": 1178,
        "avg_par2": 73.46231473818935,
        "sbs_solved": 1130,
        "sbs_avg_par2": 210.47968855181145,
        "vbs_solved": 1180,
        "vbs_avg_par2": 64.32840163878153,
        "gap_cls_solved": 0.96,
        "gap_cls_par2": 0.9375037107621014
      }
    },
    {
      "seed": 30,
      "train_size": 3618,
      "test_size": 1207,
      "train_metrics": {
        "total_count": 3618,
        "solved": 3538,
        "avg_par2": 62.998592387793686,
        "sbs_solved": 3386,
        "sbs_avg_par2": 210.82636253598452,
        "vbs_solved": 3548,
        "vbs_avg_par2": 54.73785351010224,
        "gap_cls_solved": 0.9382716049382716,
        "gap_cls_par2": 0.947076572585355
      },
      "test_metrics": {
        "total_count": 1207,
        "solved": 1173,
        "avg_par2": 81.09655804108948,
        "sbs_solved": 1128,
        "sbs_avg_par2": 223.0773847971027,
        "vbs_solved": 1178,
        "vbs_avg_par2": 65.80698781542236,
        "gap_cls_solved": 0.9,
        "gap_cls_par2": 0.9027816390172391
      }
    },
    {
      "seed": 40,
      "train_size": 3618,
      "test_size": 1207,
      "train_metrics": {
        "total_count": 3618,
        "solved": 3523,
        "avg_par2": 73.3367050294008,
        "sbs_solved": 3370,
        "sbs_avg_par2": 224.3013800742982,
        "vbs_solved": 3532,
        "vbs_avg_par2": 65.21746850427438,
        "gap_cls_solved": 0.9444444444444444,
        "gap_cls_par2": 0.9489625541326184
      },
      "test_metrics": {
        "total_count": 1207,
        "solved": 1185,
        "avg_par2": 55.030905682258144,
        "sbs_solved": 1144,
        "sbs_avg_par2": 182.68582435499917,
        "vbs_solved": 1194,
        "vbs_avg_par2": 34.394189928997484,
        "gap_cls_solved": 0.82,
        "gap_cls_par2": 0.8608369525823893
      }
    }
  ],
  "aggregated": {
    "train": {
      "gap_cls_solved_mean": 0.9385506663987677,
      "gap_cls_solved_std": 0.0076553471253541965,
      "gap_cls_par2_mean": 0.9453363099161821,
      "gap_cls_par2_std": 0.0030597986670274717
    },
    "test": {
      "gap_cls_solved_mean": 0.9068812260536399,
      "gap_cls_solved_std": 0.053252623124259,
      "gap_cls_par2_mean": 0.9133923668640431,
      "gap_cls_par2_std": 0.030137395864018323
    }
  }
}