{
  "division": "QF_IDL",
  "n_seeds": 5,
  "seed_values": [
    0,
    10,
    20,
    30,
    40
  ],
  "model_type": "gin_pwc",
  "splits_dir": "/workspace/smt-select/data/cp26/performance_splits/smtcomp24/QF_IDL",
  "benchmark_root": "/workspace/smt-select/smtlib/non-incremental",
  "seeds": [
    {
      "seed": 0,
      "train_size": 906,
      "test_size": 302,
      "train_metrics": {
        "total_count": 906,
        "solved": 810,
        "avg_par2": 309.935766920213,
        "sbs_solved": 779,
        "sbs_avg_par2": 385.52494302540697,
        "vbs_solved": 825,
        "vbs_avg_par2": 258.1692248171204,
        "gap_cls_solved": 0.6739130434782609,
        "gap_cls_par2": 0.5935279323820394
      },
      "test_metrics": {
        "total_count": 302,
        "solved": 269,
        "avg_par2": 301.82748864537143,
        "sbs_solved": 268,
        "sbs_avg_par2": 307.6482111294636,
        "vbs_solved": 276,
        "vbs_avg_par2": 237.45217402473602,
        "gap_cls_solved": 0.125,
        "gap_cls_par2": 0.08292095571446682
      }
    },
    {
      "seed": 10,
      "train_size": 906,
      "test_size": 302,
      "train_metrics": {
        "total_count": 906,
        "solved": 808,
        "avg_par2": 310.23581183617483,
        "sbs_solved": 796,
        "sbs_avg_par2": 339.86632585396427,
        "vbs_solved": 829,
        "vbs_avg_par2": 242.3492108083691,
        "gap_cls_solved": 0.36363636363636365,
        "gap_cls_par2": 0.3038493704816367
      },
      "test_metrics": {
        "total_count": 302,
        "solved": 263,
        "avg_par2": 358.6992687543404,
        "sbs_solved": 251,
        "sbs_avg_par2": 444.624062643791,
        "vbs_solved": 272,
        "vbs_avg_par2": 284.9122160509899,
        "gap_cls_solved": 0.5714285714285714,
        "gap_cls_par2": 0.5379988756158031
      }
    },
    {
      "seed": 20,
      "train_size": 906,
      "test_size": 302,
      "train_metrics": {
        "total_count": 906,
        "solved": 805,
        "avg_par2": 314.74494556253507,
        "sbs_solved": 787,
        "sbs_avg_par2": 363.5625769770234,
        "vbs_solved": 826,
        "vbs_avg_par2": 254.78138303258652,
        "gap_cls_solved": 0.46153846153846156,
        "gap_cls_par2": 0.4487690348335701
      },
      "test_metrics": {
        "total_count": 302,
        "solved": 267,
        "avg_par2": 320.6194792772631,
        "sbs_solved": 260,
        "sbs_avg_par2": 373.5353092746125,
        "vbs_solved": 275,
        "vbs_avg_par2": 247.61569937833735,
        "gap_cls_solved": 0.4666666666666667,
        "gap_cls_par2": 0.4202350217010535
      }
    },
    {
      "seed": 30,
      "train_size": 906,
      "test_size": 302,
      "train_metrics": {
        "total_count": 906,
        "solved": 809,
        "avg_par2": 306.54352763133465,
        "sbs_solved": 788,
        "sbs_avg_par2": 360.68100260189004,
        "vbs_solved": 828,
        "vbs_avg_par2": 248.38410483384914,
        "gap_cls_solved": 0.525,
        "gap_cls_par2": 0.48209234668602413
      },
      "test_metrics": {
        "total_count": 302,
        "solved": 262,
        "avg_par2": 351.9556645223887,
        "sbs_solved": 259,
        "sbs_avg_par2": 382.18003240001286,
        "vbs_solved": 273,
        "vbs_avg_par2": 266.80753397454953,
        "gap_cls_solved": 0.21428571428571427,
        "gap_cls_par2": 0.26197203224432797
      }
    },
    {
      "seed": 40,
      "train_size": 906,
      "test_size": 302,
      "train_metrics": {
        "total_count": 906,
        "solved": 811,
        "avg_par2": 301.68238167181636,
        "sbs_solved": 792,
        "sbs_avg_par2": 346.28767604735964,
        "vbs_solved": 831,
        "vbs_avg_par2": 240.8473476078083,
        "gap_cls_solved": 0.48717948717948717,
        "gap_cls_par2": 0.42303827231641616
      },
      "test_metrics": {
        "total_count": 302,
        "solved": 264,
        "avg_par2": 353.3222406633546,
        "sbs_solved": 255,
        "sbs_avg_par2": 425.36001206360356,
        "vbs_solved": 270,
        "vbs_avg_par2": 289.417805652672,
        "gap_cls_solved": 0.6,
        "gap_cls_par2": 0.5299146843511594
      }
    }
  ],
  "aggregated": {
    "train": {
      "gap_cls_solved_mean": 0.5022534711665146,
      "gap_cls_solved_std": 0.10107823983677523,
      "gap_cls_par2_mean": 0.4502553913399373,
      "gap_cls_par2_std": 0.09350755745878003
    },
    "test": {
      "gap_cls_solved_mean": 0.3954761904761904,
      "gap_cls_solved_std": 0.19175227310350929,
      "gap_cls_par2_mean": 0.36660831392536214,
      "gap_cls_par2_std": 0.17340518313924846
    }
  }
}