{
  "division": "QF_IDL",
  "n_seeds": 5,
  "seed_values": [
    0,
    10,
    20,
    30,
    40
  ],
  "model_type": "gin_pwc",
  "splits_dir": "/workspace/smt-select/data/cp26/performance_splits/smtcomp24/QF_IDL",
  "benchmark_root": "/workspace/smt-select/smtlib/non-incremental",
  "seeds": [
    {
      "seed": 0,
      "train_size": 906,
      "test_size": 302,
      "train_metrics": {
        "total_count": 906,
        "solved": 802,
        "avg_par2": 324.64733779337075,
        "sbs_solved": 779,
        "sbs_avg_par2": 385.52494302540697,
        "vbs_solved": 825,
        "vbs_avg_par2": 258.1692248171204,
        "gap_cls_solved": 0.5,
        "gap_cls_par2": 0.47801234281818944
      },
      "test_metrics": {
        "total_count": 302,
        "solved": 268,
        "avg_par2": 303.930135896927,
        "sbs_solved": 268,
        "sbs_avg_par2": 307.6482111294636,
        "vbs_solved": 276,
        "vbs_avg_par2": 237.45217402473602,
        "gap_cls_solved": 0.0,
        "gap_cls_par2": 0.05296702471949353
      }
    },
    {
      "seed": 10,
      "train_size": 906,
      "test_size": 302,
      "train_metrics": {
        "total_count": 906,
        "solved": 807,
        "avg_par2": 311.3823360300055,
        "sbs_solved": 796,
        "sbs_avg_par2": 339.86632585396427,
        "vbs_solved": 829,
        "vbs_avg_par2": 242.3492108083691,
        "gap_cls_solved": 0.3333333333333333,
        "gap_cls_par2": 0.2920922118198511
      },
      "test_metrics": {
        "total_count": 302,
        "solved": 263,
        "avg_par2": 356.09070737686733,
        "sbs_solved": 251,
        "sbs_avg_par2": 444.624062643791,
        "vbs_solved": 272,
        "vbs_avg_par2": 284.9122160509899,
        "gap_cls_solved": 0.5714285714285714,
        "gap_cls_par2": 0.5543317991472916
      }
    },
    {
      "seed": 20,
      "train_size": 906,
      "test_size": 302,
      "train_metrics": {
        "total_count": 906,
        "solved": 804,
        "avg_par2": 318.40207280552426,
        "sbs_solved": 787,
        "sbs_avg_par2": 363.5625769770234,
        "vbs_solved": 826,
        "vbs_avg_par2": 254.78138303258652,
        "gap_cls_solved": 0.4358974358974359,
        "gap_cls_par2": 0.4151499219117431
      },
      "test_metrics": {
        "total_count": 302,
        "solved": 268,
        "avg_par2": 307.5677982604537,
        "sbs_solved": 260,
        "sbs_avg_par2": 373.5353092746125,
        "vbs_solved": 275,
        "vbs_avg_par2": 247.61569937833735,
        "gap_cls_solved": 0.5333333333333333,
        "gap_cls_par2": 0.523885922681136
      }
    },
    {
      "seed": 30,
      "train_size": 906,
      "test_size": 302,
      "train_metrics": {
        "total_count": 906,
        "solved": 806,
        "avg_par2": 311.53267753776834,
        "sbs_solved": 788,
        "sbs_avg_par2": 360.68100260189004,
        "vbs_solved": 828,
        "vbs_avg_par2": 248.38410483384914,
        "gap_cls_solved": 0.45,
        "gap_cls_par2": 0.4376641389118503
      },
      "test_metrics": {
        "total_count": 302,
        "solved": 263,
        "avg_par2": 346.43869736738066,
        "sbs_solved": 259,
        "sbs_avg_par2": 382.18003240001286,
        "vbs_solved": 273,
        "vbs_avg_par2": 266.80753397454953,
        "gap_cls_solved": 0.2857142857142857,
        "gap_cls_par2": 0.309790769207646
      }
    },
    {
      "seed": 40,
      "train_size": 906,
      "test_size": 302,
      "train_metrics": {
        "total_count": 906,
        "solved": 806,
        "avg_par2": 309.6683187625388,
        "sbs_solved": 792,
        "sbs_avg_par2": 346.28767604735964,
        "vbs_solved": 831,
        "vbs_avg_par2": 240.8473476078083,
        "gap_cls_solved": 0.358974358974359,
        "gap_cls_par2": 0.3472993476667198
      },
      "test_metrics": {
        "total_count": 302,
        "solved": 260,
        "avg_par2": 379.37342109706947,
        "sbs_solved": 255,
        "sbs_avg_par2": 425.36001206360356,
        "vbs_solved": 270,
        "vbs_avg_par2": 289.417805652672,
        "gap_cls_solved": 0.3333333333333333,
        "gap_cls_par2": 0.3382804515289679
      }
    }
  ],
  "aggregated": {
    "train": {
      "gap_cls_solved_mean": 0.41564102564102556,
      "gap_cls_solved_std": 0.06114403512118515,
      "gap_cls_par2_mean": 0.3940435926256708,
      "gap_cls_par2_std": 0.06629945503264127
    },
    "test": {
      "gap_cls_solved_mean": 0.3447619047619047,
      "gap_cls_solved_std": 0.20465334885429778,
      "gap_cls_par2_mean": 0.35585119345690697,
      "gap_cls_par2_std": 0.17988848455993842
    }
  }
}