{
  "n_splits": 4,
  "n_instances": 1989,
  "model_type": "SVM",
  "folds_dir": "data/perf_data/folds/ABV",
  "feature_csv_path": [
    "data/features/path_emb/all_mpnet_base_v2/ABV.csv",
    "data/features/syntactic/catalog0/ABV.CSV"
  ],
  "folds": [
    {
      "fold": 1,
      "train_size": 1491,
      "test_size": 498,
      "train_metrics": {
        "total_instances": 1491,
        "solved": 588,
        "solve_rate": 39.436619718309856,
        "avg_par2": 1456.0257126109832,
        "sbs_name": "cvc5",
        "sbs_solved": 509,
        "sbs_solve_rate": 34.13816230717639,
        "sbs_avg_par2": 1583.227269257209,
        "vbs_solved": 588,
        "vbs_solve_rate": 39.436619718309856,
        "vbs_avg_par2": 1455.947870086157,
        "gap_cls_solved": 1.0,
        "gap_cls_par2": 0.9993884122227706
      },
      "test_metrics": {
        "total_instances": 498,
        "solved": 189,
        "solve_rate": 37.95180722891566,
        "avg_par2": 1490.98654862691,
        "sbs_name": "cvc5",
        "sbs_solved": 172,
        "sbs_solve_rate": 34.53815261044177,
        "sbs_avg_par2": 1572.9839009019133,
        "vbs_solved": 200,
        "vbs_solve_rate": 40.16064257028113,
        "vbs_avg_par2": 1438.0856133601828,
        "gap_cls_solved": 0.6071428571428571,
        "gap_cls_par2": 0.6078457611972102
      }
    },
    {
      "fold": 2,
      "train_size": 1492,
      "test_size": 497,
      "train_metrics": {
        "total_instances": 1492,
        "solved": 599,
        "solve_rate": 40.147453083109916,
        "avg_par2": 1439.2203005760946,
        "sbs_name": "cvc5",
        "sbs_solved": 515,
        "sbs_solve_rate": 34.51742627345845,
        "sbs_avg_par2": 1574.1657108109982,
        "vbs_solved": 599,
        "vbs_solve_rate": 40.147453083109916,
        "vbs_avg_par2": 1439.1895207144287,
        "gap_cls_solved": 1.0,
        "gap_cls_par2": 0.9997719608055029
      },
      "test_metrics": {
        "total_instances": 497,
        "solved": 179,
        "solve_rate": 36.016096579476866,
        "avg_par2": 1536.8561170713926,
        "sbs_name": "cvc5",
        "sbs_solved": 166,
        "sbs_solve_rate": 33.400402414486926,
        "sbs_avg_par2": 1600.1661983533993,
        "vbs_solved": 189,
        "vbs_solve_rate": 38.028169014084504,
        "vbs_avg_par2": 1488.35844033381,
        "gap_cls_solved": 0.5652173913043478,
        "gap_cls_par2": 0.5662405042672835
      }
    },
    {
      "fold": 3,
      "train_size": 1492,
      "test_size": 497,
      "train_metrics": {
        "total_instances": 1492,
        "solved": 601,
        "solve_rate": 40.28150134048257,
        "avg_par2": 1435.0646020018442,
        "sbs_name": "cvc5",
        "sbs_solved": 522,
        "sbs_solve_rate": 34.98659517426274,
        "sbs_avg_par2": 1562.2106028124297,
        "vbs_solved": 601,
        "vbs_solve_rate": 40.28150134048257,
        "vbs_avg_par2": 1435.0149853454357,
        "gap_cls_solved": 1.0,
        "gap_cls_par2": 0.9996099185066548
      },
      "test_metrics": {
        "total_instances": 497,
        "solved": 182,
        "solve_rate": 36.61971830985916,
        "avg_par2": 1526.0309882344773,
        "sbs_name": "cvc5",
        "sbs_solved": 159,
        "sbs_solve_rate": 31.991951710261567,
        "sbs_avg_par2": 1636.055576892363,
        "vbs_solved": 187,
        "vbs_solve_rate": 37.62575452716298,
        "vbs_avg_par2": 1500.8904459083326,
        "gap_cls_solved": 0.8214285714285714,
        "gap_cls_par2": 0.8140012727904284
      }
    },
    {
      "fold": 4,
      "train_size": 1492,
      "test_size": 497,
      "train_metrics": {
        "total_instances": 1492,
        "solved": 576,
        "solve_rate": 38.605898123324394,
        "avg_par2": 1475.842492820371,
        "sbs_name": "cvc5",
        "sbs_solved": 497,
        "sbs_solve_rate": 33.310991957104555,
        "sbs_avg_par2": 1603.0483947361236,
        "vbs_solved": 576,
        "vbs_solve_rate": 38.605898123324394,
        "vbs_avg_par2": 1475.7529034287638,
        "gap_cls_solved": 1.0,
        "gap_cls_par2": 0.999296209231866
      },
      "test_metrics": {
        "total_instances": 497,
        "solved": 201,
        "solve_rate": 40.44265593561368,
        "avg_par2": 1431.5065942807844,
        "sbs_name": "cvc5",
        "sbs_solved": 184,
        "sbs_solve_rate": 37.02213279678068,
        "sbs_avg_par2": 1513.4600325258655,
        "vbs_solved": 212,
        "vbs_solve_rate": 42.6559356136821,
        "vbs_avg_par2": 1378.594724016329,
        "gap_cls_solved": 0.6071428571428571,
        "gap_cls_par2": 0.6076687856261134
      }
    }
  ],
  "aggregated": {
    "test_solve_rate_mean": 37.75756951346634,
    "test_solve_rate_std": 1.7010916146603619,
    "test_avg_par2_mean": 1496.345062053391,
    "test_avg_par2_std": 41.094830456949154,
    "test_sbs_solve_rate_mean": 34.23815988299273,
    "test_sbs_solve_rate_std": 1.8430809499658998,
    "test_sbs_avg_par2_mean": 1580.6664271683853,
    "test_sbs_avg_par2_std": 44.7881671708451,
    "test_vbs_solve_rate_mean": 39.61762543130268,
    "test_vbs_solve_rate_std": 2.001256966169582,
    "test_vbs_avg_par2_mean": 1451.4823059046635,
    "test_vbs_avg_par2_std": 48.20032301167349,
    "test_gap_cls_solved_mean": 0.6502329192546583,
    "test_gap_cls_solved_std": 0.10031088951544496,
    "test_gap_cls_par2_mean": 0.6489390809702589,
    "test_gap_cls_par2_std": 0.09679421465787533,
    "train_solve_rate_mean": 39.617868066306684,
    "train_solve_rate_std": 0.6666714973971524,
    "train_avg_par2_mean": 1451.5382770023232,
    "train_avg_par2_std": 16.077519212635455,
    "train_sbs_solve_rate_mean": 34.23829392800053,
    "train_sbs_solve_rate_std": 0.6139594669346753,
    "train_sbs_avg_par2_mean": 1580.6629944041902,
    "train_sbs_avg_par2_std": 14.919677468772427,
    "train_vbs_solve_rate_mean": 39.617868066306684,
    "train_vbs_solve_rate_std": 0.6666714973971524,
    "train_vbs_avg_par2_mean": 1451.4763198936962,
    "train_vbs_avg_par2_std": 16.056838406425303,
    "train_gap_cls_solved_mean": 1.0,
    "train_gap_cls_solved_std": 0.0,
    "train_gap_cls_par2_mean": 0.9995166251916985,
    "train_gap_cls_par2_std": 0.00018636099313065768
  }
}