{
  "division": "QF_LIA",
  "n_seeds": 5,
  "seed_values": [
    0,
    10,
    20,
    30,
    40
  ],
  "model_type": "SVM",
  "splits_dir": "/home/john-lu/Desktop/smt-select/data/cp26/performance_splits/smtcomp24/QF_LIA",
  "feature_csv_path": [
    "data/features/syntactic/catalog_all/QF_LIA.csv",
    "data/features/smtlib_desc/qwen3_0.6/QF_LIA.csv"
  ],
  "seeds": [
    {
      "seed": 0,
      "train_size": 3618,
      "test_size": 1207,
      "train_metrics": {
        "solved": 3536,
        "avg_par2": 64.81033936845114,
        "sbs_name": "OpenSMT",
        "sbs_solved": 3390,
        "sbs_avg_par2": 211.21875675864814,
        "vbs_solved": 3544,
        "vbs_avg_par2": 57.76171831546939,
        "gap_cls_solved": 0.948051948051948,
        "gap_cls_par2": 0.9540677891057328
      },
      "test_metrics": {
        "solved": 1178,
        "avg_par2": 69.53405965966816,
        "sbs_name": "OpenSMT",
        "sbs_solved": 1124,
        "sbs_avg_par2": 221.90117742543984,
        "vbs_solved": 1182,
        "vbs_avg_par2": 56.74290921905257,
        "gap_cls_solved": 0.9310344827586207,
        "gap_cls_par2": 0.9225521641784755
      }
    },
    {
      "seed": 10,
      "train_size": 3618,
      "test_size": 1207,
      "train_metrics": {
        "solved": 3537,
        "avg_par2": 64.18513549982862,
        "sbs_name": "OpenSMT",
        "sbs_solved": 3385,
        "sbs_avg_par2": 214.80620765811412,
        "vbs_solved": 3543,
        "vbs_avg_par2": 57.38506665321782,
        "gap_cls_solved": 0.9620253164556962,
        "gap_cls_par2": 0.9568033314763021
      },
      "test_metrics": {
        "solved": 1177,
        "avg_par2": 70.31105426314716,
        "sbs_name": "OpenSMT",
        "sbs_solved": 1129,
        "sbs_avg_par2": 211.14774134071087,
        "vbs_solved": 1183,
        "vbs_avg_par2": 57.871928037632664,
        "gap_cls_solved": 0.8888888888888888,
        "gap_cls_par2": 0.9188448199526554
      }
    },
    {
      "seed": 20,
      "train_size": 3618,
      "test_size": 1207,
      "train_metrics": {
        "solved": 3538,
        "avg_par2": 62.82358775603308,
        "sbs_name": "OpenSMT",
        "sbs_solved": 3384,
        "sbs_avg_par2": 215.0290765680648,
        "vbs_solved": 3546,
        "vbs_avg_par2": 55.23112424398988,
        "gap_cls_solved": 0.9506172839506173,
        "gap_cls_par2": 0.9524871038607212
      },
      "test_metrics": {
        "solved": 1178,
        "avg_par2": 73.7108061977299,
        "sbs_name": "OpenSMT",
        "sbs_solved": 1130,
        "sbs_avg_par2": 210.47968855181145,
        "vbs_solved": 1180,
        "vbs_avg_par2": 64.32840163878153,
        "gap_cls_solved": 0.96,
        "gap_cls_par2": 0.9358034762668114
      }
    },
    {
      "seed": 30,
      "train_size": 3618,
      "test_size": 1207,
      "train_metrics": {
        "solved": 3541,
        "avg_par2": 61.56709349361603,
        "sbs_name": "OpenSMT",
        "sbs_solved": 3386,
        "sbs_avg_par2": 210.82636253598452,
        "vbs_solved": 3548,
        "vbs_avg_par2": 54.73785351010224,
        "gap_cls_solved": 0.9567901234567902,
        "gap_cls_par2": 0.9562476441979378
      },
      "test_metrics": {
        "solved": 1172,
        "avg_par2": 82.08694044743461,
        "sbs_name": "OpenSMT",
        "sbs_solved": 1128,
        "sbs_avg_par2": 223.0773847971027,
        "vbs_solved": 1178,
        "vbs_avg_par2": 65.80698781542236,
        "gap_cls_solved": 0.88,
        "gap_cls_par2": 0.896484316537278
      }
    },
    {
      "seed": 40,
      "train_size": 3618,
      "test_size": 1207,
      "train_metrics": {
        "solved": 3525,
        "avg_par2": 71.92247592641746,
        "sbs_name": "OpenSMT",
        "sbs_solved": 3370,
        "sbs_avg_par2": 224.3013800742982,
        "vbs_solved": 3532,
        "vbs_avg_par2": 65.21746850427438,
        "gap_cls_solved": 0.9567901234567902,
        "gap_cls_par2": 0.9578523852225513
      },
      "test_metrics": {
        "solved": 1188,
        "avg_par2": 49.46962793211751,
        "sbs_name": "OpenSMT",
        "sbs_solved": 1144,
        "sbs_avg_par2": 182.68582435499917,
        "vbs_solved": 1194,
        "vbs_avg_par2": 34.394189928997484,
        "gap_cls_solved": 0.88,
        "gap_cls_par2": 0.8983392552015957
      }
    }
  ],
  "aggregated": {
    "train": {
      "gap_cls_solved_mean": 0.9548549590743685,
      "gap_cls_solved_std": 0.004962712902749502,
      "gap_cls_par2_mean": 0.9554916507726491,
      "gap_cls_par2_std": 0.0019452395051951796
    },
    "test": {
      "gap_cls_solved_mean": 0.9079846743295018,
      "gap_cls_solved_std": 0.032149092644980025,
      "gap_cls_par2_mean": 0.9144048064273631,
      "gap_cls_par2_std": 0.014988276241219341
    }
  }
}