{
  "division": "UFNIA",
  "n_seeds": 5,
  "seed_values": [
    0,
    10,
    20,
    30,
    40
  ],
  "model_type": "SVM",
  "splits_dir": "/home/john-lu/Desktop/smt-select/data/cp26/performance_splits/smtcomp24/UFNIA",
  "feature_csv_path": [
    "data/features/syntactic/catalog_all/UFNIA.csv",
    "data/features/smtlib_desc/qwen3_0.6/UFNIA.csv"
  ],
  "seeds": [
    {
      "seed": 0,
      "train_size": 4709,
      "test_size": 1570,
      "train_metrics": {
        "solved": 2807,
        "avg_par2": 1002.2158864786037,
        "sbs_name": "cvc5",
        "sbs_solved": 2775,
        "sbs_avg_par2": 1018.7174375948581,
        "vbs_solved": 2830,
        "vbs_avg_par2": 988.6280494388842,
        "gap_cls_solved": 0.5818181818181818,
        "gap_cls_par2": 0.548417635836115
      },
      "test_metrics": {
        "solved": 919,
        "avg_par2": 1034.1636503896927,
        "sbs_name": "cvc5",
        "sbs_solved": 913,
        "sbs_avg_par2": 1042.7014970401126,
        "vbs_solved": 929,
        "vbs_avg_par2": 1017.610803086114,
        "gap_cls_solved": 0.375,
        "gap_cls_par2": 0.3402794145938396
      }
    },
    {
      "seed": 10,
      "train_size": 4709,
      "test_size": 1570,
      "train_metrics": {
        "solved": 2781,
        "avg_par2": 1018.551768283832,
        "sbs_name": "cvc5",
        "sbs_solved": 2748,
        "sbs_avg_par2": 1034.6312495524385,
        "vbs_solved": 2798,
        "vbs_avg_par2": 1007.3756015192909,
        "gap_cls_solved": 0.66,
        "gap_cls_par2": 0.5899504296889606
      },
      "test_metrics": {
        "solved": 948,
        "avg_par2": 982.2554284243223,
        "sbs_name": "cvc5",
        "sbs_solved": 940,
        "sbs_avg_par2": 994.9701973533324,
        "vbs_solved": 961,
        "vbs_avg_par2": 961.3800879608684,
        "gap_cls_solved": 0.38095238095238093,
        "gap_cls_par2": 0.3785271664480706
      }
    },
    {
      "seed": 20,
      "train_size": 4709,
      "test_size": 1570,
      "train_metrics": {
        "solved": 2824,
        "avg_par2": 996.1300783133788,
        "sbs_name": "cvc5",
        "sbs_solved": 2787,
        "sbs_avg_par2": 1015.003855059455,
        "vbs_solved": 2847,
        "vbs_avg_par2": 982.3129877004264,
        "gap_cls_solved": 0.6166666666666667,
        "gap_cls_par2": 0.5773409600545093
      },
      "test_metrics": {
        "solved": 902,
        "avg_par2": 1053.2776784069956,
        "sbs_name": "cvc5",
        "sbs_solved": 901,
        "sbs_avg_par2": 1053.8398793071274,
        "vbs_solved": 912,
        "vbs_avg_par2": 1036.551965969169,
        "gap_cls_solved": 0.09090909090909091,
        "gap_cls_par2": 0.032519881904854046
      }
    },
    {
      "seed": 30,
      "train_size": 4709,
      "test_size": 1570,
      "train_metrics": {
        "solved": 2806,
        "avg_par2": 1003.3939575687042,
        "sbs_name": "cvc5",
        "sbs_solved": 2773,
        "sbs_avg_par2": 1019.4431263228626,
        "vbs_solved": 2825,
        "vbs_avg_par2": 991.6683168039527,
        "gap_cls_solved": 0.6346153846153846,
        "gap_cls_par2": 0.5778318207090372
      },
      "test_metrics": {
        "solved": 920,
        "avg_par2": 1030.8747545419255,
        "sbs_name": "cvc5",
        "sbs_solved": 915,
        "sbs_avg_par2": 1040.5248930782193,
        "vbs_solved": 934,
        "vbs_avg_par2": 1008.491937466937,
        "gap_cls_solved": 0.2631578947368421,
        "gap_cls_par2": 0.301256576302153
      }
    },
    {
      "seed": 40,
      "train_size": 4709,
      "test_size": 1570,
      "train_metrics": {
        "solved": 2776,
        "avg_par2": 1018.1185701415999,
        "sbs_name": "cvc5",
        "sbs_solved": 2742,
        "sbs_avg_par2": 1034.1507362187206,
        "vbs_solved": 2798,
        "vbs_avg_par2": 1004.9774707652005,
        "gap_cls_solved": 0.6071428571428571,
        "gap_cls_par2": 0.5495499330599002
      },
      "test_metrics": {
        "solved": 948,
        "avg_par2": 991.4067738245926,
        "sbs_name": "cvc5",
        "sbs_solved": 946,
        "sbs_avg_par2": 996.411431295037,
        "vbs_solved": 961,
        "vbs_avg_par2": 968.5729527513217,
        "gap_cls_solved": 0.13333333333333333,
        "gap_cls_par2": 0.17977482004217582
      }
    }
  ],
  "aggregated": {
    "train": {
      "gap_cls_solved_mean": 0.620048618048618,
      "gap_cls_solved_std": 0.02625972628232016,
      "gap_cls_par2_mean": 0.5686181558697045,
      "gap_cls_par2_std": 0.016659549631784853
    },
    "test": {
      "gap_cls_solved_mean": 0.24867053998632946,
      "gap_cls_solved_std": 0.11988231514101368,
      "gap_cls_par2_mean": 0.2464715718582186,
      "gap_cls_par2_std": 0.12606646696867785
    }
  }
}