{
  "division": "QF_SLIA",
  "n_seeds": 5,
  "seed_values": [
    0,
    10,
    20,
    30,
    40
  ],
  "model_type": "gin_pwc",
  "splits_dir": "/workspace/smt-select/data/cp26/performance_splits/smtcomp24/QF_SLIA",
  "benchmark_root": "/workspace/smt-select/smtlib/non-incremental",
  "seeds": [
    {
      "seed": 0,
      "train_size": 17791,
      "test_size": 5931,
      "train_metrics": {
        "total_count": 17791,
        "solved": 17770,
        "avg_par2": 5.14307192592902,
        "sbs_solved": 17469,
        "sbs_avg_par2": 44.65992063788583,
        "vbs_solved": 17774,
        "vbs_avg_par2": 4.040609480991914,
        "gap_cls_solved": 0.9868852459016394,
        "gap_cls_par2": 0.9728586622092433
      },
      "test_metrics": {
        "total_count": 5931,
        "solved": 5924,
        "avg_par2": 5.546220543867194,
        "sbs_solved": 5807,
        "sbs_avg_par2": 51.47958290425829,
        "vbs_solved": 5926,
        "vbs_avg_par2": 4.233040090213708,
        "gap_cls_solved": 0.9831932773109243,
        "gap_cls_par2": 0.9722057874409569
      }
    },
    {
      "seed": 10,
      "train_size": 17791,
      "test_size": 5931,
      "train_metrics": {
        "total_count": 17791,
        "solved": 17771,
        "avg_par2": 5.061904489246298,
        "sbs_solved": 17471,
        "sbs_avg_par2": 44.37160102340151,
        "vbs_solved": 17774,
        "vbs_avg_par2": 4.118191644449987,
        "gap_cls_solved": 0.9900990099009901,
        "gap_cls_par2": 0.9765557039923735
      },
      "test_metrics": {
        "total_count": 5931,
        "solved": 5916,
        "avg_par2": 8.249835793853151,
        "sbs_solved": 5805,
        "sbs_avg_par2": 52.344444523089955,
        "vbs_solved": 5926,
        "vbs_avg_par2": 4.000319761418804,
        "gap_cls_solved": 0.9173553719008265,
        "gap_cls_par2": 0.9120986044657177
      }
    },
    {
      "seed": 20,
      "train_size": 17791,
      "test_size": 5931,
      "train_metrics": {
        "total_count": 17791,
        "solved": 17769,
        "avg_par2": 5.698285652851184,
        "sbs_solved": 17454,
        "sbs_avg_par2": 46.47006104267027,
        "vbs_solved": 17772,
        "vbs_avg_par2": 4.49120287077834,
        "gap_cls_solved": 0.9905660377358491,
        "gap_cls_par2": 0.9712454593898154
      },
      "test_metrics": {
        "total_count": 5931,
        "solved": 5923,
        "avg_par2": 5.487261738662597,
        "sbs_solved": 5822,
        "sbs_avg_par2": 46.04977208963684,
        "vbs_solved": 5928,
        "vbs_avg_par2": 2.8814118660204353,
        "gap_cls_solved": 0.9528301886792453,
        "gap_cls_par2": 0.9396351897745572
      }
    },
    {
      "seed": 30,
      "train_size": 17791,
      "test_size": 5931,
      "train_metrics": {
        "total_count": 17791,
        "solved": 17769,
        "avg_par2": 5.7665002671345995,
        "sbs_solved": 17458,
        "sbs_avg_par2": 46.17579783379222,
        "vbs_solved": 17775,
        "vbs_avg_par2": 4.124909975178831,
        "gap_cls_solved": 0.9810725552050473,
        "gap_cls_par2": 0.9609618161339364
      },
      "test_metrics": {
        "total_count": 5931,
        "solved": 5921,
        "avg_par2": 7.045307859911916,
        "sbs_solved": 5818,
        "sbs_avg_par2": 46.93246248740271,
        "vbs_solved": 5925,
        "vbs_avg_par2": 3.980167034729063,
        "gap_cls_solved": 0.9626168224299065,
        "gap_cls_par2": 0.9286384861884709
      }
    },
    {
      "seed": 40,
      "train_size": 17791,
      "test_size": 5931,
      "train_metrics": {
        "total_count": 17791,
        "solved": 17768,
        "avg_par2": 5.452811523131119,
        "sbs_solved": 17461,
        "sbs_avg_par2": 45.611314943571195,
        "vbs_solved": 17776,
        "vbs_avg_par2": 3.966576320268525,
        "gap_cls_solved": 0.9746031746031746,
        "gap_cls_par2": 0.9643115732744458
      },
      "test_metrics": {
        "total_count": 5931,
        "solved": 5918,
        "avg_par2": 7.509734866039308,
        "sbs_solved": 5815,
        "sbs_avg_par2": 48.625720808077496,
        "vbs_solved": 5924,
        "vbs_avg_par2": 4.455114607568255,
        "gap_cls_solved": 0.944954128440367,
        "gap_cls_par2": 0.9308449550226947
      }
    }
  ],
  "aggregated": {
    "train": {
      "gap_cls_solved_mean": 0.98464520466934,
      "gap_cls_solved_std": 0.0060568016720563556,
      "gap_cls_par2_mean": 0.9691866429999629,
      "gap_cls_par2_std": 0.005717334898623333
    },
    "test": {
      "gap_cls_solved_mean": 0.9521899577522539,
      "gap_cls_solved_std": 0.02161546124224149,
      "gap_cls_par2_mean": 0.9366846045784794,
      "gap_cls_par2_std": 0.019868433831452374
    }
  }
}