{
  "division": "QF_IDL",
  "n_seeds": 5,
  "seed_values": [
    0,
    10,
    20,
    30,
    40
  ],
  "model_type": "SVM",
  "splits_dir": "/home/john-lu/Desktop/smt-select/data/cp26/performance_splits/smtcomp24/QF_IDL",
  "feature_csv_path": [
    "data/features/syntactic/catalog_all/QF_IDL.csv",
    "data/features/smtlib_desc/minilm/QF_IDL.csv"
  ],
  "seeds": [
    {
      "seed": 0,
      "train_size": 906,
      "test_size": 302,
      "train_metrics": {
        "solved": 818,
        "avg_par2": 279.0976547727674,
        "sbs_name": "Z3-alpha",
        "sbs_solved": 779,
        "sbs_avg_par2": 385.52494302540623,
        "vbs_solved": 825,
        "vbs_avg_par2": 258.1692248171203,
        "gap_cls_solved": 0.8478260869565217,
        "gap_cls_par2": 0.8356694913264959
      },
      "test_metrics": {
        "solved": 273,
        "avg_par2": 269.65758499625827,
        "sbs_name": "Z3-alpha",
        "sbs_solved": 268,
        "sbs_avg_par2": 307.6482111294636,
        "vbs_solved": 276,
        "vbs_avg_par2": 237.45217402473602,
        "gap_cls_solved": 0.625,
        "gap_cls_par2": 0.541207562423018
      }
    },
    {
      "seed": 10,
      "train_size": 906,
      "test_size": 302,
      "train_metrics": {
        "solved": 820,
        "avg_par2": 267.54468012256837,
        "sbs_name": "Z3-alpha",
        "sbs_solved": 796,
        "sbs_avg_par2": 339.86632585396376,
        "vbs_solved": 829,
        "vbs_avg_par2": 242.34921080836904,
        "gap_cls_solved": 0.7272727272727273,
        "gap_cls_par2": 0.741630284054045
      },
      "test_metrics": {
        "solved": 269,
        "avg_par2": 315.5853289632817,
        "sbs_name": "Z3-alpha",
        "sbs_solved": 251,
        "sbs_avg_par2": 444.624062643791,
        "vbs_solved": 272,
        "vbs_avg_par2": 284.9122160509899,
        "gap_cls_solved": 0.8571428571428571,
        "gap_cls_par2": 0.8079471650559804
      }
    },
    {
      "seed": 20,
      "train_size": 906,
      "test_size": 302,
      "train_metrics": {
        "solved": 819,
        "avg_par2": 276.0528368161635,
        "sbs_name": "Z3-alpha",
        "sbs_solved": 787,
        "sbs_avg_par2": 363.56257697702324,
        "vbs_solved": 826,
        "vbs_avg_par2": 254.78138303258658,
        "gap_cls_solved": 0.8205128205128205,
        "gap_cls_par2": 0.8044565148416924
      },
      "test_metrics": {
        "solved": 270,
        "avg_par2": 290.7176881094994,
        "sbs_name": "Z3-alpha",
        "sbs_solved": 260,
        "sbs_avg_par2": 373.5353092746125,
        "vbs_solved": 275,
        "vbs_avg_par2": 247.61569937833735,
        "gap_cls_solved": 0.6666666666666666,
        "gap_cls_par2": 0.6577023327290574
      }
    },
    {
      "seed": 30,
      "train_size": 906,
      "test_size": 302,
      "train_metrics": {
        "solved": 820,
        "avg_par2": 271.98760168378186,
        "sbs_name": "Z3-alpha",
        "sbs_solved": 788,
        "sbs_avg_par2": 360.6810026018898,
        "vbs_solved": 828,
        "vbs_avg_par2": 248.38410483384916,
        "gap_cls_solved": 0.8,
        "gap_cls_par2": 0.7898116749521625
      },
      "test_metrics": {
        "solved": 270,
        "avg_par2": 294.7987312670622,
        "sbs_name": "Z3-alpha",
        "sbs_solved": 259,
        "sbs_avg_par2": 382.18003240001286,
        "vbs_solved": 273,
        "vbs_avg_par2": 266.80753397454953,
        "gap_cls_solved": 0.7857142857142857,
        "gap_cls_par2": 0.7573841454894346
      }
    },
    {
      "seed": 40,
      "train_size": 906,
      "test_size": 302,
      "train_metrics": {
        "solved": 822,
        "avg_par2": 267.84745761760803,
        "sbs_name": "Z3-alpha",
        "sbs_solved": 792,
        "sbs_avg_par2": 346.2876760473596,
        "vbs_solved": 831,
        "vbs_avg_par2": 240.84734760780836,
        "gap_cls_solved": 0.7692307692307693,
        "gap_cls_par2": 0.7439299515718145
      },
      "test_metrics": {
        "solved": 268,
        "avg_par2": 309.57539637096073,
        "sbs_name": "Z3-alpha",
        "sbs_solved": 255,
        "sbs_avg_par2": 425.36001206360356,
        "vbs_solved": 270,
        "vbs_avg_par2": 289.417805652672,
        "gap_cls_solved": 0.8666666666666667,
        "gap_cls_par2": 0.8517194089276764
      }
    }
  ],
  "aggregated": {
    "train": {
      "gap_cls_solved_mean": 0.7929684807945676,
      "gap_cls_solved_std": 0.04170587691862967,
      "gap_cls_par2_mean": 0.783099583349242,
      "gap_cls_par2_std": 0.03610741962203904
    },
    "test": {
      "gap_cls_solved_mean": 0.7602380952380952,
      "gap_cls_solved_std": 0.09839874453045662,
      "gap_cls_par2_mean": 0.7231921229250333,
      "gap_cls_par2_std": 0.1116056160790244
    }
  }
}