{
  "division": "QF_NRA",
  "n_seeds": 5,
  "seed_values": [
    0,
    10,
    20,
    30,
    40
  ],
  "model_type": "SVM",
  "splits_dir": "/home/john-lu/Desktop/smt-select/data/cp26/performance_splits/smtcomp24/QF_NRA",
  "feature_csv_path": "/home/john-lu/Desktop/smt-select/data/features/desc/all-mpnet-base-v2/QF_NRA/features.csv",
  "seeds": [
    {
      "seed": 0,
      "train_size": 2328,
      "test_size": 776,
      "train_metrics": {
        "total_count": 2328,
        "solved": 2174,
        "avg_par2": 175.91640066315497,
        "sbs_solved": 2123,
        "sbs_avg_par2": 228.44645983119491,
        "vbs_solved": 2200,
        "vbs_avg_par2": 141.66833103795628,
        "gap_cls_solved": 0.6623376623376623,
        "gap_cls_par2": 0.6053375418269314
      },
      "test_metrics": {
        "total_count": 776,
        "solved": 716,
        "avg_par2": 203.582882852931,
        "sbs_solved": 690,
        "sbs_avg_par2": 282.29691496267446,
        "vbs_solved": 733,
        "vbs_avg_par2": 146.11193702943822,
        "gap_cls_solved": 0.6046511627906976,
        "gap_cls_par2": 0.5779935004896979
      }
    },
    {
      "seed": 10,
      "train_size": 2328,
      "test_size": 776,
      "train_metrics": {
        "total_count": 2328,
        "solved": 2167,
        "avg_par2": 184.98218756156925,
        "sbs_solved": 2105,
        "sbs_avg_par2": 246.44067750611893,
        "vbs_solved": 2196,
        "vbs_avg_par2": 147.03318296207544,
        "gap_cls_solved": 0.6813186813186813,
        "gap_cls_par2": 0.6182480528902162
      },
      "test_metrics": {
        "total_count": 776,
        "solved": 722,
        "avg_par2": 181.4972040483226,
        "sbs_solved": 708,
        "sbs_avg_par2": 228.3142619379025,
        "vbs_solved": 737,
        "vbs_avg_par2": 130.01738125708076,
        "gap_cls_solved": 0.4827586206896552,
        "gap_cls_par2": 0.47628223363057504
      }
    },
    {
      "seed": 20,
      "train_size": 2328,
      "test_size": 776,
      "train_metrics": {
        "total_count": 2328,
        "solved": 2169,
        "avg_par2": 182.06437194455424,
        "sbs_solved": 2107,
        "sbs_avg_par2": 244.52493277170873,
        "vbs_solved": 2195,
        "vbs_avg_par2": 147.71797247858814,
        "gap_cls_solved": 0.7045454545454546,
        "gap_cls_par2": 0.645207334658902
      },
      "test_metrics": {
        "total_count": 776,
        "solved": 721,
        "avg_par2": 187.88872573360197,
        "sbs_solved": 706,
        "sbs_avg_par2": 234.06149614113298,
        "vbs_solved": 738,
        "vbs_avg_par2": 127.96301270754263,
        "gap_cls_solved": 0.46875,
        "gap_cls_par2": 0.4351878454175236
      }
    },
    {
      "seed": 30,
      "train_size": 2328,
      "test_size": 776,
      "train_metrics": {
        "total_count": 2328,
        "solved": 2163,
        "avg_par2": 187.0153086367145,
        "sbs_solved": 2101,
        "sbs_avg_par2": 250.74497346834673,
        "vbs_solved": 2189,
        "vbs_avg_par2": 153.12528382377576,
        "gap_cls_solved": 0.7045454545454546,
        "gap_cls_par2": 0.6528361754034371
      },
      "test_metrics": {
        "total_count": 776,
        "solved": 727,
        "avg_par2": 171.79338332181547,
        "sbs_solved": 712,
        "sbs_avg_par2": 215.4013740512191,
        "vbs_solved": 744,
        "vbs_avg_par2": 111.7410786719798,
        "gap_cls_solved": 0.46875,
        "gap_cls_par2": 0.42068171395677195
      }
    },
    {
      "seed": 40,
      "train_size": 2328,
      "test_size": 776,
      "train_metrics": {
        "total_count": 2328,
        "solved": 2178,
        "avg_par2": 172.70945154869622,
        "sbs_solved": 2113,
        "sbs_avg_par2": 238.19431467228736,
        "vbs_solved": 2206,
        "vbs_avg_par2": 136.00099773590352,
        "gap_cls_solved": 0.6989247311827957,
        "gap_cls_par2": 0.6407939881661341
      },
      "test_metrics": {
        "total_count": 776,
        "solved": 710,
        "avg_par2": 222.76604446969714,
        "sbs_solved": 700,
        "sbs_avg_par2": 253.05335043939718,
        "vbs_solved": 727,
        "vbs_avg_par2": 163.1139369355965,
        "gap_cls_solved": 0.37037037037037035,
        "gap_cls_par2": 0.3367523179192197
      }
    }
  ],
  "aggregated": {
    "train": {
      "gap_cls_solved_mean": 0.6903343967860097,
      "gap_cls_solved_std": 0.016387815202108344,
      "gap_cls_par2_mean": 0.6324846185891242,
      "gap_cls_par2_std": 0.017803047892748218
    },
    "test": {
      "gap_cls_solved_mean": 0.4790560307701446,
      "gap_cls_solved_std": 0.07458263561497086,
      "gap_cls_par2_mean": 0.4493795222827576,
      "gap_cls_par2_std": 0.07870853362347395
    }
  }
}