{
  "division": "ALIA",
  "n_seeds": 5,
  "seed_values": [
    0,
    10,
    20,
    30,
    40
  ],
  "model_type": "SVM",
  "splits_dir": "/home/john-lu/Desktop/smt-select/data/train_test_splits/ALIA",
  "feature_csv_path": [
    "/home/john-lu/Desktop/smt-select/data/features/syntactic/ALIA/features.csv",
    "/home/john-lu/Desktop/smt-select/data/features/desc/Qwen3-Embedding-0.6B/ALIA/features.csv"
  ],
  "feature_csv_path_per_seed": false,
  "seeds": [
    {
      "seed": 0,
      "train_size": 1152,
      "test_size": 385,
      "train_metrics": {
        "total_count": 1152,
        "solved": 285,
        "avg_par2": 1821.6733412212582,
        "sbs_solved": 217,
        "sbs_avg_par2": 1958.486986079508,
        "vbs_solved": 290,
        "vbs_avg_par2": 1810.9430178216958,
        "gap_cls_solved": 0.9315068493150684,
        "gap_cls_par2": 0.9272737237159524
      },
      "test_metrics": {
        "total_count": 385,
        "solved": 93,
        "avg_par2": 1842.8065554265438,
        "sbs_solved": 80,
        "sbs_avg_par2": 1925.4140992726755,
        "vbs_solved": 100,
        "vbs_avg_par2": 1799.607106712526,
        "gap_cls_solved": 0.65,
        "gap_cls_par2": 0.6566212431048796
      }
    },
    {
      "seed": 10,
      "train_size": 1152,
      "test_size": 385,
      "train_metrics": {
        "total_count": 1152,
        "solved": 283,
        "avg_par2": 1830.0947081289014,
        "sbs_solved": 215,
        "sbs_avg_par2": 1965.7579697006431,
        "vbs_solved": 288,
        "vbs_avg_par2": 1818.4328220716266,
        "gap_cls_solved": 0.9315068493150684,
        "gap_cls_par2": 0.9208425292968927
      },
      "test_metrics": {
        "total_count": 385,
        "solved": 91,
        "avg_par2": 1848.1865396068827,
        "sbs_solved": 82,
        "sbs_avg_par2": 1909.54783782669,
        "vbs_solved": 102,
        "vbs_avg_par2": 1777.1960560737716,
        "gap_cls_solved": 0.45,
        "gap_cls_par2": 0.4636227590374267
      }
    },
    {
      "seed": 20,
      "train_size": 1152,
      "test_size": 385,
      "train_metrics": {
        "total_count": 1152,
        "solved": 293,
        "avg_par2": 1809.297895924193,
        "sbs_solved": 223,
        "sbs_avg_par2": 1947.074880848026,
        "vbs_solved": 298,
        "vbs_avg_par2": 1797.614877462253,
        "gap_cls_solved": 0.9333333333333333,
        "gap_cls_par2": 0.9218318065216092
      },
      "test_metrics": {
        "total_count": 385,
        "solved": 86,
        "avg_par2": 1874.5098747403242,
        "sbs_solved": 71,
        "sbs_avg_par2": 1973.0361225850372,
        "vbs_solved": 92,
        "vbs_avg_par2": 1839.4876721516903,
        "gap_cls_solved": 0.7142857142857143,
        "gap_cls_par2": 0.7377565784178584
      }
    },
    {
      "seed": 30,
      "train_size": 1152,
      "test_size": 385,
      "train_metrics": {
        "total_count": 1152,
        "solved": 293,
        "avg_par2": 1805.2468927697462,
        "sbs_solved": 229,
        "sbs_avg_par2": 1942.6628782965095,
        "vbs_solved": 299,
        "vbs_avg_par2": 1792.6172004929535,
        "gap_cls_solved": 0.9142857142857143,
        "gap_cls_par2": 0.9158276835316257
      },
      "test_metrics": {
        "total_count": 385,
        "solved": 80,
        "avg_par2": 1917.095172665859,
        "sbs_solved": 69,
        "sbs_avg_par2": 1994.2859643889096,
        "vbs_solved": 91,
        "vbs_avg_par2": 1854.4417601221646,
        "gap_cls_solved": 0.5,
        "gap_cls_par2": 0.5519770528052305
      }
    },
    {
      "seed": 40,
      "train_size": 1152,
      "test_size": 385,
      "train_metrics": {
        "total_count": 1152,
        "solved": 286,
        "avg_par2": 1820.5779725765683,
        "sbs_solved": 220,
        "sbs_avg_par2": 1961.0210200132024,
        "vbs_solved": 292,
        "vbs_avg_par2": 1807.294213372571,
        "gap_cls_solved": 0.9166666666666666,
        "gap_cls_par2": 0.9135885308861527
      },
      "test_metrics": {
        "total_count": 385,
        "solved": 89,
        "avg_par2": 1865.3166408723741,
        "sbs_solved": 78,
        "sbs_avg_par2": 1939.3545896937653,
        "vbs_solved": 98,
        "vbs_avg_par2": 1810.52508781744,
        "gap_cls_solved": 0.55,
        "gap_cls_par2": 0.5746971597582256
      }
    }
  ],
  "aggregated": {
    "train": {
      "gap_cls_solved_mean": 0.9254598825831701,
      "gap_cls_solved_std": 0.008213470926748739,
      "gap_cls_par2_mean": 0.9198728547904466,
      "gap_cls_par2_std": 0.00480430554468104
    },
    "test": {
      "gap_cls_solved_mean": 0.572857142857143,
      "gap_cls_solved_std": 0.09682721830188883,
      "gap_cls_par2_mean": 0.5969349586247242,
      "gap_cls_par2_std": 0.09346770213192664
    }
  }
}