{
  "division": "BV",
  "n_seeds": 5,
  "seed_values": [
    0,
    10,
    20,
    30,
    40
  ],
  "model_type": "SVM",
  "splits_dir": "/home/john-lu/Desktop/smt-select/data/cp26/performance_splits/smtcomp24/BV",
  "feature_csv_path": [
    "/home/john-lu/Desktop/smt-select/data/features/syntactic/catalog_all/BV.csv"
  ],
  "seeds": [
    {
      "seed": 0,
      "train_size": 780,
      "test_size": 260,
      "train_metrics": {
        "solved": 755,
        "avg_par2": 92.42803103691624,
        "sbs_name": "cvc5",
        "sbs_solved": 717,
        "sbs_avg_par2": 228.02426085833085,
        "vbs_solved": 756,
        "vbs_avg_par2": 84.73612726397263,
        "gap_cls_solved": 0.9743589743589743,
        "gap_cls_par2": 0.9463186268116311
      },
      "test_metrics": {
        "solved": 240,
        "avg_par2": 208.7692332987593,
        "sbs_name": "cvc5",
        "sbs_solved": 235,
        "sbs_avg_par2": 259.9218850382541,
        "vbs_solved": 246,
        "vbs_avg_par2": 137.09389392141648,
        "gap_cls_solved": 0.45454545454545453,
        "gap_cls_par2": 0.4164576109596785
      }
    },
    {
      "seed": 10,
      "train_size": 780,
      "test_size": 260,
      "train_metrics": {
        "solved": 749,
        "avg_par2": 111.8714029178692,
        "sbs_name": "cvc5",
        "sbs_solved": 712,
        "sbs_avg_par2": 240.39324967535512,
        "vbs_solved": 752,
        "vbs_avg_par2": 97.6815779535473,
        "gap_cls_solved": 0.925,
        "gap_cls_par2": 0.9005699758602607
      },
      "test_metrics": {
        "solved": 239,
        "avg_par2": 206.3407905982297,
        "sbs_name": "cvc5",
        "sbs_solved": 240,
        "sbs_avg_par2": 222.8149185871813,
        "vbs_solved": 250,
        "vbs_avg_par2": 98.25754185269247,
        "gap_cls_solved": -0.1,
        "gap_cls_par2": 0.1322613595505345
      }
    },
    {
      "seed": 20,
      "train_size": 780,
      "test_size": 260,
      "train_metrics": {
        "solved": 751,
        "avg_par2": 101.40145577049623,
        "sbs_name": "cvc5",
        "sbs_solved": 720,
        "sbs_avg_par2": 215.95072717511107,
        "vbs_solved": 752,
        "vbs_avg_par2": 94.11469797483579,
        "gap_cls_solved": 0.96875,
        "gap_cls_par2": 0.9401920938864283
      },
      "test_metrics": {
        "solved": 240,
        "avg_par2": 202.73757420810603,
        "sbs_name": "cvc5",
        "sbs_solved": 232,
        "sbs_avg_par2": 296.1424860879134,
        "vbs_solved": 250,
        "vbs_avg_par2": 108.95818178882698,
        "gap_cls_solved": 0.4444444444444444,
        "gap_cls_par2": 0.49899970101426533
      }
    },
    {
      "seed": 30,
      "train_size": 780,
      "test_size": 260,
      "train_metrics": {
        "solved": 750,
        "avg_par2": 110.09274881278607,
        "sbs_name": "cvc5",
        "sbs_solved": 713,
        "sbs_avg_par2": 238.5362482514528,
        "vbs_solved": 751,
        "vbs_avg_par2": 99.42559507891613,
        "gap_cls_solved": 0.9736842105263158,
        "gap_cls_par2": 0.9233189299985555
      },
      "test_metrics": {
        "solved": 242,
        "avg_par2": 189.01487382960755,
        "sbs_name": "cvc5",
        "sbs_solved": 239,
        "sbs_avg_par2": 228.38592285888825,
        "vbs_solved": 251,
        "vbs_avg_par2": 93.02549047658596,
        "gap_cls_solved": 0.25,
        "gap_cls_par2": 0.29086083973257365
      }
    },
    {
      "seed": 40,
      "train_size": 780,
      "test_size": 260,
      "train_metrics": {
        "solved": 746,
        "avg_par2": 120.751485560021,
        "sbs_name": "cvc5",
        "sbs_solved": 715,
        "sbs_avg_par2": 234.67214455008238,
        "vbs_solved": 748,
        "vbs_avg_par2": 108.70766903136779,
        "gap_cls_solved": 0.9393939393939394,
        "gap_cls_par2": 0.9043871974296129
      },
      "test_metrics": {
        "solved": 248,
        "avg_par2": 139.89742273961713,
        "sbs_name": "cvc5",
        "sbs_solved": 237,
        "sbs_avg_par2": 239.97823396299947,
        "vbs_solved": 254,
        "vbs_avg_par2": 65.17926861923098,
        "gap_cls_solved": 0.6470588235294118,
        "gap_cls_par2": 0.5725480755939164
      }
    }
  ],
  "aggregated": {
    "train": {
      "gap_cls_solved_mean": 0.956237424855846,
      "gap_cls_solved_std": 0.020242653667411407,
      "gap_cls_par2_mean": 0.9229573647972977,
      "gap_cls_par2_std": 0.018379126630799502
    },
    "test": {
      "gap_cls_solved_mean": 0.33920974450386215,
      "gap_cls_solved_std": 0.25298668017144854,
      "gap_cls_par2_mean": 0.38222551737019367,
      "gap_cls_par2_std": 0.15611553854783236
    }
  }
}