{
  "division": "BV",
  "n_seeds": 5,
  "seed_values": [
    0,
    10,
    20,
    30,
    40
  ],
  "model_type": "SVM",
  "splits_dir": "/home/john-lu/Desktop/smt-select/data/cp26/performance_splits/smtcomp24/BV",
  "feature_csv_path": [
    "data/features/syntactic/catalog_all/BV.csv",
    "data/features/smtlib_desc/minilm/BV.csv"
  ],
  "seeds": [
    {
      "seed": 0,
      "train_size": 780,
      "test_size": 260,
      "train_metrics": {
        "solved": 753,
        "avg_par2": 100.68079201278742,
        "sbs_name": "cvc5",
        "sbs_solved": 717,
        "sbs_avg_par2": 228.02426085833085,
        "vbs_solved": 756,
        "vbs_avg_par2": 84.73612726397263,
        "gap_cls_solved": 0.9230769230769231,
        "gap_cls_par2": 0.8887230620649065
      },
      "test_metrics": {
        "solved": 242,
        "avg_par2": 185.20789135451466,
        "sbs_name": "cvc5",
        "sbs_solved": 235,
        "sbs_avg_par2": 259.9218850382541,
        "vbs_solved": 246,
        "vbs_avg_par2": 137.09389392141648,
        "gap_cls_solved": 0.6363636363636364,
        "gap_cls_par2": 0.6082814919008916
      }
    },
    {
      "seed": 10,
      "train_size": 780,
      "test_size": 260,
      "train_metrics": {
        "solved": 745,
        "avg_par2": 122.8861265412678,
        "sbs_name": "cvc5",
        "sbs_solved": 712,
        "sbs_avg_par2": 240.39324967535512,
        "vbs_solved": 752,
        "vbs_avg_par2": 97.6815779535473,
        "gap_cls_solved": 0.825,
        "gap_cls_par2": 0.8233883165712438
      },
      "test_metrics": {
        "solved": 242,
        "avg_par2": 176.75256992845277,
        "sbs_name": "cvc5",
        "sbs_solved": 240,
        "sbs_avg_par2": 222.8149185871813,
        "vbs_solved": 250,
        "vbs_avg_par2": 98.25754185269247,
        "gap_cls_solved": 0.2,
        "gap_cls_par2": 0.3698082752410301
      }
    },
    {
      "seed": 20,
      "train_size": 780,
      "test_size": 260,
      "train_metrics": {
        "solved": 747,
        "avg_par2": 112.95095626529312,
        "sbs_name": "cvc5",
        "sbs_solved": 720,
        "sbs_avg_par2": 215.95072717511107,
        "vbs_solved": 752,
        "vbs_avg_par2": 94.11469797483579,
        "gap_cls_solved": 0.84375,
        "gap_cls_par2": 0.8453966497915482
      },
      "test_metrics": {
        "solved": 241,
        "avg_par2": 197.24458382614762,
        "sbs_name": "cvc5",
        "sbs_solved": 232,
        "sbs_avg_par2": 296.1424860879134,
        "vbs_solved": 250,
        "vbs_avg_par2": 108.95818178882698,
        "gap_cls_solved": 0.5,
        "gap_cls_par2": 0.5283450588022859
      }
    },
    {
      "seed": 30,
      "train_size": 780,
      "test_size": 260,
      "train_metrics": {
        "solved": 749,
        "avg_par2": 112.73908163830906,
        "sbs_name": "cvc5",
        "sbs_solved": 713,
        "sbs_avg_par2": 238.5362482514528,
        "vbs_solved": 751,
        "vbs_avg_par2": 99.42559507891613,
        "gap_cls_solved": 0.9473684210526315,
        "gap_cls_par2": 0.9042957080872848
      },
      "test_metrics": {
        "solved": 246,
        "avg_par2": 150.1257325127694,
        "sbs_name": "cvc5",
        "sbs_solved": 239,
        "sbs_avg_par2": 228.38592285888825,
        "vbs_solved": 251,
        "vbs_avg_par2": 93.02549047658596,
        "gap_cls_solved": 0.5833333333333334,
        "gap_cls_par2": 0.5781614979264132
      }
    },
    {
      "seed": 40,
      "train_size": 780,
      "test_size": 260,
      "train_metrics": {
        "solved": 742,
        "avg_par2": 131.22221423891247,
        "sbs_name": "cvc5",
        "sbs_solved": 715,
        "sbs_avg_par2": 234.67214455008238,
        "vbs_solved": 748,
        "vbs_avg_par2": 108.70766903136779,
        "gap_cls_solved": 0.8181818181818182,
        "gap_cls_par2": 0.8212627400318141
      },
      "test_metrics": {
        "solved": 248,
        "avg_par2": 132.4318496520801,
        "sbs_name": "cvc5",
        "sbs_solved": 237,
        "sbs_avg_par2": 239.97823396299947,
        "vbs_solved": 254,
        "vbs_avg_par2": 65.17926861923098,
        "gap_cls_solved": 0.6470588235294118,
        "gap_cls_par2": 0.6152575565845783
      }
    }
  ],
  "aggregated": {
    "train": {
      "gap_cls_solved_mean": 0.8714754324622745,
      "gap_cls_solved_std": 0.053275387003154415,
      "gap_cls_par2_mean": 0.8566132953093595,
      "gap_cls_par2_std": 0.034011832401890235
    },
    "test": {
      "gap_cls_solved_mean": 0.5133511586452764,
      "gap_cls_solved_std": 0.16509059098492349,
      "gap_cls_par2_mean": 0.5399707760910398,
      "gap_cls_par2_std": 0.0904250169409451
    }
  }
}