{
  "n_splits": 4,
  "n_instances": 2849,
  "model_type": "SVM",
  "folds_dir": "data/foiks26/perf_data/folds/UFLIA",
  "feature_csv_path": "data/features/native_desc/all_mpnet_base_v2/UFLIA.CSV",
  "svm_c": 1.0,
  "folds": [
    {
      "fold": 1,
      "train_size": 2136,
      "test_size": 713,
      "train_metrics": {
        "total_instances": 2136,
        "solved": 1201,
        "solve_rate": 56.22659176029963,
        "avg_par2": 1060.7382050247923,
        "sbs_name": "cvc5",
        "sbs_solved": 1200,
        "sbs_solve_rate": 56.17977528089888,
        "sbs_avg_par2": 1061.6427956784,
        "vbs_solved": 1222,
        "vbs_solve_rate": 57.20973782771536,
        "vbs_avg_par2": 1037.5488694916705,
        "gap_cls_solved": 0.045454545454545456,
        "gap_cls_par2": 0.03754434402252032
      },
      "test_metrics": {
        "total_instances": 713,
        "solved": 424,
        "solve_rate": 59.46704067321178,
        "avg_par2": 988.1591335552716,
        "sbs_name": "cvc5",
        "sbs_solved": 428,
        "sbs_solve_rate": 60.02805049088359,
        "sbs_avg_par2": 975.2054137563464,
        "vbs_solved": 435,
        "vbs_solve_rate": 61.00981767180925,
        "vbs_avg_par2": 951.5058110996556,
        "gap_cls_solved": -0.5714285714285714,
        "gap_cls_par2": -0.5465796193535845
      }
    },
    {
      "fold": 2,
      "train_size": 2137,
      "test_size": 712,
      "train_metrics": {
        "total_instances": 2137,
        "solved": 1226,
        "solve_rate": 57.37014506317267,
        "avg_par2": 1034.021533067244,
        "sbs_name": "cvc5",
        "sbs_solved": 1226,
        "sbs_solve_rate": 57.37014506317267,
        "sbs_avg_par2": 1034.0833343840254,
        "vbs_solved": 1248,
        "vbs_solve_rate": 58.39962564342537,
        "vbs_avg_par2": 1009.8063433592,
        "gap_cls_solved": 0.0,
        "gap_cls_par2": 0.002545674491463412
      },
      "test_metrics": {
        "total_instances": 712,
        "solved": 401,
        "solve_rate": 56.32022471910112,
        "avg_par2": 1061.1344035967495,
        "sbs_name": "cvc5",
        "sbs_solved": 402,
        "sbs_solve_rate": 56.46067415730337,
        "sbs_avg_par2": 1057.8011039307241,
        "vbs_solved": 409,
        "vbs_solve_rate": 57.4438202247191,
        "vbs_avg_par2": 1034.6515067270402,
        "gap_cls_solved": -0.14285714285714285,
        "gap_cls_par2": -0.14398953194291095
      }
    },
    {
      "fold": 3,
      "train_size": 2137,
      "test_size": 712,
      "train_metrics": {
        "total_instances": 2137,
        "solved": 1232,
        "solve_rate": 57.650912494150674,
        "avg_par2": 1028.2287793890553,
        "sbs_name": "cvc5",
        "sbs_solved": 1232,
        "sbs_solve_rate": 57.650912494150674,
        "sbs_avg_par2": 1028.2897069411365,
        "vbs_solved": 1251,
        "vbs_solve_rate": 58.54000935891437,
        "vbs_avg_par2": 1007.9805170064315,
        "gap_cls_solved": 0.0,
        "gap_cls_par2": 0.0029999991273469647
      },
      "test_metrics": {
        "total_instances": 712,
        "solved": 395,
        "solve_rate": 55.47752808988764,
        "avg_par2": 1078.6193430619103,
        "sbs_name": "cvc5",
        "sbs_solved": 396,
        "sbs_solve_rate": 55.61797752808989,
        "sbs_avg_par2": 1075.190123376586,
        "vbs_solved": 406,
        "vbs_solve_rate": 57.02247191011236,
        "vbs_avg_par2": 1040.1315501482006,
        "gap_cls_solved": -0.1,
        "gap_cls_par2": -0.09781401151110995
      }
    },
    {
      "fold": 4,
      "train_size": 2137,
      "test_size": 712,
      "train_metrics": {
        "total_instances": 2137,
        "solved": 1226,
        "solve_rate": 57.37014506317267,
        "avg_par2": 1035.986912532894,
        "sbs_name": "cvc5",
        "sbs_solved": 1226,
        "sbs_solve_rate": 57.37014506317267,
        "sbs_avg_par2": 1036.0370677824426,
        "vbs_solved": 1250,
        "vbs_solve_rate": 58.4932147870847,
        "vbs_avg_par2": 1008.736162755838,
        "gap_cls_solved": 0.0,
        "gap_cls_par2": 0.0018371277252448627
      },
      "test_metrics": {
        "total_instances": 712,
        "solved": 402,
        "solve_rate": 56.46067415730337,
        "avg_par2": 1052.001074192941,
        "sbs_name": "cvc5",
        "sbs_solved": 402,
        "sbs_solve_rate": 56.46067415730337,
        "sbs_avg_par2": 1051.9371597278903,
        "vbs_solved": 407,
        "vbs_solve_rate": 57.16292134831461,
        "vbs_avg_par2": 1037.8635515997712,
        "gap_cls_solved": 0.0,
        "gap_cls_par2": -0.004541441289879917
      }
    }
  ],
  "aggregated": {
    "test_solve_rate_mean": 56.931366909875976,
    "test_solve_rate_std": 1.5114839722309397,
    "test_avg_par2_mean": 1044.978488601718,
    "test_avg_par2_std": 34.17044225064516,
    "test_sbs_solve_rate_mean": 57.14184408339506,
    "test_sbs_solve_rate_std": 1.701495051522997,
    "test_sbs_avg_par2_mean": 1040.0334501978866,
    "test_sbs_avg_par2_std": 38.39288279617805,
    "test_vbs_solve_rate_mean": 58.15975778873883,
    "test_vbs_solve_rate_std": 1.6524610427588533,
    "test_vbs_avg_par2_mean": 1016.038104893667,
    "test_vbs_avg_par2_std": 37.3085777612918,
    "test_gap_cls_solved_mean": -0.20357142857142854,
    "test_gap_cls_solved_std": 0.21861694204004128,
    "test_gap_cls_par2_mean": -0.1982311510243713,
    "test_gap_cls_par2_std": 0.20729695740226411,
    "train_solve_rate_mean": 57.154448595198915,
    "train_solve_rate_std": 0.5478240232101033,
    "train_avg_par2_mean": 1039.7438575034964,
    "train_avg_par2_std": 12.452101070627485,
    "train_sbs_solve_rate_mean": 57.14274447534872,
    "train_sbs_solve_rate_std": 0.5676632935723944,
    "train_sbs_avg_par2_mean": 1040.0132261965011,
    "train_sbs_avg_par2_std": 12.808714146476147,
    "train_vbs_solve_rate_mean": 58.160646904284945,
    "train_vbs_solve_rate_std": 0.5513293431144276,
    "train_vbs_avg_par2_mean": 1016.017973153285,
    "train_vbs_avg_par2_std": 12.447783997664292,
    "train_gap_cls_solved_mean": 0.011363636363636364,
    "train_gap_cls_solved_std": 0.01968239554055542,
    "train_gap_cls_par2_mean": 0.011231786341643889,
    "train_gap_cls_par2_std": 0.015197213248186637
  }
}