{
  "n_splits": 4,
  "n_instances": 2487,
  "model_type": "SVM",
  "folds_dir": "data/foiks26/perf_data/folds/ABV",
  "feature_csv_path": [
    "data/features/syntactic/catalog1/ABV.CSV",
    "data/features/native_desc/all_mpnet_base_v2/ABV.CSV"
  ],
  "svm_c": 1.0,
  "folds": [
    {
      "fold": 1,
      "train_size": 1865,
      "test_size": 622,
      "train_metrics": {
        "total_instances": 1865,
        "solved": 716,
        "solve_rate": 38.39142091152815,
        "avg_par2": 1481.5645124247155,
        "sbs_name": "cvc5",
        "sbs_solved": 636,
        "sbs_solve_rate": 34.101876675603215,
        "sbs_avg_par2": 1583.685236065097,
        "vbs_solved": 734,
        "vbs_solve_rate": 39.35656836461126,
        "vbs_avg_par2": 1457.6074903309695,
        "gap_cls_solved": 0.8163265306122449,
        "gap_cls_par2": 0.8099821506622863
      },
      "test_metrics": {
        "total_instances": 622,
        "solved": 228,
        "solve_rate": 36.655948553054664,
        "avg_par2": 1523.1260638423153,
        "sbs_name": "cvc5",
        "sbs_solved": 201,
        "sbs_solve_rate": 32.31511254019293,
        "sbs_avg_par2": 1626.9784396273642,
        "vbs_solved": 237,
        "vbs_solve_rate": 38.10289389067524,
        "vbs_avg_par2": 1487.8857658271156,
        "gap_cls_solved": 0.75,
        "gap_cls_par2": 0.7466415947556782
      }
    },
    {
      "fold": 2,
      "train_size": 1865,
      "test_size": 622,
      "train_metrics": {
        "total_instances": 1865,
        "solved": 709,
        "solve_rate": 38.016085790884716,
        "avg_par2": 1490.3473532591456,
        "sbs_name": "cvc5",
        "sbs_solved": 626,
        "sbs_solve_rate": 33.565683646112596,
        "sbs_avg_par2": 1596.590542401798,
        "vbs_solved": 722,
        "vbs_solve_rate": 38.71313672922252,
        "vbs_avg_par2": 1473.0210224708078,
        "gap_cls_solved": 0.8645833333333334,
        "gap_cls_par2": 0.8597847527609233
      },
      "test_metrics": {
        "total_instances": 622,
        "solved": 235,
        "solve_rate": 37.78135048231511,
        "avg_par2": 1496.7178719884275,
        "sbs_name": "cvc5",
        "sbs_solved": 211,
        "sbs_solve_rate": 33.92282958199357,
        "sbs_avg_par2": 1588.2832686981878,
        "vbs_solved": 249,
        "vbs_solve_rate": 40.032154340836016,
        "vbs_avg_par2": 1441.6699500058962,
        "gap_cls_solved": 0.631578947368421,
        "gap_cls_par2": 0.6245366896164153
      }
    },
    {
      "fold": 3,
      "train_size": 1865,
      "test_size": 622,
      "train_metrics": {
        "total_instances": 1865,
        "solved": 718,
        "solve_rate": 38.498659517426276,
        "avg_par2": 1478.7923983744486,
        "sbs_name": "cvc5",
        "sbs_solved": 626,
        "sbs_solve_rate": 33.565683646112596,
        "sbs_avg_par2": 1596.526227199201,
        "vbs_solved": 732,
        "vbs_solve_rate": 39.24932975871314,
        "vbs_avg_par2": 1460.023953803874,
        "gap_cls_solved": 0.8679245283018868,
        "gap_cls_par2": 0.8625045275530405
      },
      "test_metrics": {
        "total_instances": 622,
        "solved": 229,
        "solve_rate": 36.81672025723473,
        "avg_par2": 1519.9079809914226,
        "sbs_name": "cvc5",
        "sbs_solved": 211,
        "sbs_solve_rate": 33.92282958199357,
        "sbs_avg_par2": 1588.4761109053318,
        "vbs_solved": 239,
        "vbs_solve_rate": 38.42443729903537,
        "vbs_avg_par2": 1480.6402603979077,
        "gap_cls_solved": 0.6428571428571429,
        "gap_cls_par2": 0.6358565318607888
      }
    },
    {
      "fold": 4,
      "train_size": 1866,
      "test_size": 621,
      "train_metrics": {
        "total_instances": 1866,
        "solved": 706,
        "solve_rate": 37.83494105037513,
        "avg_par2": 1495.428373150306,
        "sbs_name": "cvc5",
        "sbs_solved": 623,
        "sbs_solve_rate": 33.38692390139336,
        "sbs_avg_par2": 1601.245939743628,
        "vbs_solved": 725,
        "vbs_solve_rate": 38.853161843515544,
        "vbs_avg_par2": 1470.0653254103065,
        "gap_cls_solved": 0.8137254901960784,
        "gap_cls_par2": 0.8066555194233682
      },
      "test_metrics": {
        "total_instances": 621,
        "solved": 241,
        "solve_rate": 38.808373590982285,
        "avg_par2": 1470.1057530264247,
        "sbs_name": "cvc5",
        "sbs_solved": 214,
        "sbs_solve_rate": 34.46054750402576,
        "sbs_avg_par2": 1574.2812095781264,
        "vbs_solved": 246,
        "vbs_solve_rate": 39.61352657004831,
        "vbs_avg_par2": 1450.500835098377,
        "gap_cls_solved": 0.84375,
        "gap_cls_par2": 0.8416152963630338
      }
    }
  ],
  "aggregated": {
    "test_solve_rate_mean": 37.5155982208967,
    "test_solve_rate_std": 0.8615858026717578,
    "test_avg_par2_mean": 1502.4644174621476,
    "test_avg_par2_std": 21.279611654610836,
    "test_sbs_solve_rate_mean": 33.655329802051455,
    "test_sbs_solve_rate_std": 0.8043118364624676,
    "test_sbs_avg_par2_mean": 1594.5047572022524,
    "test_sbs_avg_par2_std": 19.612390370196387,
    "test_vbs_solve_rate_mean": 39.04325302514873,
    "test_vbs_solve_rate_std": 0.8016149220251132,
    "test_vbs_avg_par2_mean": 1465.1742028323242,
    "test_vbs_avg_par2_std": 19.511353437630962,
    "test_gap_cls_solved_mean": 0.717046522556391,
    "test_gap_cls_solved_std": 0.08652813608965595,
    "test_gap_cls_par2_mean": 0.712162528148979,
    "test_gap_cls_par2_std": 0.08866752207039962,
    "train_solve_rate_mean": 38.185276817553564,
    "train_solve_rate_std": 0.2702151260245599,
    "train_avg_par2_mean": 1486.5331593021538,
    "train_avg_par2_std": 6.676071758123877,
    "train_sbs_solve_rate_mean": 33.655041967305436,
    "train_sbs_solve_rate_std": 0.26810369866005174,
    "train_sbs_avg_par2_mean": 1594.5119863524308,
    "train_sbs_avg_par2_std": 6.537243522660378,
    "train_vbs_solve_rate_mean": 39.04304917401562,
    "train_vbs_solve_rate_std": 0.2672757854766791,
    "train_vbs_avg_par2_mean": 1465.1794480039894,
    "train_vbs_avg_par2_std": 6.5053007539552965,
    "train_gap_cls_solved_mean": 0.8406399706108858,
    "train_gap_cls_solved_std": 0.025657671013845036,
    "train_gap_cls_par2_mean": 0.8347317375999046,
    "train_gap_cls_par2_std": 0.026456556423306667
  }
}