{
  "division": "QF_NRA",
  "n_seeds": 5,
  "seed_values": [
    0,
    10,
    20,
    30,
    40
  ],
  "model_type": "machsmt_pwc",
  "splits_dir": "/lustre06/project/6001884/jchen688/SMT_AS_LM/data/cp26/performance_splits/smtcomp24/QF_NRA",
  "benchmark_root": "/lustre07/scratch/jchen688/smtlib24/non-incremental",
  "seeds": [
    {
      "seed": 0,
      "train_size": 2328,
      "test_size": 776,
      "train_metrics": {
        "total_count": 2328,
        "solved": 444,
        "avg_par2": 1945.2888978053973,
        "sbs_solved": 2123,
        "sbs_avg_par2": 228.44645983119506,
        "vbs_solved": 2200,
        "vbs_avg_par2": 141.6683310379564,
        "gap_cls_solved": -21.805194805194805,
        "gap_cls_par2": -19.784275852096624
      },
      "test_metrics": {
        "total_count": 776,
        "solved": 174,
        "avg_par2": 1872.7736320069275,
        "sbs_solved": 690,
        "sbs_avg_par2": 282.29691496267446,
        "vbs_solved": 733,
        "vbs_avg_par2": 146.11193702943822,
        "gap_cls_solved": -12.0,
        "gap_cls_par2": -11.678797039009497
      },
      "train_eval_stats": {
        "total": 2328,
        "file_not_found": 0,
        "feature_timeout": 0,
        "parse_fail": 0
      },
      "test_eval_stats": {
        "total": 776,
        "file_not_found": 0,
        "feature_timeout": 0,
        "parse_fail": 0
      },
      "train_stats": {
        "parsing_time": 427.6939504146576,
        "training_time": 2.051179885864258,
        "total_benchmarks": 2328,
        "loaded_benchmarks": 2328,
        "skipped_benchmarks": 0,
        "feature_timeout_count": 0
      }
    },
    {
      "seed": 10,
      "train_size": 2328,
      "test_size": 776,
      "train_metrics": {
        "total_count": 2328,
        "solved": 471,
        "avg_par2": 1918.6251019084368,
        "sbs_solved": 2105,
        "sbs_avg_par2": 246.440677506119,
        "vbs_solved": 2196,
        "vbs_avg_par2": 147.0331829620754,
        "gap_cls_solved": -17.956043956043956,
        "gap_cls_par2": -16.821512624095337
      },
      "test_metrics": {
        "total_count": 776,
        "solved": 166,
        "avg_par2": 1895.0679566655824,
        "sbs_solved": 708,
        "sbs_avg_par2": 228.3142619379025,
        "vbs_solved": 737,
        "vbs_avg_par2": 130.01738125708076,
        "gap_cls_solved": -18.689655172413794,
        "gap_cls_par2": -16.956323366351466
      },
      "train_eval_stats": {
        "total": 2328,
        "file_not_found": 0,
        "feature_timeout": 0,
        "parse_fail": 0
      },
      "test_eval_stats": {
        "total": 776,
        "file_not_found": 0,
        "feature_timeout": 0,
        "parse_fail": 0
      },
      "train_stats": {
        "parsing_time": 289.0669529438019,
        "training_time": 1.9935142993927002,
        "total_benchmarks": 2328,
        "loaded_benchmarks": 2328,
        "skipped_benchmarks": 0,
        "feature_timeout_count": 0
      }
    },
    {
      "seed": 20,
      "train_size": 2328,
      "test_size": 776,
      "train_metrics": {
        "total_count": 2328,
        "solved": 479,
        "avg_par2": 1911.9720188955012,
        "sbs_solved": 2107,
        "sbs_avg_par2": 244.52493277170882,
        "vbs_solved": 2195,
        "vbs_avg_par2": 147.71797247858828,
        "gap_cls_solved": -18.5,
        "gap_cls_par2": -17.22445453379541
      },
      "test_metrics": {
        "total_count": 776,
        "solved": 160,
        "avg_par2": 1907.7246281574453,
        "sbs_solved": 706,
        "sbs_avg_par2": 234.06149614113298,
        "vbs_solved": 738,
        "vbs_avg_par2": 127.96301270754263,
        "gap_cls_solved": -17.0625,
        "gap_cls_par2": -15.774618805592064
      },
      "train_eval_stats": {
        "total": 2328,
        "file_not_found": 0,
        "feature_timeout": 0,
        "parse_fail": 0
      },
      "test_eval_stats": {
        "total": 776,
        "file_not_found": 0,
        "feature_timeout": 0,
        "parse_fail": 0
      },
      "train_stats": {
        "parsing_time": 177.11885571479797,
        "training_time": 1.9855883121490479,
        "total_benchmarks": 2328,
        "loaded_benchmarks": 2328,
        "skipped_benchmarks": 0,
        "feature_timeout_count": 0
      }
    },
    {
      "seed": 30,
      "train_size": 2328,
      "test_size": 776,
      "train_metrics": {
        "total_count": 2328,
        "solved": 448,
        "avg_par2": 1942.5311930544567,
        "sbs_solved": 2101,
        "sbs_avg_par2": 250.74497346834693,
        "vbs_solved": 2189,
        "vbs_avg_par2": 153.1252838237759,
        "gap_cls_solved": -18.78409090909091,
        "gap_cls_par2": -17.330379001877887
      },
      "test_metrics": {
        "total_count": 776,
        "solved": 172,
        "avg_par2": 1873.0263445649675,
        "sbs_solved": 712,
        "sbs_avg_par2": 215.4013740512191,
        "vbs_solved": 744,
        "vbs_avg_par2": 111.7410786719798,
        "gap_cls_solved": -16.875,
        "gap_cls_par2": -15.99093427670988
      },
      "train_eval_stats": {
        "total": 2328,
        "file_not_found": 0,
        "feature_timeout": 0,
        "parse_fail": 0
      },
      "test_eval_stats": {
        "total": 776,
        "file_not_found": 0,
        "feature_timeout": 0,
        "parse_fail": 0
      },
      "train_stats": {
        "parsing_time": 276.3647255897522,
        "training_time": 2.1009020805358887,
        "total_benchmarks": 2328,
        "loaded_benchmarks": 2328,
        "skipped_benchmarks": 0,
        "feature_timeout_count": 0
      }
    },
    {
      "seed": 40,
      "train_size": 2328,
      "test_size": 776,
      "train_metrics": {
        "total_count": 2328,
        "solved": 485,
        "avg_par2": 1904.7358803440156,
        "sbs_solved": 2113,
        "sbs_avg_par2": 238.19431467228802,
        "vbs_solved": 2206,
        "vbs_avg_par2": 136.00099773590355,
        "gap_cls_solved": -17.50537634408602,
        "gap_cls_par2": -16.3077353356595
      },
      "test_metrics": {
        "total_count": 776,
        "solved": 158,
        "avg_par2": 1918.2069236182833,
        "sbs_solved": 700,
        "sbs_avg_par2": 253.05335043939718,
        "vbs_solved": 727,
        "vbs_avg_par2": 163.1139369355965,
        "gap_cls_solved": -20.074074074074073,
        "gap_cls_par2": -18.51416979841124
      },
      "train_eval_stats": {
        "total": 2328,
        "file_not_found": 0,
        "feature_timeout": 0,
        "parse_fail": 0
      },
      "test_eval_stats": {
        "total": 776,
        "file_not_found": 0,
        "feature_timeout": 0,
        "parse_fail": 0
      },
      "train_stats": {
        "parsing_time": 280.8315165042877,
        "training_time": 1.990234136581421,
        "total_benchmarks": 2328,
        "loaded_benchmarks": 2328,
        "skipped_benchmarks": 0,
        "feature_timeout_count": 0
      }
    }
  ],
  "aggregated": {
    "train": {
      "gap_cls_solved_mean": -18.910141202883135,
      "gap_cls_solved_std": 1.51321549741355,
      "gap_cls_par2_mean": -17.493671469504953,
      "gap_cls_par2_std": 1.2003543354382844
    },
    "test": {
      "gap_cls_solved_mean": -16.940245849297575,
      "gap_cls_solved_std": 2.731539656381661,
      "gap_cls_par2_mean": -15.782968657214829,
      "gap_cls_par2_std": 2.268204798413139
    }
  }
}