{
  "division": "QF_NRA",
  "n_seeds": 5,
  "seed_values": [
    0,
    10,
    20,
    30,
    40
  ],
  "model_type": "machsmt_pwc",
  "splits_dir": "/lustre06/project/6001884/jchen688/SMT_AS_LM/data/cp26/performance_splits/smtcomp24/QF_NRA",
  "benchmark_root": "/lustre07/scratch/jchen688/smtlib24/non-incremental",
  "seeds": [
    {
      "seed": 0,
      "train_size": 2328,
      "test_size": 776,
      "train_metrics": {
        "total_count": 2328,
        "solved": 2125,
        "avg_par2": 229.85988840520454,
        "sbs_solved": 2123,
        "sbs_avg_par2": 228.44645983119506,
        "vbs_solved": 2200,
        "vbs_avg_par2": 141.6683310379564,
        "gap_cls_solved": 0.025974025974025976,
        "gap_cls_par2": -0.01628784341936184
      },
      "test_metrics": {
        "total_count": 776,
        "solved": 698,
        "avg_par2": 256.9364575869648,
        "sbs_solved": 690,
        "sbs_avg_par2": 282.29691496267446,
        "vbs_solved": 733,
        "vbs_avg_par2": 146.11193702943822,
        "gap_cls_solved": 0.18604651162790697,
        "gap_cls_par2": 0.18622066662993061
      },
      "train_eval_stats": {
        "total": 2328,
        "file_not_found": 0,
        "feature_timeout": 0,
        "parse_fail": 0
      },
      "test_eval_stats": {
        "total": 776,
        "file_not_found": 0,
        "feature_timeout": 0,
        "parse_fail": 0
      },
      "train_stats": {
        "parsing_time": 12187.777861356735,
        "training_time": 3.2756917476654053,
        "total_benchmarks": 2328,
        "loaded_benchmarks": 2328,
        "skipped_benchmarks": 0,
        "feature_timeout_count": 0
      }
    },
    {
      "seed": 10,
      "train_size": 2328,
      "test_size": 776,
      "train_metrics": {
        "total_count": 2328,
        "solved": 2088,
        "avg_par2": 258.0293944216671,
        "sbs_solved": 2105,
        "sbs_avg_par2": 246.440677506119,
        "vbs_solved": 2196,
        "vbs_avg_par2": 147.0331829620754,
        "gap_cls_solved": -0.18681318681318682,
        "gap_cls_par2": -0.11657789957087815
      },
      "test_metrics": {
        "total_count": 776,
        "solved": 703,
        "avg_par2": 235.37846823769584,
        "sbs_solved": 708,
        "sbs_avg_par2": 228.3142619379025,
        "vbs_solved": 737,
        "vbs_avg_par2": 130.01738125708076,
        "gap_cls_solved": -0.1724137931034483,
        "gap_cls_par2": -0.07186602719094835
      },
      "train_eval_stats": {
        "total": 2328,
        "file_not_found": 0,
        "feature_timeout": 0,
        "parse_fail": 0
      },
      "test_eval_stats": {
        "total": 776,
        "file_not_found": 0,
        "feature_timeout": 0,
        "parse_fail": 0
      },
      "train_stats": {
        "parsing_time": 630.2009444236755,
        "training_time": 2.7912964820861816,
        "total_benchmarks": 2328,
        "loaded_benchmarks": 2328,
        "skipped_benchmarks": 0,
        "feature_timeout_count": 0
      }
    },
    {
      "seed": 20,
      "train_size": 2328,
      "test_size": 776,
      "train_metrics": {
        "total_count": 2328,
        "solved": 2093,
        "avg_par2": 253.2146840865074,
        "sbs_solved": 2107,
        "sbs_avg_par2": 244.52493277170882,
        "vbs_solved": 2195,
        "vbs_avg_par2": 147.71797247858828,
        "gap_cls_solved": -0.1590909090909091,
        "gap_cls_par2": -0.08976370385442313
      },
      "test_metrics": {
        "total_count": 776,
        "solved": 700,
        "avg_par2": 244.72798403313303,
        "sbs_solved": 706,
        "sbs_avg_par2": 234.06149614113298,
        "vbs_solved": 738,
        "vbs_avg_par2": 127.96301270754263,
        "gap_cls_solved": -0.1875,
        "gap_cls_par2": -0.10053383938024399
      },
      "train_eval_stats": {
        "total": 2328,
        "file_not_found": 0,
        "feature_timeout": 0,
        "parse_fail": 0
      },
      "test_eval_stats": {
        "total": 776,
        "file_not_found": 0,
        "feature_timeout": 0,
        "parse_fail": 0
      },
      "train_stats": {
        "parsing_time": 255.73888516426086,
        "training_time": 2.776597023010254,
        "total_benchmarks": 2328,
        "loaded_benchmarks": 2328,
        "skipped_benchmarks": 0,
        "feature_timeout_count": 0
      }
    },
    {
      "seed": 30,
      "train_size": 2328,
      "test_size": 776,
      "train_metrics": {
        "total_count": 2328,
        "solved": 2078,
        "avg_par2": 267.180893121964,
        "sbs_solved": 2101,
        "sbs_avg_par2": 250.74497346834693,
        "vbs_solved": 2189,
        "vbs_avg_par2": 153.1252838237759,
        "gap_cls_solved": -0.26136363636363635,
        "gap_cls_par2": -0.16836685010431332
      },
      "test_metrics": {
        "total_count": 776,
        "solved": 707,
        "avg_par2": 227.7620428144479,
        "sbs_solved": 712,
        "sbs_avg_par2": 215.4013740512191,
        "vbs_solved": 744,
        "vbs_avg_par2": 111.7410786719798,
        "gap_cls_solved": -0.15625,
        "gap_cls_par2": -0.11924207545432434
      },
      "train_eval_stats": {
        "total": 2328,
        "file_not_found": 0,
        "feature_timeout": 0,
        "parse_fail": 0
      },
      "test_eval_stats": {
        "total": 776,
        "file_not_found": 0,
        "feature_timeout": 0,
        "parse_fail": 0
      },
      "train_stats": {
        "parsing_time": 388.6466007232666,
        "training_time": 2.9300808906555176,
        "total_benchmarks": 2328,
        "loaded_benchmarks": 2328,
        "skipped_benchmarks": 0,
        "feature_timeout_count": 0
      }
    },
    {
      "seed": 40,
      "train_size": 2328,
      "test_size": 776,
      "train_metrics": {
        "total_count": 2328,
        "solved": 2103,
        "avg_par2": 242.13028610469928,
        "sbs_solved": 2113,
        "sbs_avg_par2": 238.19431467228802,
        "vbs_solved": 2206,
        "vbs_avg_par2": 136.00099773590355,
        "gap_cls_solved": -0.10752688172043011,
        "gap_cls_par2": -0.03851495920091736
      },
      "test_metrics": {
        "total_count": 776,
        "solved": 692,
        "avg_par2": 270.33131977560515,
        "sbs_solved": 700,
        "sbs_avg_par2": 253.05335043939718,
        "vbs_solved": 727,
        "vbs_avg_par2": 163.1139369355965,
        "gap_cls_solved": -0.2962962962962963,
        "gap_cls_par2": -0.19210676013000508
      },
      "train_eval_stats": {
        "total": 2328,
        "file_not_found": 0,
        "feature_timeout": 0,
        "parse_fail": 0
      },
      "test_eval_stats": {
        "total": 776,
        "file_not_found": 0,
        "feature_timeout": 0,
        "parse_fail": 0
      },
      "train_stats": {
        "parsing_time": 396.24422550201416,
        "training_time": 2.945836305618286,
        "total_benchmarks": 2328,
        "loaded_benchmarks": 2328,
        "skipped_benchmarks": 0,
        "feature_timeout_count": 0
      }
    }
  ],
  "aggregated": {
    "train": {
      "gap_cls_solved_mean": -0.13776411760282728,
      "gap_cls_solved_std": 0.09577259979689837,
      "gap_cls_par2_mean": -0.08590225122997876,
      "gap_cls_par2_std": 0.054494105196214906
    },
    "test": {
      "gap_cls_solved_mean": -0.1252827155543675,
      "gap_cls_solved_std": 0.16323163551024747,
      "gap_cls_par2_mean": -0.05950560710511823,
      "gap_cls_par2_std": 0.12912707606570914
    }
  }
}