{
  "n_splits": 4,
  "n_instances": 2279,
  "fusion_method": "fixed_alpha",
  "model_type": "Fusion_SVM_fixed_alpha",
  "folds_dir": "data/perf_data/folds/UFLIA",
  "feature_csv_synt": "data/features/syntactic/catalog0/UFLIA.CSV",
  "feature_csv_desc": "data/features/native_desc/all_mpnet_base_v2/UFLIA.csv",
  "alpha_candidates": [
    0.0,
    0.05,
    0.1,
    0.15,
    0.2,
    0.25,
    0.3,
    0.35,
    0.4,
    0.45,
    0.5,
    0.55,
    0.6,
    0.65,
    0.7,
    0.75,
    0.8,
    0.85,
    0.9,
    0.95,
    1.0
  ],
  "folds": [
    {
      "fold": 1,
      "train_size": 1709,
      "test_size": 570,
      "best_alpha": 1.0,
      "alpha_tuning_results": {
        "0.0": 0.04598940573977087,
        "0.05": 0.04598940573977087,
        "0.1": 0.04598940573977087,
        "0.15": 0.04598940573977087,
        "0.2": 0.04598940573977087,
        "0.25": 0.04598940573977087,
        "0.3": 0.04598940573977087,
        "0.35": 0.04598940573977087,
        "0.4": 0.04598940573977087,
        "0.45": 0.04598940573977087,
        "0.5": 0.04598940573977087,
        "0.55": 0.04598940573977087,
        "0.6": 0.04598940573977087,
        "0.65": 0.04598940573977087,
        "0.7": 0.04598940573977087,
        "0.75": 0.04598940573977087,
        "0.8": 0.04598940573977087,
        "0.85": 0.08347293021471526,
        "0.9": 0.13903525537913355,
        "0.95": 0.34695033822262167,
        "1.0": 0.9833468305111341
      },
      "train_metrics": {
        "total_instances": 1709,
        "solved": 984,
        "solve_rate": 57.577530719719135,
        "avg_par2": 1028.8270736996892,
        "sbs_name": "cvc5",
        "sbs_solved": 966,
        "sbs_solve_rate": 56.52428320655354,
        "sbs_avg_par2": 1053.0101597919966,
        "vbs_solved": 984,
        "vbs_solve_rate": 57.577530719719135,
        "vbs_avg_par2": 1028.4175284416344,
        "gap_cls_solved": 1.0,
        "gap_cls_par2": 0.9833468305111341
      },
      "test_metrics": {
        "total_instances": 570,
        "solved": 319,
        "solve_rate": 55.96491228070175,
        "avg_par2": 1069.4627532614743,
        "sbs_name": "cvc5",
        "sbs_solved": 317,
        "sbs_solve_rate": 55.614035087719294,
        "sbs_avg_par2": 1078.5100439894866,
        "vbs_solved": 323,
        "vbs_solve_rate": 56.666666666666664,
        "vbs_avg_par2": 1051.8697361075137,
        "gap_cls_solved": 0.3333333333333333,
        "gap_cls_par2": 0.33960909040899173
      }
    },
    {
      "fold": 2,
      "train_size": 1709,
      "test_size": 570,
      "best_alpha": 1.0,
      "alpha_tuning_results": {
        "0.0": 0.044287181721413015,
        "0.05": 0.044287181721413015,
        "0.1": 0.044287181721413015,
        "0.15": 0.044287181721413015,
        "0.2": 0.044287181721413015,
        "0.25": 0.044287181721413015,
        "0.3": 0.044287181721413015,
        "0.35": 0.044287181721413015,
        "0.4": 0.044287181721413015,
        "0.45": 0.044287181721413015,
        "0.5": -0.0119060821503761,
        "0.55": -0.0119060821503761,
        "0.6": -0.0119060821503761,
        "0.65": -0.012296911354293519,
        "0.7": -0.012296911354293519,
        "0.75": -0.011620104127522683,
        "0.8": -0.014109637888019675,
        "0.85": -0.014109637888019675,
        "0.9": 0.21509473735967038,
        "0.95": 0.9371852250210105,
        "1.0": 0.9938318938398755
      },
      "train_metrics": {
        "total_instances": 1709,
        "solved": 971,
        "solve_rate": 56.81685196021065,
        "avg_par2": 1046.4576924494406,
        "sbs_name": "cvc5",
        "sbs_solved": 954,
        "sbs_solve_rate": 55.82211819777648,
        "sbs_avg_par2": 1071.2919229118584,
        "vbs_solved": 971,
        "vbs_solve_rate": 56.81685196021065,
        "vbs_avg_par2": 1046.3035615840029,
        "gap_cls_solved": 1.0,
        "gap_cls_par2": 0.9938318938398755
      },
      "test_metrics": {
        "total_instances": 570,
        "solved": 327,
        "solve_rate": 57.36842105263158,
        "avg_par2": 1037.0006335084638,
        "sbs_name": "cvc5",
        "sbs_solved": 329,
        "sbs_solve_rate": 57.719298245614034,
        "sbs_avg_par2": 1023.6968278985331,
        "vbs_solved": 336,
        "vbs_solve_rate": 58.94736842105262,
        "vbs_avg_par2": 998.243015685921,
        "gap_cls_solved": -0.2857142857142857,
        "gap_cls_par2": -0.5226645619448232
      }
    },
    {
      "fold": 3,
      "train_size": 1709,
      "test_size": 570,
      "best_alpha": 1.0,
      "alpha_tuning_results": {
        "0.0": 0.005051649462086619,
        "0.05": 0.005051649462086619,
        "0.1": 0.005051649462086619,
        "0.15": 0.005051649462086619,
        "0.2": 0.005051649462086619,
        "0.25": 0.005051649462086619,
        "0.3": 0.005051649462086619,
        "0.35": 0.005051649462086619,
        "0.4": 0.005051649462086619,
        "0.45": 0.005051649462086619,
        "0.5": 0.005051649462086619,
        "0.55": 0.005051649462086619,
        "0.6": 0.005051649462086619,
        "0.65": 0.005051649462086619,
        "0.7": 0.005051649462086619,
        "0.75": 0.005051649462086619,
        "0.8": 0.005051649462086619,
        "0.85": 0.04190926240858461,
        "0.9": 0.19601363066364488,
        "0.95": 0.7666775427878909,
        "1.0": 0.9911729503810423
      },
      "train_metrics": {
        "total_instances": 1709,
        "solved": 975,
        "solve_rate": 57.05090696313634,
        "avg_par2": 1041.8940915068704,
        "sbs_name": "cvc5",
        "sbs_solved": 957,
        "sbs_solve_rate": 55.99765944997074,
        "sbs_avg_par2": 1066.6835851406395,
        "vbs_solved": 975,
        "vbs_solve_rate": 57.05090696313634,
        "vbs_avg_par2": 1041.6733246969509,
        "gap_cls_solved": 1.0,
        "gap_cls_par2": 0.9911729503810423
      },
      "test_metrics": {
        "total_instances": 570,
        "solved": 328,
        "solve_rate": 57.54385964912281,
        "avg_par2": 1029.5402604934466,
        "sbs_name": "cvc5",
        "sbs_solved": 326,
        "sbs_solve_rate": 57.19298245614035,
        "sbs_avg_par2": 1037.5137564090824,
        "vbs_solved": 332,
        "vbs_solve_rate": 58.245614035087726,
        "vbs_avg_par2": 1012.1256031244678,
        "gap_cls_solved": 0.3333333333333333,
        "gap_cls_par2": 0.31406364323740754
      }
    },
    {
      "fold": 4,
      "train_size": 1710,
      "test_size": 569,
      "best_alpha": 1.0,
      "alpha_tuning_results": {
        "0.0": 0.043021973917560664,
        "0.05": 0.043021973917560664,
        "0.1": 0.043021973917560664,
        "0.15": 0.043021973917560664,
        "0.2": 0.043021973917560664,
        "0.25": 0.043021973917560664,
        "0.3": 0.043021973917560664,
        "0.35": 0.043021973917560664,
        "0.4": 0.043021973917560664,
        "0.45": 0.043021973917560664,
        "0.5": 0.043021973917560664,
        "0.55": 0.043021973917560664,
        "0.6": 0.043021973917560664,
        "0.65": 0.043021973917560664,
        "0.7": 0.043021973917560664,
        "0.75": 0.043021973917560664,
        "0.8": 0.043021973917560664,
        "0.85": 0.043021973917560664,
        "0.9": 0.15561489685461324,
        "0.95": 0.38648393708979945,
        "1.0": 0.9832757302741717
      },
      "train_metrics": {
        "total_instances": 1710,
        "solved": 991,
        "solve_rate": 57.953216374269005,
        "avg_par2": 1021.1780631189555,
        "sbs_name": "cvc5",
        "sbs_solved": 972,
        "sbs_solve_rate": 56.84210526315789,
        "sbs_avg_par2": 1046.5735427657007,
        "vbs_solved": 991,
        "vbs_solve_rate": 57.953216374269005,
        "vbs_avg_par2": 1020.7461183059675,
        "gap_cls_solved": 1.0,
        "gap_cls_par2": 0.9832757302741717
      },
      "test_metrics": {
        "total_instances": 569,
        "solved": 313,
        "solve_rate": 55.008787346221446,
        "avg_par2": 1091.8100057710894,