{
  "division": "QF_IDL",
  "n_seeds": 5,
  "seed_values": [
    0,
    10,
    20,
    30,
    40
  ],
  "model_type": "SVM",
  "splits_dir": "/home/john-lu/Desktop/smt-select/data/cp26/performance_splits/smtcomp24/QF_IDL",
  "feature_csv_path": [
    "data/features/smtlib_desc/qwen3_0.6/QF_IDL.csv"
  ],
  "seeds": [
    {
      "seed": 0,
      "train_size": 906,
      "test_size": 302,
      "train_metrics": {
        "solved": 818,
        "avg_par2": 284.38506918795684,
        "sbs_name": "Z3-alpha",
        "sbs_solved": 779,
        "sbs_avg_par2": 385.52494302540623,
        "vbs_solved": 825,
        "vbs_avg_par2": 258.1692248171203,
        "gap_cls_solved": 0.8478260869565217,
        "gap_cls_par2": 0.794152592913328
      },
      "test_metrics": {
        "solved": 268,
        "avg_par2": 300.5081147163017,
        "sbs_name": "Z3-alpha",
        "sbs_solved": 268,
        "sbs_avg_par2": 307.6482111294636,
        "vbs_solved": 276,
        "vbs_avg_par2": 237.45217402473602,
        "gap_cls_solved": 0.0,
        "gap_cls_par2": 0.1017165171661956
      }
    },
    {
      "seed": 10,
      "train_size": 906,
      "test_size": 302,
      "train_metrics": {
        "solved": 823,
        "avg_par2": 265.23512096958933,
        "sbs_name": "Z3-alpha",
        "sbs_solved": 796,
        "sbs_avg_par2": 339.86632585396376,
        "vbs_solved": 829,
        "vbs_avg_par2": 242.34921080836904,
        "gap_cls_solved": 0.8181818181818182,
        "gap_cls_par2": 0.7653139128396093
      },
      "test_metrics": {
        "solved": 264,
        "avg_par2": 350.43940824685455,
        "sbs_name": "Z3-alpha",
        "sbs_solved": 251,
        "sbs_avg_par2": 444.624062643791,
        "vbs_solved": 272,
        "vbs_avg_par2": 284.9122160509899,
        "gap_cls_solved": 0.6190476190476191,
        "gap_cls_par2": 0.5897161444577634
      }
    },
    {
      "seed": 20,
      "train_size": 906,
      "test_size": 302,
      "train_metrics": {
        "solved": 817,
        "avg_par2": 284.3409432158225,
        "sbs_name": "Z3-alpha",
        "sbs_solved": 787,
        "sbs_avg_par2": 363.56257697702324,
        "vbs_solved": 826,
        "vbs_avg_par2": 254.78138303258658,
        "gap_cls_solved": 0.7692307692307693,
        "gap_cls_par2": 0.7282658967841962
      },
      "test_metrics": {
        "solved": 268,
        "avg_par2": 304.2444642280264,
        "sbs_name": "Z3-alpha",
        "sbs_solved": 260,
        "sbs_avg_par2": 373.5353092746125,
        "vbs_solved": 275,
        "vbs_avg_par2": 247.61569937833735,
        "gap_cls_solved": 0.5333333333333333,
        "gap_cls_par2": 0.5502784284645071
      }
    },
    {
      "seed": 30,
      "train_size": 906,
      "test_size": 302,
      "train_metrics": {
        "solved": 818,
        "avg_par2": 279.6455760638688,
        "sbs_name": "Z3-alpha",
        "sbs_solved": 788,
        "sbs_avg_par2": 360.6810026018898,
        "vbs_solved": 828,
        "vbs_avg_par2": 248.38410483384916,
        "gap_cls_solved": 0.75,
        "gap_cls_par2": 0.7216176773236155
      },
      "test_metrics": {
        "solved": 268,
        "avg_par2": 311.3431476444866,
        "sbs_name": "Z3-alpha",
        "sbs_solved": 259,
        "sbs_avg_par2": 382.18003240001286,
        "vbs_solved": 273,
        "vbs_avg_par2": 266.80753397454953,
        "gap_cls_solved": 0.6428571428571429,
        "gap_cls_par2": 0.6139841445948283
      }
    },
    {
      "seed": 40,
      "train_size": 906,
      "test_size": 302,
      "train_metrics": {
        "solved": 822,
        "avg_par2": 270.740044677034,
        "sbs_name": "Z3-alpha",
        "sbs_solved": 792,
        "sbs_avg_par2": 346.2876760473596,
        "vbs_solved": 831,
        "vbs_avg_par2": 240.84734760780836,
        "gap_cls_solved": 0.7692307692307693,
        "gap_cls_par2": 0.716496548221935
      },
      "test_metrics": {
        "solved": 263,
        "avg_par2": 345.34280661441136,
        "sbs_name": "Z3-alpha",
        "sbs_solved": 255,
        "sbs_avg_par2": 425.36001206360356,
        "vbs_solved": 270,
        "vbs_avg_par2": 289.417805652672,
        "gap_cls_solved": 0.5333333333333333,
        "gap_cls_par2": 0.5886119371000421
      }
    }
  ],
  "aggregated": {
    "train": {
      "gap_cls_solved_mean": 0.7908938887199757,
      "gap_cls_solved_std": 0.03632298973655361,
      "gap_cls_par2_mean": 0.7451693256165368,
      "gap_cls_par2_std": 0.02989213634580413
    },
    "test": {
      "gap_cls_solved_mean": 0.46571428571428564,
      "gap_cls_solved_std": 0.23703382461919953,
      "gap_cls_par2_mean": 0.48886143435666735,
      "gap_cls_par2_std": 0.194643654936982
    }
  }
}