{
  "n_splits": 4,
  "n_instances": 5023,
  "fusion_method": "fixed_alpha",
  "model_type": "Fusion_SVM_fixed_alpha",
  "folds_dir": "data/perf_data/folds/UFNIA",
  "feature_csv_synt": "data/features/syntactic/catalog0/UFNIA.CSV",
  "feature_csv_desc": "data/features/native_desc/all_mpnet_base_v2/UFNIA.csv",
  "alpha_candidates": [
    0.0,
    0.05,
    0.1,
    0.15,
    0.2,
    0.25,
    0.3,
    0.35,
    0.4,
    0.45,
    0.5,
    0.55,
    0.6,
    0.65,
    0.7,
    0.75,
    0.8,
    0.85,
    0.9,
    0.95,
    1.0
  ],
  "folds": [
    {
      "fold": 1,
      "train_size": 3767,
      "test_size": 1256,
      "best_alpha": 1.0,
      "alpha_tuning_results": {
        "0.0": -0.0,
        "0.05": -0.0,
        "0.1": -0.0,
        "0.15": -0.0,
        "0.2": -0.0,
        "0.25": -0.0,
        "0.3": -0.0,
        "0.35": -0.0,
        "0.4": -0.0,
        "0.45": -0.0,
        "0.5": -0.0,
        "0.55": -0.0,
        "0.6": -0.0,
        "0.65": -0.0,
        "0.7": -0.0,
        "0.75": -0.0,
        "0.8": -0.0,
        "0.85": -0.0,
        "0.9": -0.0,
        "0.95": -0.0,
        "1.0": 0.7064618774721791
      },
      "train_metrics": {
        "total_instances": 3767,
        "solved": 2240,
        "solve_rate": 59.46376426864879,
        "avg_par2": 1007.6211801410917,
        "sbs_name": "cvc5",
        "sbs_solved": 2203,
        "sbs_solve_rate": 58.48155030528272,
        "sbs_avg_par2": 1030.3522538040054,
        "vbs_solved": 2253,
        "vbs_solve_rate": 59.808866471993625,
        "vbs_avg_par2": 998.1763156709405,
        "gap_cls_solved": 0.74,
        "gap_cls_par2": 0.7064618774721791
      },
      "test_metrics": {
        "total_instances": 1256,
        "solved": 743,
        "solve_rate": 59.15605095541401,
        "avg_par2": 1011.3643554806135,
        "sbs_name": "cvc5",
        "sbs_solved": 743,
        "sbs_solve_rate": 59.15605095541401,
        "sbs_avg_par2": 1015.9259653061569,
        "vbs_solved": 753,
        "vbs_solve_rate": 59.952229299363054,
        "vbs_avg_par2": 992.6894929228075,
        "gap_cls_solved": 0.0,
        "gap_cls_par2": 0.19631249314814445
      }
    },
    {
      "fold": 2,
      "train_size": 3767,
      "test_size": 1256,
      "best_alpha": 1.0,
      "alpha_tuning_results": {
        "0.0": -0.0,
        "0.05": -0.0,
        "0.1": -0.0,
        "0.15": 0.010324751701265494,
        "0.2": 0.03353652827779775,
        "0.25": 0.05647056613791849,
        "0.3": 0.07546639566152616,
        "0.35": 0.10048212919156142,
        "0.4": 0.1338805164837695,
        "0.45": 0.18339847181998975,
        "0.5": 0.1995994989908579,
        "0.55": 0.6274942479755058,
        "0.6": 0.625749882056552,
        "0.65": 0.6257375018152723,
        "0.7": 0.6257262783297198,
        "0.75": 0.636017699227814,
        "0.8": 0.6454294965605255,
        "0.85": 0.6440533150521118,
        "0.9": 0.6425168640278055,
        "0.95": 0.6425127166401748,
        "1.0": 0.6496121461646897
      },
      "train_metrics": {
        "total_instances": 3767,
        "solved": 2235,
        "solve_rate": 59.3310326519777,
        "avg_par2": 1010.1152470150383,
        "sbs_name": "cvc5",
        "sbs_solved": 2211,
        "sbs_solve_rate": 58.693920891956466,
        "sbs_avg_par2": 1026.71605634849,
        "vbs_solved": 2248,
        "vbs_solve_rate": 59.67613485532254,
        "vbs_avg_par2": 1001.1611010856261,
        "gap_cls_solved": 0.6486486486486487,
        "gap_cls_par2": 0.6496121461646897
      },
      "test_metrics": {
        "total_instances": 1256,
        "solved": 744,
        "solve_rate": 59.23566878980891,
        "avg_par2": 1011.8470308165403,
        "sbs_name": "cvc5",
        "sbs_solved": 735,
        "sbs_solve_rate": 58.51910828025477,
        "sbs_avg_par2": 1026.8316626110384,
        "vbs_solved": 758,
        "vbs_solve_rate": 60.35031847133758,
        "vbs_avg_par2": 983.7375131002618,
        "gap_cls_solved": 0.391304347826087,
        "gap_cls_par2": 0.3477184714076073
      }
    },
    {
      "fold": 3,
      "train_size": 3767,
      "test_size": 1256,
      "best_alpha": 1.0,
      "alpha_tuning_results": {
        "0.0": 0.04580013956707974,
        "0.05": 0.04580013956707974,
        "0.1": 0.04580013956707974,
        "0.15": 0.04580013956707974,
        "0.2": 0.04580013956707974,
        "0.25": 0.04580013956707974,
        "0.3": 0.050604581713769324,
        "0.35": 0.05084136361947384,
        "0.4": 0.08940971747500352,
        "0.45": 0.09049798968828116,
        "0.5": 0.09612917288420329,
        "0.55": 0.13975542760356582,
        "0.6": 0.16186824572217504,
        "0.65": 0.18330286970424547,
        "0.7": 0.24442450021166265,
        "0.75": 0.2953713893209535,
        "0.8": 0.7584820702009457,
        "0.85": 0.7582926184934317,
        "0.9": 0.7631964891961793,
        "0.95": 0.7631964891961793,
        "1.0": 0.7789903728328852
      },
      "train_metrics": {
        "total_instances": 3767,
        "solved": 2242,
        "solve_rate": 59.51685691531723,
        "avg_par2": 1006.0581714459988,
        "sbs_name": "cvc5",
        "sbs_solved": 2203,
        "sbs_solve_rate": 58.48155030528272,
        "sbs_avg_par2": 1031.2871364572013,
        "vbs_solved": 2251,
        "vbs_solve_rate": 59.7557738253252,
        "vbs_avg_par2": 998.9003883136337,
        "gap_cls_solved": 0.8125,
        "gap_cls_par2": 0.7789903728328852
      },
      "test_metrics": {
        "total_instances": 1256,
        "solved": 745,
        "solve_rate": 59.31528662420382,
        "avg_par2": 1009.0698946650147,
        "sbs_name": "cvc5",
        "sbs_solved": 743,
        "sbs_solve_rate": 59.15605095541401,
        "sbs_avg_par2": 1013.1220616798942,
        "vbs_solved": 755,
        "vbs_solve_rate": 60.11146496815286,
        "vbs_avg_par2": 990.5178514856824,
        "gap_cls_solved": 0.16666666666666666,
        "gap_cls_par2": 0.17926602964951793
      }
    },
    {
      "fold": 4,
      "train_size": 3768,
      "test_size": 1255,
      "best_alpha": 1.0,
      "alpha_tuning_results": {
        "0.0": -0.0,
        "0.05": -0.0,
        "0.1": -0.0,
        "0.15": -0.0,
        "0.2": -0.0,
        "0.25": -0.0,
        "0.3": -0.0,
        "0.35": -0.0,
        "0.4": -0.0,
        "0.45": -0.0,
        "0.5": -0.0,
        "0.55": -0.0,
        "0.6": -0.0,
        "0.65": -0.0,
        "0.7": -0.0,
        "0.75": -0.0,
        "0.8": -0.0,
        "0.85": -0.0,
        "0.9": -0.0,
        "0.95": -0.0,
        "1.0": 0.7022661025087635
      },
      "train_metrics": {
        "total_instances": 3768,
        "solved": 2253,
        "solve_rate": 59.79299363057324,
        "avg_par2": 997.8079238963816,
        "sbs_name": "cvc5",
        "sbs_solved": 2221,
        "sbs_solve_rate": 58.94373673036093,
        "sbs_avg_par2": 1018.626563199032,
        "vbs_solved": 2266,
        "vbs_solve_rate": 60.1380042462845,
        "vbs_avg_par2": 988.9816191695846,
        "gap_cls_solved": 0.7111111111111111,
        "gap_cls_par2": 0.7022661025087635
      },
      "test_metrics": {
        "total_instances": 1255,
        "solved": 726,
        "solve_rate": 57.84860557768924,
        "avg_par2": 1048.0720565531053,
        "sbs_name": "cvc5",
        "sbs_solved": 725,
        "sbs_solve_rate": 57.76892430278885,
        "sbs_avg_par2": 1051.11957160978,
        "vbs_solved": 740,
        "vbs_solve_rate": 58.964143426294825,
        "vbs_avg_par2": 1020.2911898107383,
        "gap_cls_solved": 0.06666666666666667,
        "gap_cls_par2": 0.09885420118838067
      }
    }
  ],
  "aggregated": {
    "alpha_mean": 1.0,
    "alpha_std": 0.0,
    "alpha_values": [
      1.0,
      1.0,
      1.0,
      1.0
    ],
    "test_solve_rate_mean": 58.888902986779,
    "test_solve_rate_std": 0.6032487598245184,
    "test_avg_par2_mean": 1020.0883343788184,
    "test_avg_par2_std": 16.19044172248202,