{
  "division": "ALIA",
  "n_seeds": 5,
  "seed_values": [
    0,
    10,
    20,
    30,
    40
  ],
  "model_type": "WL",
  "splits_dir": "/home/john-lu/Desktop/smt-select/data/cp26/performance_splits/smtcomp24/ALIA",
  "wl_dir": "/home/john-lu/Desktop/smt-select/data/features/wl/ALIA",
  "wl_iter": 1,
  "seeds": [
    {
      "seed": 0,
      "train_size": 1152,
      "test_size": 385,
      "train_metrics": {
        "solved": 290,
        "avg_par2": 1811.4713405472864,
        "sbs_name": "cvc5",
        "sbs_solved": 217,
        "sbs_avg_par2": 1958.486986079508,
        "vbs_solved": 290,
        "vbs_avg_par2": 1810.9430178216958,
        "gap_cls_solved": 1.0,
        "gap_cls_par2": 0.9964192184077122
      },
      "test_metrics": {
        "solved": 90,
        "avg_par2": 1854.862526646078,
        "sbs_name": "iProver v3.9",
        "sbs_solved": 80,
        "sbs_avg_par2": 1925.4140992726755,
        "vbs_solved": 100,
        "vbs_avg_par2": 1799.607106712526,
        "gap_cls_solved": 0.5,
        "gap_cls_par2": 0.5607921403324704
      }
    },
    {
      "seed": 10,
      "train_size": 1152,
      "test_size": 385,
      "train_metrics": {
        "solved": 288,
        "avg_par2": 1818.6569146946204,
        "sbs_name": "cvc5",
        "sbs_solved": 215,
        "sbs_avg_par2": 1965.7579697006431,
        "vbs_solved": 288,
        "vbs_avg_par2": 1818.4328220716266,
        "gap_cls_solved": 1.0,
        "gap_cls_par2": 0.9984789248366607
      },
      "test_metrics": {
        "solved": 92,
        "avg_par2": 1839.4472789040108,
        "sbs_name": "iProver v3.9",
        "sbs_solved": 82,
        "sbs_avg_par2": 1909.54783782669,
        "vbs_solved": 102,
        "vbs_avg_par2": 1777.1960560737716,
        "gap_cls_solved": 0.5,
        "gap_cls_par2": 0.5296533072259416
      }
    },
    {
      "seed": 20,
      "train_size": 1152,
      "test_size": 385,
      "train_metrics": {
        "solved": 298,
        "avg_par2": 1797.739994087855,
        "sbs_name": "cvc5",
        "sbs_solved": 223,
        "sbs_avg_par2": 1947.074880848026,
        "vbs_solved": 298,
        "vbs_avg_par2": 1797.614877462253,
        "gap_cls_solved": 1.0,
        "gap_cls_par2": 0.9991628755334692
      },
      "test_metrics": {
        "solved": 83,
        "avg_par2": 1893.6959518211086,
        "sbs_name": "iProver v3.9",
        "sbs_solved": 71,
        "sbs_avg_par2": 1973.0361225850372,
        "vbs_solved": 92,
        "vbs_avg_par2": 1839.4876721516903,
        "gap_cls_solved": 0.5714285714285714,
        "gap_cls_par2": 0.5940927843526478
      }
    },
    {
      "seed": 30,
      "train_size": 1152,
      "test_size": 385,
      "train_metrics": {
        "solved": 299,
        "avg_par2": 1793.0485209224216,
        "sbs_name": "iProver v3.9",
        "sbs_solved": 229,
        "sbs_avg_par2": 1942.6628782965095,
        "vbs_solved": 299,
        "vbs_avg_par2": 1792.6172004929535,
        "gap_cls_solved": 1.0,
        "gap_cls_par2": 0.9971254058378624
      },
      "test_metrics": {
        "solved": 78,
        "avg_par2": 1926.970720565402,
        "sbs_name": "iProver v3.9",
        "sbs_solved": 69,
        "sbs_avg_par2": 1994.2859643889096,
        "vbs_solved": 91,
        "vbs_avg_par2": 1854.4417601221646,
        "gap_cls_solved": 0.4090909090909091,
        "gap_cls_par2": 0.48135883912005106
      }
    },
    {
      "seed": 40,
      "train_size": 1152,
      "test_size": 385,
      "train_metrics": {
        "solved": 292,
        "avg_par2": 1807.414138702667,
        "sbs_name": "iProver v3.9",
        "sbs_solved": 220,
        "sbs_avg_par2": 1961.0210200132024,
        "vbs_solved": 292,
        "vbs_avg_par2": 1807.294213372571,
        "gap_cls_solved": 1.0,
        "gap_cls_par2": 0.9992198801710854
      },
      "test_metrics": {
        "solved": 87,
        "avg_par2": 1873.7503663004395,
        "sbs_name": "iProver v3.9",
        "sbs_solved": 78,
        "sbs_avg_par2": 1939.3545896937653,
        "vbs_solved": 98,
        "vbs_avg_par2": 1810.52508781744,
        "gap_cls_solved": 0.45,
        "gap_cls_par2": 0.5092329197725611
      }
    }
  ],
  "aggregated": {
    "train": {
      "gap_cls_solved_mean": 1.0,
      "gap_cls_solved_std": 0.0,
      "gap_cls_par2_mean": 0.9980812609573579,
      "gap_cls_par2_std": 0.0011225439690565908
    },
    "test": {
      "gap_cls_solved_mean": 0.4861038961038961,
      "gap_cls_solved_std": 0.054591199123645025,
      "gap_cls_par2_mean": 0.5350259981607344,
      "gap_cls_par2_std": 0.0393118098631253
    }
  }
}