{
  "division": "ABV",
  "n_seeds": 5,
  "seed_values": [
    0,
    10,
    20,
    30,
    40
  ],
  "model_type": "SVM",
  "splits_dir": "/home/john-lu/Desktop/smt-select/data/train_test_splits/ABV",
  "feature_csv_path": [
    "/home/john-lu/Desktop/smt-select/data/features/syntactic/ABV/features.csv",
    "/home/john-lu/Desktop/smt-select/data/features/desc/Qwen3-Embedding-0.6B/ABV/features.csv"
  ],
  "feature_csv_path_per_seed": false,
  "seeds": [
    {
      "seed": 0,
      "train_size": 1865,
      "test_size": 622,
      "train_metrics": {
        "total_count": 1865,
        "solved": 722,
        "avg_par2": 1473.8115404078524,
        "sbs_solved": 621,
        "sbs_avg_par2": 1603.2889194204809,
        "vbs_solved": 722,
        "vbs_avg_par2": 1473.078278344809,
        "gap_cls_solved": 1.0,
        "gap_cls_par2": 0.9943686471628899
      },
      "test_metrics": {
        "total_count": 622,
        "solved": 236,
        "avg_par2": 1492.3971731064107,
        "sbs_solved": 216,
        "sbs_avg_par2": 1568.1989067370248,
        "vbs_solved": 249,
        "vbs_avg_par2": 1441.4982744351369,
        "gap_cls_solved": 0.6060606060606061,
        "gap_cls_par2": 0.5982743120807975
      }
    },
    {
      "seed": 10,
      "train_size": 1865,
      "test_size": 622,
      "train_metrics": {
        "total_count": 1865,
        "solved": 736,
        "avg_par2": 1455.7132580942152,
        "sbs_solved": 632,
        "sbs_avg_par2": 1588.8577544287875,
        "vbs_solved": 736,
        "vbs_avg_par2": 1455.235929221568,
        "gap_cls_solved": 1.0,
        "gap_cls_par2": 0.9964277626659649
      },
      "test_metrics": {
        "total_count": 622,
        "solved": 229,
        "avg_par2": 1519.6038757988092,
        "sbs_solved": 205,
        "sbs_avg_par2": 1611.469200482215,
        "vbs_solved": 235,
        "vbs_avg_par2": 1494.9966363561089,
        "gap_cls_solved": 0.8,
        "gap_cls_par2": 0.7887293061045877
      }
    },
    {
      "seed": 20,
      "train_size": 1865,
      "test_size": 622,
      "train_metrics": {
        "total_count": 1865,
        "solved": 710,
        "avg_par2": 1489.3302605297772,
        "sbs_solved": 609,
        "sbs_avg_par2": 1618.333484612624,
        "vbs_solved": 710,
        "vbs_avg_par2": 1488.5088358280148,
        "gap_cls_solved": 1.0,
        "gap_cls_par2": 0.9936728139883108
      },
      "test_metrics": {
        "total_count": 622,
        "solved": 250,
        "avg_par2": 1438.2264448439385,
        "sbs_solved": 228,
        "sbs_avg_par2": 1523.0893985644411,
        "vbs_solved": 261,
        "vbs_avg_par2": 1395.2314099557502,
        "gap_cls_solved": 0.6666666666666666,
        "gap_cls_par2": 0.6637282084909497
      }
    },
    {
      "seed": 30,
      "train_size": 1865,
      "test_size": 622,
      "train_metrics": {
        "total_count": 1865,
        "solved": 732,
        "avg_par2": 1461.1960160083652,
        "sbs_solved": 635,
        "sbs_avg_par2": 1585.3660500218632,
        "vbs_solved": 732,
        "vbs_avg_par2": 1460.3725213420041,
        "gap_cls_solved": 1.0,
        "gap_cls_par2": 0.9934117015892059
      },
      "test_metrics": {
        "total_count": 622,
        "solved": 228,
        "avg_par2": 1522.453447649473,
        "sbs_solved": 202,
        "sbs_avg_par2": 1621.9387000303082,
        "vbs_solved": 239,
        "vbs_avg_par2": 1479.595118181489,
        "gap_cls_solved": 0.7027027027027027,
        "gap_cls_par2": 0.698909294600278
      }
    },
    {
      "seed": 40,
      "train_size": 1865,
      "test_size": 622,
      "train_metrics": {
        "total_count": 1865,
        "solved": 722,
        "avg_par2": 1473.8353917105176,
        "sbs_solved": 629,
        "sbs_avg_par2": 1592.8500082670396,
        "vbs_solved": 722,
        "vbs_avg_par2": 1473.1400666613551,
        "gap_cls_solved": 1.0,
        "gap_cls_par2": 0.9941915847603303
      },
      "test_metrics": {
        "total_count": 622,
        "solved": 229,
        "avg_par2": 1518.7385935365016,
        "sbs_solved": 208,
        "sbs_avg_par2": 1599.4988573819894,
        "vbs_solved": 249,
        "vbs_avg_par2": 1441.3130088236273,
        "gap_cls_solved": 0.5121951219512195,
        "gap_cls_par2": 0.510540383868103
      }
    }
  ],
  "aggregated": {
    "train": {
      "gap_cls_solved_mean": 1.0,
      "gap_cls_solved_std": 0.0,
      "gap_cls_par2_mean": 0.9944145020333404,
      "gap_cls_par2_std": 0.001064022842003133
    },
    "test": {
      "gap_cls_solved_mean": 0.657525019476239,
      "gap_cls_solved_std": 0.09611771721504718,
      "gap_cls_par2_mean": 0.6520363010289432,
      "gap_cls_par2_std": 0.0937338806322416
    }
  }
}