{
  "division": "QF_IDL",
  "n_seeds": 5,
  "seed_values": [
    0,
    10,
    20,
    30,
    40
  ],
  "model_type": "graph+text+lite_text_fallback",
  "splits_dir": "/home/john-lu/Desktop/smt-select/data/cp26/performance_splits/smtcomp24/QF_IDL",
  "benchmark_root": "/home/john-lu/Desktop/smt_data/smtlib25/non-incremental",
  "seeds": [
    {
      "seed": 0,
      "train_size": 906,
      "test_size": 302,
      "train_metrics": {
        "total_count": 906,
        "solved": 824,
        "avg_par2": 264.17622054921316,
        "sbs_solved": 779,
        "sbs_avg_par2": 385.52494302540623,
        "vbs_solved": 825,
        "vbs_avg_par2": 258.1692248171203,
        "gap_cls_solved": 0.9782608695652174,
        "gap_cls_par2": 0.9528329326974656
      },
      "test_metrics": {
        "total_count": 302,
        "solved": 276,
        "avg_par2": 250.3012880079605,
        "sbs_solved": 268,
        "sbs_avg_par2": 307.6482111294636,
        "vbs_solved": 276,
        "vbs_avg_par2": 237.45217402473602,
        "gap_cls_solved": 1.0,
        "gap_cls_par2": 0.8169538550437756
      }
    },
    {
      "seed": 10,
      "train_size": 906,
      "test_size": 302,
      "train_metrics": {
        "total_count": 906,
        "solved": 827,
        "avg_par2": 253.30084209958372,
        "sbs_solved": 796,
        "sbs_avg_par2": 339.86632585396376,
        "vbs_solved": 829,
        "vbs_avg_par2": 242.34921080836904,
        "gap_cls_solved": 0.9393939393939394,
        "gap_cls_par2": 0.8876952903488359
      },
      "test_metrics": {
        "total_count": 302,
        "solved": 270,
        "avg_par2": 307.07176776508805,
        "sbs_solved": 251,
        "sbs_avg_par2": 444.624062643791,
        "vbs_solved": 272,
        "vbs_avg_par2": 284.9122160509899,
        "gap_cls_solved": 0.9047619047619048,
        "gap_cls_par2": 0.861252924020121
      }
    },
    {
      "seed": 20,
      "train_size": 906,
      "test_size": 302,
      "train_metrics": {
        "total_count": 906,
        "solved": 825,
        "avg_par2": 260.94954431299834,
        "sbs_solved": 787,
        "sbs_avg_par2": 363.56257697702324,
        "vbs_solved": 826,
        "vbs_avg_par2": 254.78138303258658,
        "gap_cls_solved": 0.9743589743589743,
        "gap_cls_par2": 0.943297540165239
      },
      "test_metrics": {
        "total_count": 302,
        "solved": 272,
        "avg_par2": 282.0959786045784,
        "sbs_solved": 260,
        "sbs_avg_par2": 373.5353092746125,
        "vbs_solved": 275,
        "vbs_avg_par2": 247.61569937833735,
        "gap_cls_solved": 0.8,
        "gap_cls_par2": 0.7261722836129828
      }
    },
    {
      "seed": 30,
      "train_size": 906,
      "test_size": 302,
      "train_metrics": {
        "total_count": 906,
        "solved": 827,
        "avg_par2": 256.0344217579188,
        "sbs_solved": 788,
        "sbs_avg_par2": 360.6810026018898,
        "vbs_solved": 828,
        "vbs_avg_par2": 248.38410483384916,
        "gap_cls_solved": 0.975,
        "gap_cls_par2": 0.9318741917530792
      },
      "test_metrics": {
        "total_count": 302,
        "solved": 270,
        "avg_par2": 293.67585301950953,
        "sbs_solved": 259,
        "sbs_avg_par2": 382.18003240001286,
        "vbs_solved": 273,
        "vbs_avg_par2": 266.80753397454953,
        "gap_cls_solved": 0.7857142857142857,
        "gap_cls_par2": 0.767116779027557
      }
    },
    {
      "seed": 40,
      "train_size": 906,
      "test_size": 302,
      "train_metrics": {
        "total_count": 906,
        "solved": 830,
        "avg_par2": 248.53041120070492,
        "sbs_solved": 792,
        "sbs_avg_par2": 346.2876760473596,
        "vbs_solved": 831,
        "vbs_avg_par2": 240.84734760780836,
        "gap_cls_solved": 0.9743589743589743,
        "gap_cls_par2": 0.927133538878331
      },
      "test_metrics": {
        "total_count": 302,
        "solved": 269,
        "avg_par2": 300.38965629914327,
        "sbs_solved": 255,
        "sbs_avg_par2": 425.36001206360356,
        "vbs_solved": 270,
        "vbs_avg_par2": 289.417805652672,
        "gap_cls_solved": 0.9333333333333333,
        "gap_cls_par2": 0.9192903297942279
      }
    }
  ],
  "aggregated": {
    "train": {
      "gap_cls_solved_mean": 0.9682745515354212,
      "gap_cls_solved_std": 0.014512672839282155,
      "gap_cls_par2_mean": 0.9285666987685902,
      "gap_cls_par2_std": 0.0223128361293314
    },
    "test": {
      "gap_cls_solved_mean": 0.8847619047619049,
      "gap_cls_solved_std": 0.08128224111753093,
      "gap_cls_par2_mean": 0.8181572342997327,
      "gap_cls_par2_std": 0.06804843690437437
    }
  }
}