{
  "division": "QF_SLIA",
  "n_seeds": 5,
  "seed_values": [
    0,
    10,
    20,
    30,
    40
  ],
  "model_type": "machsmt_pwc",
  "splits_dir": "/lustre06/project/6001884/jchen688/SMT_AS_LM/data/cp26/performance_splits/smtcomp24/QF_SLIA",
  "benchmark_root": "/lustre07/scratch/jchen688/smtlib24/non-incremental",
  "seeds": [
    {
      "seed": 0,
      "train_size": 17791,
      "test_size": 5931,
      "train_metrics": {
        "total_count": 17791,
        "solved": 17562,
        "avg_par2": 34.58611375208284,
        "sbs_solved": 17469,
        "sbs_avg_par2": 44.65992063788583,
        "vbs_solved": 17774,
        "vbs_avg_par2": 4.040609480991914,
        "gap_cls_solved": 0.30491803278688523,
        "gap_cls_par2": 0.24800535998487175
      },
      "test_metrics": {
        "total_count": 5931,
        "solved": 5834,
        "avg_par2": 42.42586993997632,
        "sbs_solved": 5807,
        "sbs_avg_par2": 51.47958290425829,
        "vbs_solved": 5926,
        "vbs_avg_par2": 4.233040090213708,
        "gap_cls_solved": 0.226890756302521,
        "gap_cls_par2": 0.19162699374462258
      },
      "train_eval_stats": {
        "total": 17791,
        "file_not_found": 0,
        "feature_timeout": 0,
        "parse_fail": 0
      },
      "test_eval_stats": {
        "total": 5931,
        "file_not_found": 0,
        "feature_timeout": 0,
        "parse_fail": 0
      },
      "train_stats": {
        "parsing_time": 31796.645258903503,
        "training_time": 15.455077886581421,
        "total_benchmarks": 17791,
        "loaded_benchmarks": 17791,
        "skipped_benchmarks": 0,
        "feature_timeout_count": 0
      }
    },
    {
      "seed": 10,
      "train_size": 17791,
      "test_size": 5931,
      "train_metrics": {
        "total_count": 17791,
        "solved": 17559,
        "avg_par2": 34.91179151134342,
        "sbs_solved": 17471,
        "sbs_avg_par2": 44.37160102340151,
        "vbs_solved": 17774,
        "vbs_avg_par2": 4.118191644449987,
        "gap_cls_solved": 0.29042904290429045,
        "gap_cls_par2": 0.23500641704661718
      },
      "test_metrics": {
        "total_count": 5931,
        "solved": 5844,
        "avg_par2": 38.4376674699336,
        "sbs_solved": 5805,
        "sbs_avg_par2": 52.344444523089955,
        "vbs_solved": 5926,
        "vbs_avg_par2": 4.000319761418804,
        "gap_cls_solved": 0.32231404958677684,
        "gap_cls_par2": 0.28766219518327313
      },
      "train_eval_stats": {
        "total": 17791,
        "file_not_found": 0,
        "feature_timeout": 0,
        "parse_fail": 0
      },
      "test_eval_stats": {
        "total": 5931,
        "file_not_found": 0,
        "feature_timeout": 0,
        "parse_fail": 0
      },
      "train_stats": {
        "parsing_time": 208.83150815963745,
        "training_time": 16.672698736190796,
        "total_benchmarks": 17791,
        "loaded_benchmarks": 17791,
        "skipped_benchmarks": 0,
        "feature_timeout_count": 0
      }
    },
    {
      "seed": 20,
      "train_size": 17791,
      "test_size": 5931,
      "train_metrics": {
        "total_count": 17791,
        "solved": 17583,
        "avg_par2": 31.54090851071988,
        "sbs_solved": 17454,
        "sbs_avg_par2": 46.47006104267027,
        "vbs_solved": 17772,
        "vbs_avg_par2": 4.49120287077834,
        "gap_cls_solved": 0.4056603773584906,
        "gap_cls_par2": 0.35563503111065087
      },
      "test_metrics": {
        "total_count": 5931,
        "solved": 5855,
        "avg_par2": 34.100060137230386,
        "sbs_solved": 5822,
        "sbs_avg_par2": 46.04977208963684,
        "vbs_solved": 5928,
        "vbs_avg_par2": 2.8814118660204353,
        "gap_cls_solved": 0.3113207547169811,
        "gap_cls_par2": 0.276816443582887
      },
      "train_eval_stats": {
        "total": 17791,
        "file_not_found": 0,
        "feature_timeout": 0,
        "parse_fail": 0
      },
      "test_eval_stats": {
        "total": 5931,
        "file_not_found": 0,
        "feature_timeout": 0,
        "parse_fail": 0
      },
      "train_stats": {
        "parsing_time": 204.68412899971008,
        "training_time": 17.31401491165161,
        "total_benchmarks": 17791,
        "loaded_benchmarks": 17791,
        "skipped_benchmarks": 0,
        "feature_timeout_count": 0
      }
    },
    {
      "seed": 30,
      "train_size": 17791,
      "test_size": 5931,
      "train_metrics": {
        "total_count": 17791,
        "solved": 17557,
        "avg_par2": 35.205118389174004,
        "sbs_solved": 17458,
        "sbs_avg_par2": 46.17579783379222,
        "vbs_solved": 17775,
        "vbs_avg_par2": 4.124909975178831,
        "gap_cls_solved": 0.31230283911671924,
        "gap_cls_par2": 0.2608905543565369
      },
      "test_metrics": {
        "total_count": 5931,
        "solved": 5842,
        "avg_par2": 39.38648945745897,
        "sbs_solved": 5818,
        "sbs_avg_par2": 46.93246248740271,
        "vbs_solved": 5925,
        "vbs_avg_par2": 3.980167034729063,
        "gap_cls_solved": 0.22429906542056074,
        "gap_cls_par2": 0.17568264863185618
      },
      "train_eval_stats": {
        "total": 17791,
        "file_not_found": 0,
        "feature_timeout": 0,
        "parse_fail": 0
      },
      "test_eval_stats": {
        "total": 5931,
        "file_not_found": 0,
        "feature_timeout": 0,
        "parse_fail": 0
      },
      "train_stats": {
        "parsing_time": 207.1276500225067,
        "training_time": 16.808128118515015,
        "total_benchmarks": 17791,
        "loaded_benchmarks": 17791,
        "skipped_benchmarks": 0,
        "feature_timeout_count": 0
      }
    },
    {
      "seed": 40,
      "train_size": 17791,
      "test_size": 5931,
      "train_metrics": {
        "total_count": 17791,
        "solved": 17571,
        "avg_par2": 33.052803812928786,
        "sbs_solved": 17461,
        "sbs_avg_par2": 45.611314943571195,
        "vbs_solved": 17776,
        "vbs_avg_par2": 3.966576320268525,
        "gap_cls_solved": 0.3492063492063492,
        "gap_cls_par2": 0.3015629715974537
      },
      "test_metrics": {
        "total_count": 5931,
        "solved": 5857,
        "avg_par2": 34.11335117894267,
        "sbs_solved": 5815,
        "sbs_avg_par2": 48.625720808077496,
        "vbs_solved": 5924,
        "vbs_avg_par2": 4.455114607568255,
        "gap_cls_solved": 0.3853211009174312,
        "gap_cls_par2": 0.32855264795907446
      },
      "train_eval_stats": {
        "total": 17791,
        "file_not_found": 0,
        "feature_timeout": 0,
        "parse_fail": 0
      },
      "test_eval_stats": {
        "total": 5931,
        "file_not_found": 0,
        "feature_timeout": 0,
        "parse_fail": 0
      },
      "train_stats": {
        "parsing_time": 206.51757264137268,
        "training_time": 17.58467388153076,
        "total_benchmarks": 17791,
        "loaded_benchmarks": 17791,
        "skipped_benchmarks": 0,
        "feature_timeout_count": 0
      }
    }
  ],
  "aggregated": {
    "train": {
      "gap_cls_solved_mean": 0.3325033282745469,
      "gap_cls_solved_std": 0.04140096259193418,
      "gap_cls_par2_mean": 0.28022006681922607,
      "gap_cls_par2_std": 0.043814673199005276
    },
    "test": {
      "gap_cls_solved_mean": 0.2940291453888542,
      "gap_cls_solved_std": 0.061323900796290465,
      "gap_cls_par2_mean": 0.2520681858203426,
      "gap_cls_par2_std": 0.05868078169992039
    }
  }
}