{
  "division": "QF_BV",
  "n_seeds": 5,
  "seed_values": [
    0,
    10,
    20,
    30,
    40
  ],
  "model_type": "graph+lite_fallback",
  "splits_dir": "/home/john-lu/Desktop/smt-select/data/cp26/performance_splits/smtcomp24/QF_BV",
  "benchmark_root": "/home/john-lu/Desktop/smt_data/smtlib25/non-incremental",
  "seeds": [
    {
      "seed": 0,
      "train_size": 8027,
      "test_size": 2676,
      "train_metrics": {
        "total_count": 8027,
        "solved": 7911,
        "avg_par2": 45.96952738686467,
        "sbs_solved": 7864,
        "sbs_avg_par2": 61.77599266787249,
        "vbs_solved": 7918,
        "vbs_avg_par2": 41.87253326616425,
        "gap_cls_solved": 0.8703703703703703,
        "gap_cls_par2": 0.7941566821118146
      },
      "test_metrics": {
        "total_count": 2676,
        "solved": 2633,
        "avg_par2": 50.19653871861814,
        "sbs_solved": 2625,
        "sbs_avg_par2": 58.10378827141716,
        "vbs_solved": 2642,
        "vbs_avg_par2": 40.385159183757764,
        "gap_cls_solved": 0.47058823529411764,
        "gap_cls_par2": 0.44626757034528297
      }
    },
    {
      "seed": 10,
      "train_size": 8027,
      "test_size": 2676,
      "train_metrics": {
        "total_count": 8027,
        "solved": 7905,
        "avg_par2": 49.70747983223212,
        "sbs_solved": 7865,
        "sbs_avg_par2": 61.78417641632123,
        "vbs_solved": 7914,
        "vbs_avg_par2": 43.25506544619551,
        "gap_cls_solved": 0.8163265306122449,
        "gap_cls_par2": 0.6517688087442639
      },
      "test_metrics": {
        "total_count": 2676,
        "solved": 2636,
        "avg_par2": 47.03777463790174,
        "sbs_solved": 2627,
        "sbs_avg_par2": 57.66332678096884,
        "vbs_solved": 2646,
        "vbs_avg_par2": 36.238079284986874,
        "gap_cls_solved": 0.47368421052631576,
        "gap_cls_par2": 0.49593602804634046
      }
    },
    {
      "seed": 20,
      "train_size": 8027,
      "test_size": 2676,
      "train_metrics": {
        "total_count": 8027,
        "solved": 7912,
        "avg_par2": 46.06749823847192,
        "sbs_solved": 7865,
        "sbs_avg_par2": 60.975859810918074,
        "vbs_solved": 7921,
        "vbs_avg_par2": 40.70114182585746,
        "gap_cls_solved": 0.8392857142857143,
        "gap_cls_par2": 0.735317827031249
      },
      "test_metrics": {
        "total_count": 2676,
        "solved": 2631,
        "avg_par2": 52.20693070435375,
        "sbs_solved": 2624,
        "sbs_avg_par2": 60.50388783897062,
        "vbs_solved": 2639,
        "vbs_avg_par2": 43.898895764976956,
        "gap_cls_solved": 0.4666666666666667,
        "gap_cls_par2": 0.4996664314951021
      }
    },
    {
      "seed": 30,
      "train_size": 8027,
      "test_size": 2676,
      "train_metrics": {
        "total_count": 8027,
        "solved": 7921,
        "avg_par2": 43.61051200672096,
        "sbs_solved": 7870,
        "sbs_avg_par2": 59.73287903806865,
        "vbs_solved": 7928,
        "vbs_avg_par2": 39.00927608687519,
        "gap_cls_solved": 0.8793103448275862,
        "gap_cls_par2": 0.7779712374010337
      },
      "test_metrics": {
        "total_count": 2676,
        "solved": 2625,
        "avg_par2": 57.51410057780003,
        "sbs_solved": 2619,
        "sbs_avg_par2": 64.2323656654513,
        "vbs_solved": 2632,
        "vbs_avg_par2": 48.973860745100545,
        "gap_cls_solved": 0.46153846153846156,
        "gap_cls_par2": 0.4402964197816593
      }
    },
    {
      "seed": 40,
      "train_size": 8027,
      "test_size": 2676,
      "train_metrics": {
        "total_count": 8027,
        "solved": 7915,
        "avg_par2": 45.21268235833842,
        "sbs_solved": 7868,
        "sbs_avg_par2": 59.7629644565803,
        "vbs_solved": 7924,
        "vbs_avg_par2": 40.05662382543714,
        "gap_cls_solved": 0.8392857142857143,
        "gap_cls_par2": 0.738355353263668
      },
      "test_metrics": {
        "total_count": 2676,
        "solved": 2627,
        "avg_par2": 56.43403582050662,
        "sbs_solved": 2621,
        "sbs_avg_par2": 64.14212065259892,
        "vbs_solved": 2636,
        "vbs_avg_par2": 45.83220891496722,
        "gap_cls_solved": 0.4,
        "gap_cls_par2": 0.42097880877547583
      }
    }
  ],
  "aggregated": {
    "train": {
      "gap_cls_solved_mean": 0.8489157348763261,
      "gap_cls_solved_std": 0.022941946412581318,
      "gap_cls_par2_mean": 0.7395139817104058,
      "gap_cls_par2_std": 0.04936182884626461
    },
    "test": {
      "gap_cls_solved_mean": 0.4544955148051123,
      "gap_cls_solved_std": 0.027548803481887228,
      "gap_cls_par2_mean": 0.46062905168877216,
      "gap_cls_par2_std": 0.03150336309472524
    }
  }
}