{
  "division": "ABV",
  "n_seeds": 5,
  "seed_values": [
    0,
    10,
    20,
    30,
    40
  ],
  "model_type": "SVM",
  "splits_dir": "/home/john-lu/Desktop/smt-select/data/cp26/performance_splits/smtcomp24/ABV",
  "feature_csv_path": "/home/john-lu/Desktop/smt-select/data/features/desc/embeddinggemma-300m/ABV/features.csv",
  "seeds": [
    {
      "seed": 0,
      "train_size": 1865,
      "test_size": 622,
      "train_metrics": {
        "total_count": 1865,
        "solved": 698,
        "avg_par2": 1504.7237945893976,
        "sbs_solved": 621,
        "sbs_avg_par2": 1603.2889194204809,
        "vbs_solved": 722,
        "vbs_avg_par2": 1473.078278344809,
        "gap_cls_solved": 0.7623762376237624,
        "gap_cls_par2": 0.7569667426320569
      },
      "test_metrics": {
        "total_count": 622,
        "solved": 237,
        "avg_par2": 1488.4264148509517,
        "sbs_solved": 216,
        "sbs_avg_par2": 1568.1989067370248,
        "vbs_solved": 249,
        "vbs_avg_par2": 1441.4982744351369,
        "gap_cls_solved": 0.6363636363636364,
        "gap_cls_par2": 0.6296139998417707
      }
    },
    {
      "seed": 10,
      "train_size": 1865,
      "test_size": 622,
      "train_metrics": {
        "total_count": 1865,
        "solved": 712,
        "avg_par2": 1486.5812810731647,
        "sbs_solved": 632,
        "sbs_avg_par2": 1588.8577544287875,
        "vbs_solved": 736,
        "vbs_avg_par2": 1455.235929221568,
        "gap_cls_solved": 0.7692307692307693,
        "gap_cls_par2": 0.765417424863142
      },
      "test_metrics": {
        "total_count": 622,
        "solved": 226,
        "avg_par2": 1531.2984494318864,
        "sbs_solved": 205,
        "sbs_avg_par2": 1611.469200482215,
        "vbs_solved": 235,
        "vbs_avg_par2": 1494.9966363561089,
        "gap_cls_solved": 0.7,
        "gap_cls_par2": 0.688323054032938
      }
    },
    {
      "seed": 20,
      "train_size": 1865,
      "test_size": 622,
      "train_metrics": {
        "total_count": 1865,
        "solved": 687,
        "avg_par2": 1518.956456826793,
        "sbs_solved": 609,
        "sbs_avg_par2": 1618.333484612624,
        "vbs_solved": 710,
        "vbs_avg_par2": 1488.5088358280148,
        "gap_cls_solved": 0.7722772277227723,
        "gap_cls_par2": 0.7654711852963016
      },
      "test_metrics": {
        "total_count": 622,
        "solved": 249,
        "avg_par2": 1442.0679269174,
        "sbs_solved": 228,
        "sbs_avg_par2": 1523.0893985644411,
        "vbs_solved": 261,
        "vbs_avg_par2": 1395.2314099557502,
        "gap_cls_solved": 0.6363636363636364,
        "gap_cls_par2": 0.6336832960434502
      }
    },
    {
      "seed": 30,
      "train_size": 1865,
      "test_size": 622,
      "train_metrics": {
        "total_count": 1865,
        "solved": 711,
        "avg_par2": 1488.2483689857897,
        "sbs_solved": 635,
        "sbs_avg_par2": 1585.3660500218632,
        "vbs_solved": 732,
        "vbs_avg_par2": 1460.3725213420041,
        "gap_cls_solved": 0.7835051546391752,
        "gap_cls_par2": 0.776981673065788
      },
      "test_metrics": {
        "total_count": 622,
        "solved": 226,
        "avg_par2": 1530.15869920343,
        "sbs_solved": 202,
        "sbs_avg_par2": 1621.9387000303082,
        "vbs_solved": 239,
        "vbs_avg_par2": 1479.595118181489,
        "gap_cls_solved": 0.6486486486486487,
        "gap_cls_par2": 0.6447779354348148
      }
    },
    {
      "seed": 40,
      "train_size": 1865,
      "test_size": 622,
      "train_metrics": {
        "total_count": 1865,
        "solved": 701,
        "avg_par2": 1500.9276657732294,
        "sbs_solved": 629,
        "sbs_avg_par2": 1592.8500082670396,
        "vbs_solved": 722,
        "vbs_avg_par2": 1473.1400666613551,
        "gap_cls_solved": 0.7741935483870968,
        "gap_cls_par2": 0.7678755937965079
      },
      "test_metrics": {
        "total_count": 622,
        "solved": 232,
        "avg_par2": 1507.573765958942,
        "sbs_solved": 208,
        "sbs_avg_par2": 1599.4988573819894,
        "vbs_solved": 249,
        "vbs_avg_par2": 1441.3130088236273,
        "gap_cls_solved": 0.5853658536585366,
        "gap_cls_par2": 0.5811208288276939
      }
    }
  ],
  "aggregated": {
    "train": {
      "gap_cls_solved_mean": 0.7723165875207153,
      "gap_cls_solved_std": 0.006885367035159736,
      "gap_cls_par2_mean": 0.7665425239307593,
      "gap_cls_par2_std": 0.006400970423186659
    },
    "test": {
      "gap_cls_solved_mean": 0.6413483550068916,
      "gap_cls_solved_std": 0.03654324847294477,
      "gap_cls_par2_mean": 0.6355038228361336,
      "gap_cls_par2_std": 0.03426775370153196
    }
  }
}