{
  "division": "QF_BV",
  "n_seeds": 5,
  "seed_values": [
    0,
    10,
    20,
    30,
    40
  ],
  "model_type": "SVM",
  "splits_dir": "/home/john-lu/Desktop/smt-select/data/train_test_splits/QF_BV",
  "feature_csv_path": [
    "/home/john-lu/Desktop/smt-select/data/features/syntactic/QF_BV/features.csv",
    "/home/john-lu/Desktop/smt-select/data/features/desc/all-mpnet-base-v2/QF_BV/features.csv"
  ],
  "feature_csv_path_per_seed": false,
  "seeds": [
    {
      "seed": 0,
      "train_size": 8027,
      "test_size": 2676,
      "train_metrics": {
        "total_count": 8027,
        "solved": 7914,
        "avg_par2": 45.190662865690214,
        "sbs_solved": 7864,
        "sbs_avg_par2": 61.77599266787249,
        "vbs_solved": 7918,
        "vbs_avg_par2": 41.85153200714887,
        "gap_cls_solved": 0.9259259259259259,
        "gap_cls_par2": 0.8324104769810078
      },
      "test_metrics": {
        "total_count": 2676,
        "solved": 2635,
        "avg_par2": 48.64314683265757,
        "sbs_solved": 2625,
        "sbs_avg_par2": 58.10378827141716,
        "vbs_solved": 2642,
        "vbs_avg_par2": 40.25809746050704,
        "gap_cls_solved": 0.5882352941176471,
        "gap_cls_par2": 0.5301359044602376
      }
    },
    {
      "seed": 10,
      "train_size": 8027,
      "test_size": 2676,
      "train_metrics": {
        "total_count": 8027,
        "solved": 7909,
        "avg_par2": 47.13324857094511,
        "sbs_solved": 7865,
        "sbs_avg_par2": 61.78417641632123,
        "vbs_solved": 7914,
        "vbs_avg_par2": 43.20045916735318,
        "gap_cls_solved": 0.8979591836734694,
        "gap_cls_par2": 0.7883744489380713
      },
      "test_metrics": {
        "total_count": 2676,
        "solved": 2639,
        "avg_par2": 43.81074590975976,
        "sbs_solved": 2627,
        "sbs_avg_par2": 57.66332678096884,
        "vbs_solved": 2646,
        "vbs_avg_par2": 36.211820063287306,
        "gap_cls_solved": 0.631578947368421,
        "gap_cls_par2": 0.6457626055605225
      }
    },
    {
      "seed": 20,
      "train_size": 8027,
      "test_size": 2676,
      "train_metrics": {
        "total_count": 8027,
        "solved": 7916,
        "avg_par2": 44.261638609535105,
        "sbs_solved": 7865,
        "sbs_avg_par2": 60.975859810918074,
        "vbs_solved": 7921,
        "vbs_avg_par2": 40.68144053542927,
        "gap_cls_solved": 0.9107142857142857,
        "gap_cls_par2": 0.8235870647242453
      },
      "test_metrics": {
        "total_count": 2676,
        "solved": 2634,
        "avg_par2": 50.06446213227265,
        "sbs_solved": 2624,
        "sbs_avg_par2": 60.50388783897062,
        "vbs_solved": 2639,
        "vbs_avg_par2": 43.76793462175265,
        "gap_cls_solved": 0.6666666666666666,
        "gap_cls_par2": 0.6237724001258484
      }
    },
    {
      "seed": 30,
      "train_size": 8027,
      "test_size": 2676,
      "train_metrics": {
        "total_count": 8027,
        "solved": 7922,
        "avg_par2": 42.75160155081943,
        "sbs_solved": 7870,
        "sbs_avg_par2": 59.73287903806865,
        "vbs_solved": 7928,
        "vbs_avg_par2": 38.991442906889496,
        "gap_cls_solved": 0.896551724137931,
        "gap_cls_par2": 0.8187127149658866
      },
      "test_metrics": {
        "total_count": 2676,
        "solved": 2625,
        "avg_par2": 57.19685119585102,
        "sbs_solved": 2619,
        "sbs_avg_par2": 64.2323656654513,
        "vbs_solved": 2632,
        "vbs_avg_par2": 48.837295968646785,
        "gap_cls_solved": 0.46153846153846156,
        "gap_cls_par2": 0.45699789660975754
      }
    },
    {
      "seed": 40,
      "train_size": 8027,
      "test_size": 2676,
      "train_metrics": {
        "total_count": 8027,
        "solved": 7920,
        "avg_par2": 43.206035899661806,
        "sbs_solved": 7868,
        "sbs_avg_par2": 59.7629644565803,
        "vbs_solved": 7924,
        "vbs_avg_par2": 40.0005839586007,
        "gap_cls_solved": 0.9285714285714286,
        "gap_cls_par2": 0.8378003124983443
      },
      "test_metrics": {
        "total_count": 2676,
        "solved": 2630,
        "avg_par2": 54.509052144106256,
        "sbs_solved": 2621,
        "sbs_avg_par2": 64.14212065259892,
        "vbs_solved": 2636,
        "vbs_avg_par2": 45.810249921529525,
        "gap_cls_solved": 0.6,
        "gap_cls_par2": 0.5254820225284621
      }
    }
  ],
  "aggregated": {
    "train": {
      "gap_cls_solved_mean": 0.9119445096046082,
      "gap_cls_solved_std": 0.013460869758844508,
      "gap_cls_par2_mean": 0.820177003621511,
      "gap_cls_par2_std": 0.017236090209733376
    },
    "test": {
      "gap_cls_solved_mean": 0.5896038739382392,
      "gap_cls_solved_std": 0.06958632496908598,
      "gap_cls_par2_mean": 0.5564301658569656,
      "gap_cls_par2_std": 0.06935591283408367
    }
  }
}