{
  "n_splits": 4,
  "n_instances": 1229,
  "model_type": "SVM",
  "folds_dir": "data/perf_data/folds/ALIA",
  "feature_csv_path": "data/features/path_emb/all_mpnet_base_v2/ALIA.csv",
  "folds": [
    {
      "fold": 1,
      "train_size": 921,
      "test_size": 308,
      "train_metrics": {
        "total_instances": 921,
        "solved": 242,
        "solve_rate": 26.275787187839306,
        "avg_par2": 1789.5061286550285,
        "sbs_name": "iProver",
        "sbs_solved": 180,
        "sbs_solve_rate": 19.54397394136808,
        "sbs_avg_par2": 1953.5690891485224,
        "vbs_solved": 242,
        "vbs_solve_rate": 26.275787187839306,
        "vbs_avg_par2": 1789.438608414839,
        "gap_cls_solved": 1.0,
        "gap_cls_par2": 0.999588618519317
      },
      "test_metrics": {
        "total_instances": 308,
        "solved": 66,
        "solve_rate": 21.428571428571427,
        "avg_par2": 1887.0986381027676,
        "sbs_name": "cvc5",
        "sbs_solved": 56,
        "sbs_solve_rate": 18.181818181818183,
        "sbs_avg_par2": 1969.3521766652013,
        "vbs_solved": 70,
        "vbs_solve_rate": 22.727272727272727,
        "vbs_avg_par2": 1856.3420551593606,
        "gap_cls_solved": 0.7142857142857143,
        "gap_cls_par2": 0.7278422274608615
      }
    },
    {
      "fold": 2,
      "train_size": 922,
      "test_size": 307,
      "train_metrics": {
        "total_instances": 922,
        "solved": 229,
        "solve_rate": 24.837310195227765,
        "avg_par2": 1817.7938705850468,
        "sbs_name": "cvc5",
        "sbs_solved": 174,
        "sbs_solve_rate": 18.872017353579178,
        "sbs_avg_par2": 1958.3074398385388,
        "vbs_solved": 229,
        "vbs_solve_rate": 24.837310195227765,
        "vbs_avg_par2": 1817.7091103134576,
        "gap_cls_solved": 1.0,
        "gap_cls_par2": 0.9993971459556065
      },
      "test_metrics": {
        "total_instances": 307,
        "solved": 68,
        "solve_rate": 22.149837133550488,
        "avg_par2": 1878.4014549922108,
        "sbs_name": "iProver",
        "sbs_solved": 64,
        "sbs_solve_rate": 20.846905537459286,
        "sbs_avg_par2": 1921.2797647369055,
        "vbs_solved": 83,
        "vbs_solve_rate": 27.035830618892508,
        "vbs_avg_par2": 1771.6563896747277,
        "gap_cls_solved": 0.21052631578947367,
        "gap_cls_par2": 0.286574940091253
      }
    },
    {
      "fold": 3,
      "train_size": 922,
      "test_size": 307,
      "train_metrics": {
        "total_instances": 922,
        "solved": 226,
        "solve_rate": 24.5119305856833,
        "avg_par2": 1822.386125929688,
        "sbs_name": "cvc5",
        "sbs_solved": 171,
        "sbs_solve_rate": 18.546637744034708,
        "sbs_avg_par2": 1962.6144040106262,
        "vbs_solved": 226,
        "vbs_solve_rate": 24.5119305856833,
        "vbs_avg_par2": 1822.3564986462095,
        "gap_cls_solved": 1.0,
        "gap_cls_par2": 0.9997887656784729
      },
      "test_metrics": {
        "total_instances": 307,
        "solved": 69,
        "solve_rate": 22.475570032573287,
        "avg_par2": 1880.8694766160897,
        "sbs_name": "iProver",
        "sbs_solved": 65,
        "sbs_solve_rate": 21.172638436482085,
        "sbs_avg_par2": 1920.6906921108964,
        "vbs_solved": 86,
        "vbs_solve_rate": 28.013029315960914,
        "vbs_avg_par2": 1757.6990866037283,
        "gap_cls_solved": 0.19047619047619047,
        "gap_cls_par2": 0.2443145177378807
      }
    },
    {
      "fold": 4,
      "train_size": 922,
      "test_size": 307,
      "train_metrics": {
        "total_instances": 922,
        "solved": 239,
        "solve_rate": 25.92190889370933,
        "avg_par2": 1795.4352019306984,
        "sbs_name": "iProver",
        "sbs_solved": 185,
        "sbs_solve_rate": 20.065075921908893,
        "sbs_avg_par2": 1938.1569420349908,
        "vbs_solved": 239,
        "vbs_solve_rate": 25.92190889370933,
        "vbs_avg_par2": 1795.2987898118968,
        "gap_cls_solved": 1.0,
        "gap_cls_par2": 0.9990451219151383
      },
      "test_metrics": {
        "total_instances": 307,
        "solved": 67,
        "solve_rate": 21.824104234527688,
        "avg_par2": 1890.3369669197207,
        "sbs_name": "cvc5",
        "sbs_solved": 59,
        "sbs_solve_rate": 19.218241042345277,
        "sbs_avg_par2": 1946.4070319564398,
        "vbs_solved": 73,
        "vbs_solve_rate": 23.778501628664493,
        "vbs_avg_par2": 1838.9603489660606,
        "gap_cls_solved": 0.5714285714285714,
        "gap_cls_par2": 0.5218408188714363
      }
    }
  ],
  "aggregated": {
    "test_solve_rate_mean": 21.96952070730572,
    "test_solve_rate_std": 0.3880631410916917,
    "test_avg_par2_mean": 1884.1766341576972,
    "test_avg_par2_std": 4.763869020878569,
    "test_sbs_solve_rate_mean": 19.854900799526206,
    "test_sbs_solve_rate_std": 1.2170709687629304,
    "test_sbs_avg_par2_mean": 1939.4324163673607,
    "test_sbs_avg_par2_std": 20.153215055033264,
    "test_vbs_solve_rate_mean": 25.388658572697658,
    "test_vbs_solve_rate_std": 2.1952265003017493,
    "test_vbs_avg_par2_mean": 1806.1644701009693,
    "test_vbs_avg_par2_std": 42.22872459909376,
    "test_gap_cls_solved_mean": 0.4216791979949875,
    "test_gap_cls_solved_std": 0.226982278255913,
    "test_gap_cls_par2_mean": 0.4451431260403579,
    "test_gap_cls_par2_std": 0.19447192441164246,
    "train_solve_rate_mean": 25.386734215614926,
    "train_solve_rate_std": 0.7321159861344367,
    "train_avg_par2_mean": 1806.2803317751154,
    "train_avg_par2_std": 14.061906991349495,
    "train_sbs_solve_rate_mean": 19.256926240222718,
    "train_sbs_solve_rate_std": 0.5891024718961244,
    "train_sbs_avg_par2_mean": 1953.1619687581695,
    "train_sbs_avg_par2_std": 9.235001066815729,
    "train_vbs_solve_rate_mean": 25.386734215614926,
    "train_vbs_solve_rate_std": 0.7321159861344367,
    "train_vbs_avg_par2_mean": 1806.2007517966008,
    "train_vbs_avg_par2_std": 14.0825485787181,
    "train_gap_cls_solved_mean": 1.0,
    "train_gap_cls_solved_std": 0.0,
    "train_gap_cls_par2_mean": 0.9994549130171336,
    "train_gap_cls_par2_std": 0.0002741352501364261
  }
}