{
  "division": "QF_NRA",
  "n_seeds": 5,
  "seed_values": [
    0,
    10,
    20,
    30,
    40
  ],
  "model_type": "fusion_pwc",
  "splits_dir": "/home/john-lu/Desktop/smt-select/data/cp26/performance_splits/smtcomp24/QF_NRA",
  "benchmark_root": "/home/john-lu/Desktop/smt_data/smtlib25/non-incremental",
  "seeds": [
    {
      "seed": 0,
      "train_size": 2328,
      "test_size": 776,
      "train_metrics": {
        "total_count": 2328,
        "solved": 2189,
        "avg_par2": 156.44564628670489,
        "sbs_solved": 2123,
        "sbs_avg_par2": 228.44645983119491,
        "vbs_solved": 2200,
        "vbs_avg_par2": 141.66833103795628,
        "gap_cls_solved": 0.8571428571428571,
        "gap_cls_par2": 0.8297115246174795
      },
      "test_metrics": {
        "total_count": 776,
        "solved": 711,
        "avg_par2": 213.0045669026318,
        "sbs_solved": 690,
        "sbs_avg_par2": 282.29691496267446,
        "vbs_solved": 733,
        "vbs_avg_par2": 146.11193702943822,
        "gap_cls_solved": 0.4883720930232558,
        "gap_cls_par2": 0.5088105098787971
      }
    },
    {
      "seed": 10,
      "train_size": 2328,
      "test_size": 776,
      "train_metrics": {
        "total_count": 2328,
        "solved": 2182,
        "avg_par2": 164.76269071268916,
        "sbs_solved": 2105,
        "sbs_avg_par2": 246.44067750611893,
        "vbs_solved": 2196,
        "vbs_avg_par2": 147.03318296207544,
        "gap_cls_solved": 0.8461538461538461,
        "gap_cls_par2": 0.8216481782190126
      },
      "test_metrics": {
        "total_count": 776,
        "solved": 724,
        "avg_par2": 175.1005419242997,
        "sbs_solved": 708,
        "sbs_avg_par2": 228.3142619379025,
        "vbs_solved": 737,
        "vbs_avg_par2": 130.01738125708076,
        "gap_cls_solved": 0.5517241379310345,
        "gap_cls_par2": 0.5413571584879914
      }
    },
    {
      "seed": 20,
      "train_size": 2328,
      "test_size": 776,
      "train_metrics": {
        "total_count": 2328,
        "solved": 2186,
        "avg_par2": 160.92323462321957,
        "sbs_solved": 2107,
        "sbs_avg_par2": 244.52493277170873,
        "vbs_solved": 2195,
        "vbs_avg_par2": 147.71797247858814,
        "gap_cls_solved": 0.8977272727272727,
        "gap_cls_par2": 0.8635918109126928
      },
      "test_metrics": {
        "total_count": 776,
        "solved": 723,
        "avg_par2": 178.2105957524422,
        "sbs_solved": 706,
        "sbs_avg_par2": 234.06149614113298,
        "vbs_solved": 738,
        "vbs_avg_par2": 127.96301270754263,
        "gap_cls_solved": 0.53125,
        "gap_cls_par2": 0.5264062084699752
      }
    },
    {
      "seed": 30,
      "train_size": 2328,
      "test_size": 776,
      "train_metrics": {
        "total_count": 2328,
        "solved": 2183,
        "avg_par2": 163.19489787249617,
        "sbs_solved": 2101,
        "sbs_avg_par2": 250.74497346834673,
        "vbs_solved": 2189,
        "vbs_avg_par2": 153.12528382377576,
        "gap_cls_solved": 0.9318181818181818,
        "gap_cls_par2": 0.8968485344976671
      },
      "test_metrics": {
        "total_count": 776,
        "solved": 727,
        "avg_par2": 167.91164448053385,
        "sbs_solved": 712,
        "sbs_avg_par2": 215.4013740512191,
        "vbs_solved": 744,
        "vbs_avg_par2": 111.7410786719798,
        "gap_cls_solved": 0.46875,
        "gap_cls_par2": 0.45812844153052956
      }
    },
    {
      "seed": 40,
      "train_size": 2328,
      "test_size": 776,
      "train_metrics": {
        "total_count": 2328,
        "solved": 2194,
        "avg_par2": 152.83207575816476,
        "sbs_solved": 2113,
        "sbs_avg_par2": 238.19431467228736,
        "vbs_solved": 2206,
        "vbs_avg_par2": 136.00099773590352,
        "gap_cls_solved": 0.8709677419354839,
        "gap_cls_par2": 0.8353015781576136
      },
      "test_metrics": {
        "total_count": 776,
        "solved": 714,
        "avg_par2": 206.53897908643245,
        "sbs_solved": 700,
        "sbs_avg_par2": 253.05335043939718,
        "vbs_solved": 727,
        "vbs_avg_par2": 163.1139369355965,
        "gap_cls_solved": 0.5185185185185185,
        "gap_cls_par2": 0.5171745015993363
      }
    }
  ],
  "aggregated": {
    "train": {
      "gap_cls_solved_mean": 0.8807619799555283,
      "gap_cls_solved_std": 0.0308093164271442,
      "gap_cls_par2_mean": 0.8494203252808932,
      "gap_cls_par2_std": 0.027601934826639935
    },
    "test": {
      "gap_cls_solved_mean": 0.5117229498945618,
      "gap_cls_solved_std": 0.029730514366008473,
      "gap_cls_par2_mean": 0.510375363993326,
      "gap_cls_par2_std": 0.028267569800613835
    }
  }
}