{
  "n_splits": 4,
  "n_instances": 1040,
  "model_type": "SVM",
  "folds_dir": "data/foiks26/perf_data/folds/BV",
  "feature_csv_path": [
    "data/features/syntactic/catalog1/BV.CSV",
    "data/features/native_desc/all_mpnet_base_v2/BV.CSV"
  ],
  "svm_c": 1.0,
  "folds": [
    {
      "fold": 1,
      "train_size": 780,
      "test_size": 260,
      "train_metrics": {
        "total_instances": 780,
        "solved": 736,
        "solve_rate": 94.35897435897435,
        "avg_par2": 147.2837819248235,
        "sbs_name": "cvc5",
        "sbs_solved": 706,
        "sbs_solve_rate": 90.51282051282051,
        "sbs_avg_par2": 258.23216388321015,
        "vbs_solved": 746,
        "vbs_solve_rate": 95.64102564102565,
        "vbs_avg_par2": 115.15197183616573,
        "gap_cls_solved": 0.75,
        "gap_cls_par2": 0.7754279636548649
      },
      "test_metrics": {
        "total_instances": 260,
        "solved": 247,
        "solve_rate": 95.0,
        "avg_par2": 137.2398405225867,
        "sbs_name": "cvc5",
        "sbs_solved": 246,
        "sbs_solve_rate": 94.61538461538461,
        "sbs_avg_par2": 169.29817596361613,
        "vbs_solved": 256,
        "vbs_solve_rate": 98.46153846153847,
        "vbs_avg_par2": 45.846360204837175,
        "gap_cls_solved": 0.1,
        "gap_cls_par2": 0.2596829803108805
      }
    },
    {
      "fold": 2,
      "train_size": 780,
      "test_size": 260,
      "train_metrics": {
        "total_instances": 780,
        "solved": 745,
        "solve_rate": 95.51282051282051,
        "avg_par2": 123.70864990489252,
        "sbs_name": "cvc5",
        "sbs_solved": 713,
        "sbs_solve_rate": 91.41025641025641,
        "sbs_avg_par2": 237.58930813360405,
        "vbs_solved": 753,
        "vbs_solve_rate": 96.53846153846153,
        "vbs_avg_par2": 94.56748526587826,
        "gap_cls_solved": 0.8,
        "gap_cls_par2": 0.7962467261659392
      },
      "test_metrics": {
        "total_instances": 260,
        "solved": 246,
        "solve_rate": 94.61538461538461,
        "avg_par2": 139.02561163427936,
        "sbs_name": "cvc5",
        "sbs_solved": 239,
        "sbs_solve_rate": 91.92307692307692,
        "sbs_avg_par2": 231.22674321243449,
        "vbs_solved": 249,
        "vbs_solve_rate": 95.76923076923077,
        "vbs_avg_par2": 107.5998199156996,
        "gap_cls_solved": 0.7,
        "gap_cls_par2": 0.7458013927666051
      }
    },
    {
      "fold": 3,
      "train_size": 780,
      "test_size": 260,
      "train_metrics": {
        "total_instances": 780,
        "solved": 746,
        "solve_rate": 95.64102564102565,
        "avg_par2": 120.57875004567069,
        "sbs_name": "cvc5",
        "sbs_solved": 715,
        "sbs_solve_rate": 91.66666666666666,
        "sbs_avg_par2": 235.95958399629185,
        "vbs_solved": 753,
        "vbs_solve_rate": 96.53846153846153,
        "vbs_avg_par2": 93.62403565910198,
        "gap_cls_solved": 0.8157894736842105,
        "gap_cls_par2": 0.8106255626126961
      },
      "test_metrics": {
        "total_instances": 260,
        "solved": 241,
        "solve_rate": 92.6923076923077,
        "avg_par2": 186.61065738550388,
        "sbs_name": "cvc5",
        "sbs_solved": 237,
        "sbs_solve_rate": 91.15384615384615,
        "sbs_avg_par2": 236.1159156243711,
        "vbs_solved": 249,
        "vbs_solve_rate": 95.76923076923077,
        "vbs_avg_par2": 110.43016873602845,
        "gap_cls_solved": 0.3333333333333333,
        "gap_cls_par2": 0.3938812432156444
      }
    },
    {
      "fold": 4,
      "train_size": 780,
      "test_size": 260,
      "train_metrics": {
        "total_instances": 780,
        "solved": 751,
        "solve_rate": 96.28205128205128,
        "avg_par2": 105.08351763881987,
        "sbs_name": "cvc5",
        "sbs_solved": 722,
        "sbs_solve_rate": 92.56410256410257,
        "sbs_avg_par2": 212.21361160014058,
        "vbs_solved": 754,
        "vbs_solve_rate": 96.66666666666667,
        "vbs_avg_par2": 87.9587829521884,
        "gap_cls_solved": 0.90625,
        "gap_cls_par2": 0.8621805295378057
      },
      "test_metrics": {
        "total_instances": 260,
        "solved": 236,
        "solve_rate": 90.76923076923077,
        "avg_par2": 238.43748042653226,
        "sbs_name": "cvc5",
        "sbs_solved": 230,
        "sbs_solve_rate": 88.46153846153845,
        "sbs_avg_par2": 307.3538328128249,
        "vbs_solved": 248,
        "vbs_solve_rate": 95.38461538461539,
        "vbs_avg_par2": 127.42592685676914,
        "gap_cls_solved": 0.3333333333333333,
        "gap_cls_par2": 0.38302203329773793
      }
    }
  ],
  "aggregated": {
    "test_solve_rate_mean": 93.26923076923077,
    "test_solve_rate_std": 1.6874931514215596,
    "test_avg_par2_mean": 175.32839749222555,
    "test_avg_par2_std": 41.468892468288814,
    "test_sbs_solve_rate_mean": 91.53846153846153,
    "test_sbs_solve_rate_std": 2.1926450482675754,
    "test_sbs_avg_par2_mean": 235.9986669033117,
    "test_sbs_avg_par2_std": 48.89606373867101,
    "test_vbs_solve_rate_mean": 96.34615384615384,
    "test_vbs_solve_rate_std": 1.2313700456601642,
    "test_vbs_avg_par2_mean": 97.8255689283336,
    "test_vbs_avg_par2_std": 30.95331665463521,
    "test_gap_cls_solved_mean": 0.36666666666666664,
    "test_gap_cls_solved_std": 0.21473497877875208,
    "test_gap_cls_par2_mean": 0.445596912397717,
    "test_gap_cls_par2_std": 0.18116073395666452,
    "train_solve_rate_mean": 95.44871794871794,
    "train_solve_rate_std": 0.6933752452815409,
    "train_avg_par2_mean": 124.16367487855163,
    "train_avg_par2_std": 15.096775184687775,
    "train_sbs_solve_rate_mean": 91.53846153846152,
    "train_sbs_solve_rate_std": 0.7308816827558597,
    "train_sbs_avg_par2_mean": 235.99866690331166,
    "train_sbs_avg_par2_std": 16.29868791289033,
    "train_vbs_solve_rate_mean": 96.34615384615385,
    "train_vbs_solve_rate_std": 0.4104566818867171,
    "train_vbs_avg_par2_mean": 97.8255689283336,
    "train_vbs_avg_par2_std": 10.317772218211738,
    "train_gap_cls_solved_mean": 0.8180098684210526,
    "train_gap_cls_solved_std": 0.05643790511936517,
    "train_gap_cls_par2_mean": 0.8111201954928264,
    "train_gap_cls_par2_std": 0.03202560646523194
  }
}