{
  "division": "QF_LIA",
  "n_seeds": 5,
  "seed_values": [
    0,
    10,
    20,
    30,
    40
  ],
  "model_type": "SVM",
  "splits_dir": "/home/john-lu/Desktop/smt-select/data/cp26/performance_splits/smtcomp24/QF_LIA",
  "feature_csv_path": [
    "data/features/smtlib_desc/gemma300/QF_LIA.csv"
  ],
  "seeds": [
    {
      "seed": 0,
      "train_size": 3618,
      "test_size": 1207,
      "train_metrics": {
        "solved": 3525,
        "avg_par2": 75.50472921715253,
        "sbs_name": "OpenSMT",
        "sbs_solved": 3390,
        "sbs_avg_par2": 211.21875675864814,
        "vbs_solved": 3544,
        "vbs_avg_par2": 57.76171831546939,
        "gap_cls_solved": 0.8766233766233766,
        "gap_cls_par2": 0.8843779921619371
      },
      "test_metrics": {
        "solved": 1177,
        "avg_par2": 72.96568509755625,
        "sbs_name": "OpenSMT",
        "sbs_solved": 1124,
        "sbs_avg_par2": 221.90117742543984,
        "vbs_solved": 1182,
        "vbs_avg_par2": 56.74290921905257,
        "gap_cls_solved": 0.9137931034482759,
        "gap_cls_par2": 0.9017743643434722
      }
    },
    {
      "seed": 10,
      "train_size": 3618,
      "test_size": 1207,
      "train_metrics": {
        "solved": 3525,
        "avg_par2": 75.15260246862067,
        "sbs_name": "OpenSMT",
        "sbs_solved": 3385,
        "sbs_avg_par2": 214.80620765811412,
        "vbs_solved": 3543,
        "vbs_avg_par2": 57.38506665321782,
        "gap_cls_solved": 0.8860759493670886,
        "gap_cls_par2": 0.8871337375527584
      },
      "test_metrics": {
        "solved": 1178,
        "avg_par2": 72.93521501695317,
        "sbs_name": "OpenSMT",
        "sbs_solved": 1129,
        "sbs_avg_par2": 211.14774134071087,
        "vbs_solved": 1183,
        "vbs_avg_par2": 57.871928037632664,
        "gap_cls_solved": 0.9074074074074074,
        "gap_cls_par2": 0.9017243056506554
      }
    },
    {
      "seed": 20,
      "train_size": 3618,
      "test_size": 1207,
      "train_metrics": {
        "solved": 3529,
        "avg_par2": 72.03357252720984,
        "sbs_name": "OpenSMT",
        "sbs_solved": 3384,
        "sbs_avg_par2": 215.0290765680648,
        "vbs_solved": 3546,
        "vbs_avg_par2": 55.23112424398988,
        "gap_cls_solved": 0.8950617283950617,
        "gap_cls_par2": 0.8948519174441978
      },
      "test_metrics": {
        "solved": 1174,
        "avg_par2": 83.52836096553845,
        "sbs_name": "OpenSMT",
        "sbs_solved": 1130,
        "sbs_avg_par2": 210.47968855181145,
        "vbs_solved": 1180,
        "vbs_avg_par2": 64.32840163878153,
        "gap_cls_solved": 0.88,
        "gap_cls_par2": 0.8686295568633464
      }
    },
    {
      "seed": 30,
      "train_size": 3618,
      "test_size": 1207,
      "train_metrics": {
        "solved": 3528,
        "avg_par2": 72.91110845508064,
        "sbs_name": "OpenSMT",
        "sbs_solved": 3386,
        "sbs_avg_par2": 210.82636253598452,
        "vbs_solved": 3548,
        "vbs_avg_par2": 54.73785351010224,
        "gap_cls_solved": 0.8765432098765432,
        "gap_cls_par2": 0.8835708338916547
      },
      "test_metrics": {
        "solved": 1173,
        "avg_par2": 84.90209351816189,
        "sbs_name": "OpenSMT",
        "sbs_solved": 1128,
        "sbs_avg_par2": 223.0773847971027,
        "vbs_solved": 1178,
        "vbs_avg_par2": 65.80698781542236,
        "gap_cls_solved": 0.9,
        "gap_cls_par2": 0.8785842341011968
      }
    },
    {
      "seed": 40,
      "train_size": 3618,
      "test_size": 1207,
      "train_metrics": {
        "solved": 3513,
        "avg_par2": 83.27379532017056,
        "sbs_name": "OpenSMT",
        "sbs_solved": 3370,
        "sbs_avg_par2": 224.3013800742982,
        "vbs_solved": 3532,
        "vbs_avg_par2": 65.21746850427438,
        "gap_cls_solved": 0.8827160493827161,
        "gap_cls_par2": 0.8864980962707324
      },
      "test_metrics": {
        "solved": 1185,
        "avg_par2": 56.85743203587794,
        "sbs_name": "OpenSMT",
        "sbs_solved": 1144,
        "sbs_avg_par2": 182.68582435499917,
        "vbs_solved": 1194,
        "vbs_avg_par2": 34.394189928997484,
        "gap_cls_solved": 0.82,
        "gap_cls_par2": 0.8485198292281975
      }
    }
  ],
  "aggregated": {
    "train": {
      "gap_cls_solved_mean": 0.8834040627289573,
      "gap_cls_solved_std": 0.006878408468231485,
      "gap_cls_par2_mean": 0.8872865154642561,
      "gap_cls_par2_std": 0.004003649594611543
    },
    "test": {
      "gap_cls_solved_mean": 0.8842401021711366,
      "gap_cls_solved_std": 0.03406830635459622,
      "gap_cls_par2_mean": 0.8798464580373736,
      "gap_cls_par2_std": 0.020338353153192497
    }
  }
}