{
  "division": "QF_NRA",
  "n_seeds": 5,
  "seed_values": [
    0,
    10,
    20,
    30,
    40
  ],
  "model_type": "gin_pwc_fb",
  "splits_dir": "/home/john-lu/Desktop/smt-select/data/cp26/performance_splits/smtcomp24/QF_NRA",
  "benchmark_root": "/home/john-lu/Desktop/smt_data/smtlib25/non-incremental",
  "seeds": [
    {
      "seed": 0,
      "train_size": 2328,
      "test_size": 776,
      "train_metrics": {
        "total_count": 2328,
        "solved": 2174,
        "avg_par2": 174.73446449868564,
        "sbs_solved": 2123,
        "sbs_avg_par2": 228.44645983119491,
        "vbs_solved": 2200,
        "vbs_avg_par2": 141.66833103795628,
        "gap_cls_solved": 0.6623376623376623,
        "gap_cls_par2": 0.6189577498321706
      },
      "test_metrics": {
        "total_count": 776,
        "solved": 718,
        "avg_par2": 197.1426524194556,
        "sbs_solved": 690,
        "sbs_avg_par2": 282.29691496267446,
        "vbs_solved": 733,
        "vbs_avg_par2": 146.11193702943822,
        "gap_cls_solved": 0.6511627906976745,
        "gap_cls_par2": 0.6252838149664728
      }
    },
    {
      "seed": 10,
      "train_size": 2328,
      "test_size": 776,
      "train_metrics": {
        "total_count": 2328,
        "solved": 2165,
        "avg_par2": 182.54790099431378,
        "sbs_solved": 2105,
        "sbs_avg_par2": 246.44067750611893,
        "vbs_solved": 2196,
        "vbs_avg_par2": 147.03318296207544,
        "gap_cls_solved": 0.6593406593406593,
        "gap_cls_par2": 0.6427360110509255
      },
      "test_metrics": {
        "total_count": 776,
        "solved": 728,
        "avg_par2": 166.3675017724514,
        "sbs_solved": 708,
        "sbs_avg_par2": 228.3142619379025,
        "vbs_solved": 737,
        "vbs_avg_par2": 130.01738125708076,
        "gap_cls_solved": 0.6896551724137931,
        "gap_cls_par2": 0.6302006710324559
      }
    },
    {
      "seed": 20,
      "train_size": 2328,
      "test_size": 776,
      "train_metrics": {
        "total_count": 2328,
        "solved": 2157,
        "avg_par2": 193.2284737635792,
        "sbs_solved": 2107,
        "sbs_avg_par2": 244.52493277170873,
        "vbs_solved": 2195,
        "vbs_avg_par2": 147.71797247858814,
        "gap_cls_solved": 0.5681818181818182,
        "gap_cls_par2": 0.5298839964896082
      },
      "test_metrics": {
        "total_count": 776,
        "solved": 720,
        "avg_par2": 193.69421166817529,
        "sbs_solved": 706,
        "sbs_avg_par2": 234.06149614113298,
        "vbs_solved": 738,
        "vbs_avg_par2": 127.96301270754263,
        "gap_cls_solved": 0.4375,
        "gap_cls_par2": 0.3804699479820988
      }
    },
    {
      "seed": 30,
      "train_size": 2328,
      "test_size": 776,
      "train_metrics": {
        "total_count": 2328,
        "solved": 2162,
        "avg_par2": 188.3387815832914,
        "sbs_solved": 2101,
        "sbs_avg_par2": 250.74497346834673,
        "vbs_solved": 2189,
        "vbs_avg_par2": 153.12528382377576,
        "gap_cls_solved": 0.6931818181818182,
        "gap_cls_par2": 0.6392787368232122
      },
      "test_metrics": {
        "total_count": 776,
        "solved": 726,
        "avg_par2": 169.48602395515525,
        "sbs_solved": 712,
        "sbs_avg_par2": 215.4013740512191,
        "vbs_solved": 744,
        "vbs_avg_par2": 111.7410786719798,
        "gap_cls_solved": 0.4375,
        "gap_cls_par2": 0.4429405678238075
      }
    },
    {
      "seed": 40,
      "train_size": 2328,
      "test_size": 776,
      "train_metrics": {
        "total_count": 2328,
        "solved": 2185,
        "avg_par2": 165.16876700605357,
        "sbs_solved": 2113,
        "sbs_avg_par2": 238.19431467228736,
        "vbs_solved": 2206,
        "vbs_avg_par2": 136.00099773590352,
        "gap_cls_solved": 0.7741935483870968,
        "gap_cls_par2": 0.7145824194325034
      },
      "test_metrics": {
        "total_count": 776,
        "solved": 713,
        "avg_par2": 212.13445878160522,
        "sbs_solved": 700,
        "sbs_avg_par2": 253.05335043939718,
        "vbs_solved": 727,
        "vbs_avg_par2": 163.1139369355965,
        "gap_cls_solved": 0.48148148148148145,
        "gap_cls_par2": 0.45496062364319073
      }
    }
  ],
  "aggregated": {
    "train": {
      "gap_cls_solved_mean": 0.6714471012858111,
      "gap_cls_solved_std": 0.06621555228125194,
      "gap_cls_par2_mean": 0.629087782725684,
      "gap_cls_par2_std": 0.05923423226051569
    },
    "test": {
      "gap_cls_solved_mean": 0.5394598889185898,
      "gap_cls_solved_std": 0.10880192560391386,
      "gap_cls_par2_mean": 0.5067711250896052,
      "gap_cls_par2_std": 0.10197133510280405
    }
  }
}