{
  "division": "QF_LIA",
  "n_seeds": 5,
  "seed_values": [
    0,
    10,
    20,
    30,
    40
  ],
  "model_type": "SVM",
  "splits_dir": "/home/john-lu/Desktop/smt-select/data/cp26/performance_splits/smtcomp24/QF_LIA",
  "feature_csv_path": [
    "data/features/smtlib_desc/qwen3_0.6/QF_LIA.csv"
  ],
  "seeds": [
    {
      "seed": 0,
      "train_size": 3618,
      "test_size": 1207,
      "train_metrics": {
        "solved": 3525,
        "avg_par2": 75.52977487514872,
        "sbs_name": "OpenSMT",
        "sbs_solved": 3390,
        "sbs_avg_par2": 211.21875675864814,
        "vbs_solved": 3544,
        "vbs_avg_par2": 57.76171831546939,
        "gap_cls_solved": 0.8766233766233766,
        "gap_cls_par2": 0.8842147825871252
      },
      "test_metrics": {
        "solved": 1177,
        "avg_par2": 72.97433235879072,
        "sbs_name": "OpenSMT",
        "sbs_solved": 1124,
        "sbs_avg_par2": 221.90117742543984,
        "vbs_solved": 1182,
        "vbs_avg_par2": 56.74290921905257,
        "gap_cls_solved": 0.9137931034482759,
        "gap_cls_par2": 0.9017220069209322
      }
    },
    {
      "seed": 10,
      "train_size": 3618,
      "test_size": 1207,
      "train_metrics": {
        "solved": 3525,
        "avg_par2": 75.19173456006264,
        "sbs_name": "OpenSMT",
        "sbs_solved": 3385,
        "sbs_avg_par2": 214.80620765811412,
        "vbs_solved": 3543,
        "vbs_avg_par2": 57.38506665321782,
        "gap_cls_solved": 0.8860759493670886,
        "gap_cls_par2": 0.886885155366197
      },
      "test_metrics": {
        "solved": 1178,
        "avg_par2": 73.27515124577754,
        "sbs_name": "OpenSMT",
        "sbs_solved": 1129,
        "sbs_avg_par2": 211.14774134071087,
        "vbs_solved": 1183,
        "vbs_avg_par2": 57.871928037632664,
        "gap_cls_solved": 0.9074074074074074,
        "gap_cls_par2": 0.8995064982777977
      }
    },
    {
      "seed": 20,
      "train_size": 3618,
      "test_size": 1207,
      "train_metrics": {
        "solved": 3529,
        "avg_par2": 72.0420823772057,
        "sbs_name": "OpenSMT",
        "sbs_solved": 3384,
        "sbs_avg_par2": 215.0290765680648,
        "vbs_solved": 3546,
        "vbs_avg_par2": 55.23112424398988,
        "gap_cls_solved": 0.8950617283950617,
        "gap_cls_par2": 0.8947986636329187
      },
      "test_metrics": {
        "solved": 1174,
        "avg_par2": 83.32590875599743,
        "sbs_name": "OpenSMT",
        "sbs_solved": 1130,
        "sbs_avg_par2": 210.47968855181145,
        "vbs_solved": 1180,
        "vbs_avg_par2": 64.32840163878153,
        "gap_cls_solved": 0.88,
        "gap_cls_par2": 0.8700147804478743
      }
    },
    {
      "seed": 30,
      "train_size": 3618,
      "test_size": 1207,
      "train_metrics": {
        "solved": 3528,
        "avg_par2": 72.92433711275753,
        "sbs_name": "OpenSMT",
        "sbs_solved": 3386,
        "sbs_avg_par2": 210.82636253598452,
        "vbs_solved": 3548,
        "vbs_avg_par2": 54.73785351010224,
        "gap_cls_solved": 0.8765432098765432,
        "gap_cls_par2": 0.8834860828887817
      },
      "test_metrics": {
        "solved": 1173,
        "avg_par2": 84.08997820329279,
        "sbs_name": "OpenSMT",
        "sbs_solved": 1128,
        "sbs_avg_par2": 223.0773847971027,
        "vbs_solved": 1178,
        "vbs_avg_par2": 65.80698781542236,
        "gap_cls_solved": 0.9,
        "gap_cls_par2": 0.8837480496091065
      }
    },
    {
      "seed": 40,
      "train_size": 3618,
      "test_size": 1207,
      "train_metrics": {
        "solved": 3513,
        "avg_par2": 83.32373259422505,
        "sbs_name": "OpenSMT",
        "sbs_solved": 3370,
        "sbs_avg_par2": 224.3013800742982,
        "vbs_solved": 3532,
        "vbs_avg_par2": 65.21746850427438,
        "gap_cls_solved": 0.8827160493827161,
        "gap_cls_par2": 0.8861841910268793
      },
      "test_metrics": {
        "solved": 1187,
        "avg_par2": 52.92461499290611,
        "sbs_name": "OpenSMT",
        "sbs_solved": 1144,
        "sbs_avg_par2": 182.68582435499917,
        "vbs_solved": 1194,
        "vbs_avg_par2": 34.394189928997484,
        "gap_cls_solved": 0.86,
        "gap_cls_par2": 0.875040657986979
      }
    }
  ],
  "aggregated": {
    "train": {
      "gap_cls_solved_mean": 0.8834040627289573,
      "gap_cls_solved_std": 0.006878408468231485,
      "gap_cls_par2_mean": 0.8871137751003804,
      "gap_cls_par2_std": 0.004038272246000943
    },
    "test": {
      "gap_cls_solved_mean": 0.8922401021711366,
      "gap_cls_solved_std": 0.019718211458761504,
      "gap_cls_par2_mean": 0.8860063986485379,
      "gap_cls_par2_std": 0.012730377014743518
    }
  }
}