{
  "division": "QF_NRA",
  "n_seeds": 5,
  "seed_values": [
    0,
    10,
    20,
    30,
    40
  ],
  "model_type": "SVM",
  "splits_dir": "/home/john-lu/Desktop/smt-select/data/cp26/performance_splits/smtcomp24/QF_NRA",
  "feature_csv_path": "/home/john-lu/Desktop/smt-select/data/features/desc/embeddinggemma-300m/QF_NRA/features.csv",
  "seeds": [
    {
      "seed": 0,
      "train_size": 2328,
      "test_size": 776,
      "train_metrics": {
        "total_count": 2328,
        "solved": 2177,
        "avg_par2": 173.72907471104097,
        "sbs_solved": 2123,
        "sbs_avg_par2": 228.44645983119491,
        "vbs_solved": 2200,
        "vbs_avg_par2": 141.66833103795628,
        "gap_cls_solved": 0.7012987012987013,
        "gap_cls_par2": 0.6305435007768603
      },
      "test_metrics": {
        "total_count": 776,
        "solved": 716,
        "avg_par2": 208.39160481572958,
        "sbs_solved": 690,
        "sbs_avg_par2": 282.29691496267446,
        "vbs_solved": 733,
        "vbs_avg_par2": 146.11193702943822,
        "gap_cls_solved": 0.6046511627906976,
        "gap_cls_par2": 0.5426832773228224
      }
    },
    {
      "seed": 10,
      "train_size": 2328,
      "test_size": 776,
      "train_metrics": {
        "total_count": 2328,
        "solved": 2170,
        "avg_par2": 182.69519704557754,
        "sbs_solved": 2105,
        "sbs_avg_par2": 246.44067750611893,
        "vbs_solved": 2196,
        "vbs_avg_par2": 147.03318296207544,
        "gap_cls_solved": 0.7142857142857143,
        "gap_cls_par2": 0.6412542711485231
      },
      "test_metrics": {
        "total_count": 776,
        "solved": 719,
        "avg_par2": 193.17916407789778,
        "sbs_solved": 708,
        "sbs_avg_par2": 228.3142619379025,
        "vbs_solved": 737,
        "vbs_avg_par2": 130.01738125708076,
        "gap_cls_solved": 0.3793103448275862,
        "gap_cls_par2": 0.35743858418143853
      }
    },
    {
      "seed": 20,
      "train_size": 2328,
      "test_size": 776,
      "train_metrics": {
        "total_count": 2328,
        "solved": 2171,
        "avg_par2": 180.43419949537872,
        "sbs_solved": 2107,
        "sbs_avg_par2": 244.52493277170873,
        "vbs_solved": 2195,
        "vbs_avg_par2": 147.71797247858814,
        "gap_cls_solved": 0.7272727272727273,
        "gap_cls_par2": 0.6620467483151053
      },
      "test_metrics": {
        "total_count": 776,
        "solved": 722,
        "avg_par2": 189.39280425482247,
        "sbs_solved": 706,
        "sbs_avg_par2": 234.06149614113298,
        "vbs_solved": 738,
        "vbs_avg_par2": 127.96301270754263,
        "gap_cls_solved": 0.5,
        "gap_cls_par2": 0.4210115964029754
      }
    },
    {
      "seed": 30,
      "train_size": 2328,
      "test_size": 776,
      "train_metrics": {
        "total_count": 2328,
        "solved": 2163,
        "avg_par2": 186.8835089247419,
        "sbs_solved": 2101,
        "sbs_avg_par2": 250.74497346834673,
        "vbs_solved": 2189,
        "vbs_avg_par2": 153.12528382377576,
        "gap_cls_solved": 0.7045454545454546,
        "gap_cls_par2": 0.654186309914748
      },
      "test_metrics": {
        "total_count": 776,
        "solved": 725,
        "avg_par2": 178.24084858231515,
        "sbs_solved": 712,
        "sbs_avg_par2": 215.4013740512191,
        "vbs_solved": 744,
        "vbs_avg_par2": 111.7410786719798,
        "gap_cls_solved": 0.40625,
        "gap_cls_par2": 0.3584836926515871
      }
    },
    {
      "seed": 40,
      "train_size": 2328,
      "test_size": 776,
      "train_metrics": {
        "total_count": 2328,
        "solved": 2180,
        "avg_par2": 170.32716051595312,
        "sbs_solved": 2113,
        "sbs_avg_par2": 238.19431467228736,
        "vbs_solved": 2206,
        "vbs_avg_par2": 136.00099773590352,
        "gap_cls_solved": 0.7204301075268817,
        "gap_cls_par2": 0.6641056009423991
      },
      "test_metrics": {
        "total_count": 776,
        "solved": 705,
        "avg_par2": 238.1786333509248,
        "sbs_solved": 700,
        "sbs_avg_par2": 253.05335043939718,
        "vbs_solved": 727,
        "vbs_avg_par2": 163.1139369355965,
        "gap_cls_solved": 0.18518518518518517,
        "gap_cls_par2": 0.16538596938753447
      }
    }
  ],
  "aggregated": {
    "train": {
      "gap_cls_solved_mean": 0.7135665409858959,
      "gap_cls_solved_std": 0.009668145526249157,
      "gap_cls_par2_mean": 0.6504272862195272,
      "gap_cls_par2_std": 0.012772999500607722
    },
    "test": {
      "gap_cls_solved_mean": 0.4150793385606938,
      "gap_cls_solved_std": 0.13954045662066686,
      "gap_cls_par2_mean": 0.3690006239892716,
      "gap_cls_par2_std": 0.12212618023852678
    }
  }
}