{
  "n_splits": 4,
  "n_instances": 966,
  "model_type": "SVM",
  "folds_dir": "data/perf_data/folds/QF_IDL",
  "feature_csv_path": "data/features/path_emb/all_mpnet_base_v2/QF_IDL.csv",
  "folds": [
    {
      "fold": 1,
      "train_size": 724,
      "test_size": 242,
      "train_metrics": {
        "total_instances": 724,
        "solved": 660,
        "solve_rate": 91.16022099447514,
        "avg_par2": 256.27656202544176,
        "sbs_name": "Z3alpha",
        "sbs_solved": 624,
        "sbs_solve_rate": 86.1878453038674,
        "sbs_avg_par2": 375.8697894916228,
        "vbs_solved": 660,
        "vbs_solve_rate": 91.16022099447514,
        "vbs_avg_par2": 255.8386904923468,
        "gap_cls_solved": 1.0,
        "gap_cls_par2": 0.9963520159629832
      },
      "test_metrics": {
        "total_instances": 242,
        "solved": 217,
        "solve_rate": 89.6694214876033,
        "avg_par2": 290.19604972773544,
        "sbs_name": "Z3alpha",
        "sbs_solved": 213,
        "sbs_solve_rate": 88.01652892561982,
        "sbs_avg_par2": 346.4467199106653,
        "vbs_solved": 222,
        "vbs_solve_rate": 91.73553719008265,
        "vbs_avg_par2": 236.31944105414095,
        "gap_cls_solved": 0.4444444444444444,
        "gap_cls_par2": 0.5107787168355823
      }
    },
    {
      "fold": 2,
      "train_size": 724,
      "test_size": 242,
      "train_metrics": {
        "total_instances": 724,
        "solved": 658,
        "solve_rate": 90.88397790055248,
        "avg_par2": 262.0895649798691,
        "sbs_name": "Z3alpha",
        "sbs_solved": 628,
        "sbs_solve_rate": 86.74033149171271,
        "sbs_avg_par2": 372.1495483918531,
        "vbs_solved": 658,
        "vbs_solve_rate": 90.88397790055248,
        "vbs_avg_par2": 261.2580353346705,
        "gap_cls_solved": 1.0,
        "gap_cls_par2": 0.992501413117433
      },
      "test_metrics": {
        "total_instances": 242,
        "solved": 217,
        "solve_rate": 89.6694214876033,
        "avg_par2": 282.47082455328007,
        "sbs_name": "Z3alpha",
        "sbs_solved": 209,
        "sbs_solve_rate": 86.36363636363636,
        "sbs_avg_par2": 357.5766974157603,
        "vbs_solved": 224,
        "vbs_solve_rate": 92.56198347107438,
        "vbs_avg_par2": 220.10619450107356,
        "gap_cls_solved": 0.5333333333333333,
        "gap_cls_par2": 0.5463417334632901
      }
    },
    {
      "fold": 3,
      "train_size": 725,
      "test_size": 241,
      "train_metrics": {
        "total_instances": 725,
        "solved": 659,
        "solve_rate": 90.89655172413794,
        "avg_par2": 267.6003057956772,
        "sbs_name": "Z3alpha",
        "sbs_solved": 623,
        "sbs_solve_rate": 85.93103448275862,
        "sbs_avg_par2": 389.40944606800804,
        "vbs_solved": 659,
        "vbs_solve_rate": 90.89655172413794,
        "vbs_avg_par2": 266.768570847119,
        "gap_cls_solved": 1.0,
        "gap_cls_par2": 0.9932181261177391
      },
      "test_metrics": {
        "total_instances": 241,
        "solved": 220,
        "solve_rate": 91.28630705394191,
        "avg_par2": 235.429059515465,
        "sbs_name": "Z3alpha",
        "sbs_solved": 214,
        "sbs_solve_rate": 88.79668049792531,
        "sbs_avg_par2": 305.5933004606228,
        "vbs_solved": 223,
        "vbs_solve_rate": 92.5311203319502,
        "vbs_avg_par2": 203.35810285228203,
        "gap_cls_solved": 0.6666666666666666,
        "gap_cls_par2": 0.6863021991110574
      }
    },
    {
      "fold": 4,
      "train_size": 725,
      "test_size": 241,
      "train_metrics": {
        "total_instances": 725,
        "solved": 669,
        "solve_rate": 92.27586206896552,
        "avg_par2": 220.37221315930617,
        "sbs_name": "Z3alpha",
        "sbs_solved": 636,
        "sbs_solve_rate": 87.72413793103449,
        "sbs_avg_par2": 336.5815895227656,
        "vbs_solved": 669,
        "vbs_solve_rate": 92.27586206896552,
        "vbs_avg_par2": 219.95076771277505,
        "gap_cls_solved": 1.0,
        "gap_cls_par2": 0.9963865002407535
      },
      "test_metrics": {
        "total_instances": 241,
        "solved": 200,
        "solve_rate": 82.98755186721992,
        "avg_par2": 451.02512017990097,
        "sbs_name": "Z3alpha",
        "sbs_solved": 201,
        "sbs_solve_rate": 83.40248962655602,
        "sbs_avg_par2": 464.51527554485807,
        "vbs_solved": 213,
        "vbs_solve_rate": 88.38174273858921,
        "vbs_avg_par2": 344.2000417419059,
        "gap_cls_solved": -0.08333333333333333,
        "gap_cls_par2": 0.11212341894336325
      }
    }
  ],
  "aggregated": {
    "test_solve_rate_mean": 88.40317547409211,
    "test_solve_rate_std": 3.195629229569058,
    "test_avg_par2_mean": 314.7802634940954,
    "test_avg_par2_std": 81.40570919378791,
    "test_sbs_solve_rate_mean": 86.64483385343438,
    "test_sbs_solve_rate_std": 2.067840628911283,
    "test_sbs_avg_par2_mean": 368.5329983329766,
    "test_sbs_avg_par2_std": 58.69805646564903,
    "test_vbs_solve_rate_mean": 91.3025959329241,
    "test_vbs_solve_rate_std": 1.7185859510988275,
    "test_vbs_avg_par2_mean": 250.99594503735062,
    "test_vbs_avg_par2_std": 55.05893230876393,
    "test_gap_cls_solved_mean": 0.3902777777777778,
    "test_gap_cls_solved_std": 0.28464768672089286,
    "test_gap_cls_par2_mean": 0.46388651708832324,
    "test_gap_cls_par2_std": 0.21342665832245403,
    "train_solve_rate_mean": 91.30415317203277,
    "train_solve_rate_std": 0.5717562529619263,
    "train_avg_par2_mean": 251.58466149007356,
    "train_avg_par2_std": 18.459988632771047,
    "train_sbs_solve_rate_mean": 86.6458373023433,
    "train_sbs_solve_rate_std": 0.6878155892415048,
    "train_sbs_avg_par2_mean": 368.5025933685624,
    "train_sbs_avg_par2_std": 19.5168058092073,
    "train_vbs_solve_rate_mean": 91.30415317203277,
    "train_vbs_solve_rate_std": 0.5717562529619263,
    "train_vbs_avg_par2_mean": 250.95401609672783,
    "train_vbs_avg_par2_std": 18.312116267087347,
    "train_gap_cls_solved_mean": 1.0,
    "train_gap_cls_solved_std": 0.0,
    "train_gap_cls_par2_mean": 0.9946145138597272,
    "train_gap_cls_par2_std": 0.0017729877866486073
  }
}