{
  "division": "ABV",
  "n_seeds": 5,
  "seed_values": [
    0,
    10,
    20,
    30,
    40
  ],
  "model_type": "SVM",
  "splits_dir": "/home/john-lu/Desktop/smt-select/data/cp26/performance_splits/smtcomp24/ABV",
  "feature_csv_path": [
    "data/features/syntactic/catalog_all/ABV.csv",
    "data/features/smtlib_desc/qwen3_0.6/ABV.csv"
  ],
  "seeds": [
    {
      "seed": 0,
      "train_size": 1865,
      "test_size": 622,
      "train_metrics": {
        "solved": 708,
        "avg_par2": 1491.8366516319902,
        "sbs_name": "cvc5",
        "sbs_solved": 621,
        "sbs_avg_par2": 1603.2889194204809,
        "vbs_solved": 722,
        "vbs_avg_par2": 1473.078278344809,
        "gap_cls_solved": 0.8613861386138614,
        "gap_cls_par2": 0.8559382464273421
      },
      "test_metrics": {
        "solved": 240,
        "avg_par2": 1476.8473176947355,
        "sbs_name": "cvc5",
        "sbs_solved": 216,
        "sbs_avg_par2": 1568.1989067370248,
        "vbs_solved": 249,
        "vbs_avg_par2": 1441.4982744351369,
        "gap_cls_solved": 0.7272727272727273,
        "gap_cls_par2": 0.7210034187092855
      }
    },
    {
      "seed": 10,
      "train_size": 1865,
      "test_size": 622,
      "train_metrics": {
        "solved": 722,
        "avg_par2": 1473.7546879969648,
        "sbs_name": "cvc5",
        "sbs_solved": 632,
        "sbs_avg_par2": 1588.8577544287875,
        "vbs_solved": 736,
        "vbs_avg_par2": 1455.235929221568,
        "gap_cls_solved": 0.8653846153846154,
        "gap_cls_par2": 0.8614091766320511
      },
      "test_metrics": {
        "solved": 226,
        "avg_par2": 1531.2931108315058,
        "sbs_name": "cvc5",
        "sbs_solved": 205,
        "sbs_avg_par2": 1611.469200482215,
        "vbs_solved": 235,
        "vbs_avg_par2": 1494.9966363561089,
        "gap_cls_solved": 0.7,
        "gap_cls_par2": 0.6883688897232625
      }
    },
    {
      "seed": 20,
      "train_size": 1865,
      "test_size": 622,
      "train_metrics": {
        "solved": 696,
        "avg_par2": 1507.3453767058804,
        "sbs_name": "cvc5",
        "sbs_solved": 609,
        "sbs_avg_par2": 1618.333484612624,
        "vbs_solved": 710,
        "vbs_avg_par2": 1488.5088358280148,
        "gap_cls_solved": 0.8613861386138614,
        "gap_cls_par2": 0.8549078233277783
      },
      "test_metrics": {
        "solved": 252,
        "avg_par2": 1430.4939164180175,
        "sbs_name": "cvc5",
        "sbs_solved": 228,
        "sbs_avg_par2": 1523.0893985644411,
        "vbs_solved": 261,
        "vbs_avg_par2": 1395.2314099557502,
        "gap_cls_solved": 0.7272727272727273,
        "gap_cls_par2": 0.724205684400463
      }
    },
    {
      "seed": 30,
      "train_size": 1865,
      "test_size": 622,
      "train_metrics": {
        "solved": 722,
        "avg_par2": 1474.1338055904628,
        "sbs_name": "cvc5",
        "sbs_solved": 635,
        "sbs_avg_par2": 1585.3660500218632,
        "vbs_solved": 732,
        "vbs_avg_par2": 1460.3725213420041,
        "gap_cls_solved": 0.8969072164948454,
        "gap_cls_par2": 0.8899040262819935
      },
      "test_metrics": {
        "solved": 230,
        "avg_par2": 1514.7223693145947,
        "sbs_name": "cvc5",
        "sbs_solved": 202,
        "sbs_avg_par2": 1621.9387000303082,
        "vbs_solved": 239,
        "vbs_avg_par2": 1479.595118181489,
        "gap_cls_solved": 0.7567567567567568,
        "gap_cls_par2": 0.7532220934947816
      }
    },
    {
      "seed": 40,
      "train_size": 1865,
      "test_size": 622,
      "train_metrics": {
        "solved": 706,
        "avg_par2": 1494.5265947318774,
        "sbs_name": "cvc5",
        "sbs_solved": 629,
        "sbs_avg_par2": 1592.8500082670396,
        "vbs_solved": 722,
        "vbs_avg_par2": 1473.1400666613551,
        "gap_cls_solved": 0.8279569892473119,
        "gap_cls_par2": 0.8213471013045196
      },
      "test_metrics": {
        "solved": 237,
        "avg_par2": 1488.2740180162446,
        "sbs_name": "cvc5",
        "sbs_solved": 208,
        "sbs_avg_par2": 1599.4988573819894,
        "vbs_solved": 249,
        "vbs_avg_par2": 1441.3130088236273,
        "gap_cls_solved": 0.7073170731707317,
        "gap_cls_par2": 0.703127620955985
      }
    }
  ],
  "aggregated": {
    "train": {
      "gap_cls_solved_mean": 0.8626042196708991,
      "gap_cls_solved_std": 0.02185325701297955,
      "gap_cls_par2_mean": 0.8567012747947368,
      "gap_cls_par2_std": 0.02180964607536984
    },
    "test": {
      "gap_cls_solved_mean": 0.7237238568945885,
      "gap_cls_solved_std": 0.019740138668925454,
      "gap_cls_par2_mean": 0.7179855414567556,
      "gap_cls_par2_std": 0.02185093234802692
    }
  }
}