{
  "division": "AUFBVDTNIRA",
  "n_seeds": 5,
  "seed_values": [
    0,
    10,
    20,
    30,
    40
  ],
  "model_type": "SVM",
  "splits_dir": "/home/john-lu/Desktop/smt-select/data/cp26/performance_splits/smtcomp24/AUFBVDTNIRA",
  "feature_csv_path": [
    "/home/john-lu/Desktop/smt-select/data/features/syntactic/catalog_all/AUFBVDTNIRA.csv"
  ],
  "seeds": [
    {
      "seed": 0,
      "train_size": 796,
      "test_size": 266,
      "train_metrics": {
        "solved": 153,
        "avg_par2": 1942.3647262456818,
        "sbs_name": "cvc5",
        "sbs_solved": 110,
        "sbs_avg_par2": 2069.889156482059,
        "vbs_solved": 153,
        "vbs_avg_par2": 1942.1781037001606,
        "gap_cls_solved": 1.0,
        "gap_cls_par2": 0.9985387126528513
      },
      "test_metrics": {
        "solved": 38,
        "avg_par2": 2069.0588818155484,
        "sbs_name": "cvc5",
        "sbs_solved": 27,
        "sbs_avg_par2": 2156.522997907691,
        "vbs_solved": 44,
        "vbs_avg_par2": 2018.429583452533,
        "gap_cls_solved": 0.6470588235294118,
        "gap_cls_par2": 0.6333692047316585
      }
    },
    {
      "seed": 10,
      "train_size": 796,
      "test_size": 266,
      "train_metrics": {
        "solved": 143,
        "avg_par2": 1974.0669289845075,
        "sbs_name": "cvc5",
        "sbs_solved": 102,
        "sbs_avg_par2": 2093.6778028767867,
        "vbs_solved": 144,
        "vbs_avg_par2": 1970.896061033226,
        "gap_cls_solved": 0.9761904761904762,
        "gap_cls_par2": 0.9741747599954922
      },
      "test_metrics": {
        "solved": 50,
        "avg_par2": 1959.5273754445861,
        "sbs_name": "cvc5",
        "sbs_solved": 35,
        "sbs_avg_par2": 2085.335920726476,
        "vbs_solved": 53,
        "vbs_avg_par2": 1932.4916359445629,
        "gap_cls_solved": 0.8333333333333334,
        "gap_cls_par2": 0.8231157969786088
      }
    },
    {
      "seed": 20,
      "train_size": 796,
      "test_size": 266,
      "train_metrics": {
        "solved": 162,
        "avg_par2": 1918.8065454308519,
        "sbs_name": "cvc5",
        "sbs_solved": 114,
        "sbs_avg_par2": 2057.5323194480598,
        "vbs_solved": 162,
        "vbs_avg_par2": 1918.593245867277,
        "gap_cls_solved": 1.0,
        "gap_cls_par2": 0.9984647978565153
      },
      "test_metrics": {
        "solved": 30,
        "avg_par2": 2135.765212683567,
        "sbs_name": "cvc5",
        "sbs_solved": 23,
        "sbs_avg_par2": 2193.5006004605616,
        "vbs_solved": 35,
        "vbs_avg_par2": 2089.0068271930427,
        "gap_cls_solved": 0.5833333333333334,
        "gap_cls_par2": 0.5525246717733494
      }
    },
    {
      "seed": 30,
      "train_size": 796,
      "test_size": 266,
      "train_metrics": {
        "solved": 150,
        "avg_par2": 1953.928463932617,
        "sbs_name": "cvc5",
        "sbs_solved": 102,
        "sbs_avg_par2": 2093.5066827898495,
        "vbs_solved": 150,
        "vbs_avg_par2": 1953.8553155379273,
        "gap_cls_solved": 1.0,
        "gap_cls_par2": 0.9994762070996572
      },
      "test_metrics": {
        "solved": 42,
        "avg_par2": 2028.744436677562,
        "sbs_name": "cvc5",
        "sbs_solved": 35,
        "sbs_avg_par2": 2085.847994370092,
        "vbs_solved": 47,
        "vbs_avg_par2": 1983.4857465244793,
        "gap_cls_solved": 0.5833333333333334,
        "gap_cls_par2": 0.5578575978387669
      }
    },
    {
      "seed": 40,
      "train_size": 796,
      "test_size": 266,
      "train_metrics": {
        "solved": 144,
        "avg_par2": 1970.8975632239546,
        "sbs_name": "cvc5",
        "sbs_solved": 97,
        "sbs_avg_par2": 2108.03069756801,
        "vbs_solved": 144,
        "vbs_avg_par2": 1970.7195682984207,
        "gap_cls_solved": 1.0,
        "gap_cls_par2": 0.9987037108610146
      },
      "test_metrics": {
        "solved": 46,
        "avg_par2": 1998.0617862702934,
        "sbs_name": "cvc5",
        "sbs_solved": 40,
        "sbs_avg_par2": 2042.3851531542439,
        "vbs_solved": 53,
        "vbs_avg_par2": 1933.0197871359353,
        "gap_cls_solved": 0.46153846153846156,
        "gap_cls_par2": 0.40527790924715984
      }
    }
  ],
  "aggregated": {
    "train": {
      "gap_cls_solved_mean": 0.9952380952380953,
      "gap_cls_solved_std": 0.009523809523809533,
      "gap_cls_par2_mean": 0.993871637693106,
      "gap_cls_par2_std": 0.009855007146970933
    },
    "test": {
      "gap_cls_solved_mean": 0.6217194570135748,
      "gap_cls_solved_std": 0.12167781756777678,
      "gap_cls_par2_mean": 0.5944290361139086,
      "gap_cls_par2_std": 0.13615106754633038
    }
  }
}