{
  "division": "UFNIA",
  "n_seeds": 5,
  "seed_values": [
    0,
    10,
    20,
    30,
    40
  ],
  "model_type": "SVM",
  "splits_dir": "/home/john-lu/Desktop/smt-select/data/cp26/performance_splits/smtcomp24/UFNIA",
  "feature_csv_path": [
    "data/features/syntactic/catalog_all/UFNIA.csv",
    "data/features/smtlib_desc/minilm/UFNIA.csv"
  ],
  "seeds": [
    {
      "seed": 0,
      "train_size": 4709,
      "test_size": 1570,
      "train_metrics": {
        "solved": 2808,
        "avg_par2": 1000.7143277639027,
        "sbs_name": "cvc5",
        "sbs_solved": 2775,
        "sbs_avg_par2": 1018.7174375948581,
        "vbs_solved": 2830,
        "vbs_avg_par2": 988.6280494388842,
        "gap_cls_solved": 0.6,
        "gap_cls_par2": 0.5983209009645845
      },
      "test_metrics": {
        "solved": 918,
        "avg_par2": 1034.890785287271,
        "sbs_name": "cvc5",
        "sbs_solved": 913,
        "sbs_avg_par2": 1042.7014970401126,
        "vbs_solved": 929,
        "vbs_avg_par2": 1017.610803086114,
        "gap_cls_solved": 0.3125,
        "gap_cls_par2": 0.31129915207454123
      }
    },
    {
      "seed": 10,
      "train_size": 4709,
      "test_size": 1570,
      "train_metrics": {
        "solved": 2781,
        "avg_par2": 1017.2022165389928,
        "sbs_name": "cvc5",
        "sbs_solved": 2748,
        "sbs_avg_par2": 1034.6312495524385,
        "vbs_solved": 2798,
        "vbs_avg_par2": 1007.3756015192909,
        "gap_cls_solved": 0.66,
        "gap_cls_par2": 0.6394650016117353
      },
      "test_metrics": {
        "solved": 947,
        "avg_par2": 982.813265038085,
        "sbs_name": "cvc5",
        "sbs_solved": 940,
        "sbs_avg_par2": 994.9701973533324,
        "vbs_solved": 961,
        "vbs_avg_par2": 961.3800879608684,
        "gap_cls_solved": 0.3333333333333333,
        "gap_cls_par2": 0.36191999773525224
      }
    },
    {
      "seed": 20,
      "train_size": 4709,
      "test_size": 1570,
      "train_metrics": {
        "solved": 2827,
        "avg_par2": 994.013890793101,
        "sbs_name": "cvc5",
        "sbs_solved": 2787,
        "sbs_avg_par2": 1015.003855059455,
        "vbs_solved": 2847,
        "vbs_avg_par2": 982.3129877004264,
        "gap_cls_solved": 0.6666666666666666,
        "gap_cls_par2": 0.6420742538223583
      },
      "test_metrics": {
        "solved": 900,
        "avg_par2": 1054.8175800597548,
        "sbs_name": "cvc5",
        "sbs_solved": 901,
        "sbs_avg_par2": 1053.8398793071274,
        "vbs_solved": 912,
        "vbs_avg_par2": 1036.551965969169,
        "gap_cls_solved": -0.09090909090909091,
        "gap_cls_par2": -0.05655400588345001
      }
    },
    {
      "seed": 30,
      "train_size": 4709,
      "test_size": 1570,
      "train_metrics": {
        "solved": 2807,
        "avg_par2": 1001.8078919503995,
        "sbs_name": "cvc5",
        "sbs_solved": 2773,
        "sbs_avg_par2": 1019.4431263228626,
        "vbs_solved": 2825,
        "vbs_avg_par2": 991.6683168039527,
        "gap_cls_solved": 0.6538461538461539,
        "gap_cls_par2": 0.6349362849979774
      },
      "test_metrics": {
        "solved": 917,
        "avg_par2": 1034.2419150563674,
        "sbs_name": "cvc5",
        "sbs_solved": 915,
        "sbs_avg_par2": 1040.5248930782193,
        "vbs_solved": 934,
        "vbs_avg_par2": 1008.491937466937,
        "gap_cls_solved": 0.10526315789473684,
        "gap_cls_par2": 0.19614106478638535
      }
    },
    {
      "seed": 40,
      "train_size": 4709,
      "test_size": 1570,
      "train_metrics": {
        "solved": 2778,
        "avg_par2": 1015.8735066886036,
        "sbs_name": "cvc5",
        "sbs_solved": 2742,
        "sbs_avg_par2": 1034.1507362187206,
        "vbs_solved": 2798,
        "vbs_avg_par2": 1004.9774707652005,
        "gap_cls_solved": 0.6428571428571429,
        "gap_cls_par2": 0.6265061262763647
      },
      "test_metrics": {
        "solved": 945,
        "avg_par2": 994.8746619440618,
        "sbs_name": "cvc5",
        "sbs_solved": 946,
        "sbs_avg_par2": 996.411431295037,
        "vbs_solved": 961,
        "vbs_avg_par2": 968.5729527513217,
        "gap_cls_solved": -0.06666666666666667,
        "gap_cls_par2": 0.05520306537449505
      }
    }
  ],
  "aggregated": {
    "train": {
      "gap_cls_solved_mean": 0.6446739926739926,
      "gap_cls_solved_std": 0.023671752428436343,
      "gap_cls_par2_mean": 0.628260513534604,
      "gap_cls_par2_std": 0.01587692775025469
    },
    "test": {
      "gap_cls_solved_mean": 0.1187041467304625,
      "gap_cls_solved_std": 0.18005734004500307,
      "gap_cls_par2_mean": 0.17360185481744478,
      "gap_cls_par2_std": 0.15615522928577868
    }
  }
}