{
  "division": "QF_IDL",
  "n_seeds": 5,
  "seed_values": [
    0,
    10,
    20,
    30,
    40
  ],
  "model_type": "SVM",
  "splits_dir": "/home/john-lu/Desktop/smt-select/data/cp26/performance_splits/smtcomp24/QF_IDL",
  "feature_csv_path": [
    "/home/john-lu/Desktop/smt-select/data/features/syntactic/QF_IDL/features.csv",
    "/home/john-lu/Desktop/smt-select/data/features/desc/setfit_mpnet/QF_IDL/seed0/features.csv"
  ],
  "feature_csv_path_per_seed": true,
  "seeds": [
    {
      "seed": 0,
      "train_size": 906,
      "test_size": 302,
      "train_metrics": {
        "total_count": 906,
        "solved": 818,
        "avg_par2": 279.2922579507926,
        "sbs_solved": 779,
        "sbs_avg_par2": 385.52494302540623,
        "vbs_solved": 825,
        "vbs_avg_par2": 258.1692248171203,
        "gap_cls_solved": 0.8478260869565217,
        "gap_cls_par2": 0.8341414627403988
      },
      "test_metrics": {
        "total_count": 302,
        "solved": 273,
        "avg_par2": 272.15247837458537,
        "sbs_solved": 268,
        "sbs_avg_par2": 307.6482111294636,
        "vbs_solved": 276,
        "vbs_avg_par2": 237.45217402473602,
        "gap_cls_solved": 0.625,
        "gap_cls_par2": 0.5056657643211552
      }
    },
    {
      "seed": 10,
      "train_size": 906,
      "test_size": 302,
      "train_metrics": {
        "total_count": 906,
        "solved": 828,
        "avg_par2": 249.15285624318503,
        "sbs_solved": 796,
        "sbs_avg_par2": 339.86632585396376,
        "vbs_solved": 829,
        "vbs_avg_par2": 242.34921080836904,
        "gap_cls_solved": 0.9696969696969697,
        "gap_cls_par2": 0.9302312683098254
      },
      "test_metrics": {
        "total_count": 302,
        "solved": 268,
        "avg_par2": 321.86624380636704,
        "sbs_solved": 251,
        "sbs_avg_par2": 444.624062643791,
        "vbs_solved": 272,
        "vbs_avg_par2": 284.9122160509899,
        "gap_cls_solved": 0.8095238095238095,
        "gap_cls_par2": 0.7686206218027485
      }
    },
    {
      "seed": 20,
      "train_size": 906,
      "test_size": 302,
      "train_metrics": {
        "total_count": 906,
        "solved": 826,
        "avg_par2": 259.5422129176583,
        "sbs_solved": 787,
        "sbs_avg_par2": 363.56257697702324,
        "vbs_solved": 826,
        "vbs_avg_par2": 254.78138303258658,
        "gap_cls_solved": 1.0,
        "gap_cls_par2": 0.956234807576175
      },
      "test_metrics": {
        "total_count": 302,
        "solved": 272,
        "avg_par2": 274.388986001139,
        "sbs_solved": 260,
        "sbs_avg_par2": 373.5353092746125,
        "vbs_solved": 275,
        "vbs_avg_par2": 247.61569937833735,
        "gap_cls_solved": 0.8,
        "gap_cls_par2": 0.7873779418086201
      }
    },
    {
      "seed": 30,
      "train_size": 906,
      "test_size": 302,
      "train_metrics": {
        "total_count": 906,
        "solved": 827,
        "avg_par2": 256.956280139026,
        "sbs_solved": 788,
        "sbs_avg_par2": 360.6810026018898,
        "vbs_solved": 828,
        "vbs_avg_par2": 248.38410483384916,
        "gap_cls_solved": 0.975,
        "gap_cls_par2": 0.9236650746765649
      },
      "test_metrics": {
        "total_count": 302,
        "solved": 271,
        "avg_par2": 288.1807775877806,
        "sbs_solved": 259,
        "sbs_avg_par2": 382.18003240001286,
        "vbs_solved": 273,
        "vbs_avg_par2": 266.80753397454953,
        "gap_cls_solved": 0.8571428571428571,
        "gap_cls_par2": 0.8147457677963064
      }
    },
    {
      "seed": 40,
      "train_size": 906,
      "test_size": 302,
      "train_metrics": {
        "total_count": 906,
        "solved": 830,
        "avg_par2": 246.72057005668222,
        "sbs_solved": 792,
        "sbs_avg_par2": 346.2876760473596,
        "vbs_solved": 831,
        "vbs_avg_par2": 240.84734760780836,
        "gap_cls_solved": 0.9743589743589743,
        "gap_cls_par2": 0.9442981396606616
      },
      "test_metrics": {
        "total_count": 302,
        "solved": 269,
        "avg_par2": 310.4851292209498,
        "sbs_solved": 255,
        "sbs_avg_par2": 425.36001206360356,
        "vbs_solved": 270,
        "vbs_avg_par2": 289.417805652672,
        "gap_cls_solved": 0.9333333333333333,
        "gap_cls_par2": 0.8450273529870874
      }
    }
  ],
  "aggregated": {
    "train": {
      "gap_cls_solved_mean": 0.9533764062024931,
      "gap_cls_solved_std": 0.05383091706344895,
      "gap_cls_par2_mean": 0.9177141505927251,
      "gap_cls_par2_std": 0.04328287277309238
    },
    "test": {
      "gap_cls_solved_mean": 0.805,
      "gap_cls_solved_std": 0.10162065424712888,
      "gap_cls_par2_mean": 0.7442874897431835,
      "gap_cls_par2_std": 0.12206728080122817
    }
  }
}