{
  "n_splits": 4,
  "n_instances": 2279,
  "model_type": "SVM",
  "folds_dir": "data/perf_data/folds/UFLIA",
  "feature_csv_path": [
    "data/features/path_emb/all_mpnet_base_v2/UFLIA.csv",
    "data/features/syntactic/catalog0/UFLIA.CSV"
  ],
  "folds": [
    {
      "fold": 1,
      "train_size": 1709,
      "test_size": 570,
      "train_metrics": {
        "total_instances": 1709,
        "solved": 984,
        "solve_rate": 57.577530719719135,
        "avg_par2": 1028.4951459139804,
        "sbs_name": "cvc5",
        "sbs_solved": 966,
        "sbs_solve_rate": 56.52428320655354,
        "sbs_avg_par2": 1053.0101597919966,
        "vbs_solved": 984,
        "vbs_solve_rate": 57.577530719719135,
        "vbs_avg_par2": 1028.4175284416342,
        "gap_cls_solved": 1.0,
        "gap_cls_par2": 0.9968438728153799
      },
      "test_metrics": {
        "total_instances": 570,
        "solved": 320,
        "solve_rate": 56.14035087719298,
        "avg_par2": 1065.9203917234508,
        "sbs_name": "cvc5",
        "sbs_solved": 317,
        "sbs_solve_rate": 55.614035087719294,
        "sbs_avg_par2": 1078.5100439894866,
        "vbs_solved": 323,
        "vbs_solve_rate": 56.666666666666664,
        "vbs_avg_par2": 1051.8697361075137,
        "gap_cls_solved": 0.5,
        "gap_cls_par2": 0.4725790828624391
      }
    },
    {
      "fold": 2,
      "train_size": 1709,
      "test_size": 570,
      "train_metrics": {
        "total_instances": 1709,
        "solved": 971,
        "solve_rate": 56.81685196021065,
        "avg_par2": 1046.458486593493,
        "sbs_name": "cvc5",
        "sbs_solved": 954,
        "sbs_solve_rate": 55.82211819777648,
        "sbs_avg_par2": 1071.2919229118584,
        "vbs_solved": 971,
        "vbs_solve_rate": 56.81685196021065,
        "vbs_avg_par2": 1046.3035615840029,
        "gap_cls_solved": 1.0,
        "gap_cls_par2": 0.9938001132824397
      },
      "test_metrics": {
        "total_instances": 570,
        "solved": 331,
        "solve_rate": 58.07017543859649,
        "avg_par2": 1018.2179525658476,
        "sbs_name": "cvc5",
        "sbs_solved": 329,
        "sbs_solve_rate": 57.719298245614034,
        "sbs_avg_par2": 1023.6968278985331,
        "vbs_solved": 336,
        "vbs_solve_rate": 58.94736842105262,
        "vbs_avg_par2": 998.243015685921,
        "gap_cls_solved": 0.2857142857142857,
        "gap_cls_par2": 0.21524773133868086
      }
    },
    {
      "fold": 3,
      "train_size": 1709,
      "test_size": 570,
      "train_metrics": {
        "total_instances": 1709,
        "solved": 975,
        "solve_rate": 57.05090696313634,
        "avg_par2": 1041.8425773494423,
        "sbs_name": "cvc5",
        "sbs_solved": 957,
        "sbs_solve_rate": 55.99765944997074,
        "sbs_avg_par2": 1066.6835851406395,
        "vbs_solved": 975,
        "vbs_solve_rate": 57.05090696313634,
        "vbs_avg_par2": 1041.6733246969509,
        "gap_cls_solved": 1.0,
        "gap_cls_par2": 0.9932326713321319
      },
      "test_metrics": {
        "total_instances": 570,
        "solved": 326,
        "solve_rate": 57.19298245614035,
        "avg_par2": 1039.0524775896442,
        "sbs_name": "cvc5",
        "sbs_solved": 326,
        "sbs_solve_rate": 57.19298245614035,
        "sbs_avg_par2": 1037.5137564090824,
        "vbs_solved": 332,
        "vbs_solve_rate": 58.245614035087726,
        "vbs_avg_par2": 1012.1256031244678,
        "gap_cls_solved": 0.0,
        "gap_cls_par2": -0.06060784190610504
      }
    },
    {
      "fold": 4,
      "train_size": 1710,
      "test_size": 569,
      "train_metrics": {
        "total_instances": 1710,
        "solved": 991,
        "solve_rate": 57.953216374269005,
        "avg_par2": 1020.8557105313935,
        "sbs_name": "cvc5",
        "sbs_solved": 972,
        "sbs_solve_rate": 56.84210526315789,
        "sbs_avg_par2": 1046.5735427657007,
        "vbs_solved": 991,
        "vbs_solve_rate": 57.953216374269005,
        "vbs_avg_par2": 1020.7461183059675,
        "gap_cls_solved": 1.0,
        "gap_cls_par2": 0.9957567497449513
      },
      "test_metrics": {
        "total_instances": 569,
        "solved": 314,
        "solve_rate": 55.18453427065027,
        "avg_par2": 1086.5304765960207,
        "sbs_name": "cvc5",
        "sbs_solved": 311,
        "sbs_solve_rate": 54.6572934973638,
        "sbs_avg_par2": 1097.8986467999673,
        "vbs_solved": 316,
        "vbs_solve_rate": 55.536028119507904,
        "vbs_avg_par2": 1074.9656298503187,
        "gap_cls_solved": 0.6,
        "gap_cls_par2": 0.4957119348451374
      }
    }
  ],
  "aggregated": {
    "test_solve_rate_mean": 56.647010760645024,
    "test_solve_rate_std": 1.0861657923790653,
    "test_avg_par2_mean": 1052.4303246187408,
    "test_avg_par2_std": 25.953109004426917,
    "test_sbs_solve_rate_mean": 56.29590232170937,
    "test_sbs_solve_rate_std": 1.2227827411064849,
    "test_sbs_avg_par2_mean": 1059.4048187742674,
    "test_sbs_avg_par2_std": 30.004431549582595,
    "test_vbs_solve_rate_mean": 57.34891931057873,
    "test_vbs_solve_rate_std": 1.3333364287122218,
    "test_vbs_avg_par2_mean": 1034.3009961920552,
    "test_vbs_avg_par2_std": 30.635759614625833,
    "test_gap_cls_solved_mean": 0.3464285714285714,
    "test_gap_cls_solved_std": 0.22999001752959908,
    "test_gap_cls_par2_mean": 0.2807327267850381,
    "test_gap_cls_par2_std": 0.22573366646411364,
    "train_solve_rate_mean": 57.349626504333784,
    "train_solve_rate_std": 0.44422492659621604,
    "train_avg_par2_mean": 1034.4129800970773,
    "train_avg_par2_std": 10.236130391690875,
    "train_sbs_solve_rate_mean": 56.29654152936467,
    "train_sbs_solve_rate_std": 0.4074046066557403,
    "train_sbs_avg_par2_mean": 1059.3898026525487,
    "train_sbs_avg_par2_std": 9.997700862774296,
    "train_vbs_solve_rate_mean": 57.349626504333784,
    "train_vbs_solve_rate_std": 0.44422492659621604,
    "train_vbs_avg_par2_mean": 1034.2851332571388,
    "train_vbs_avg_par2_std": 10.207371163995349,
    "train_gap_cls_solved_mean": 1.0,
    "train_gap_cls_solved_std": 0.0,
    "train_gap_cls_par2_mean": 0.9949083517937256,
    "train_gap_cls_par2_std": 0.0014579196065090364
  }
}