{
  "division": "QF_NRA",
  "n_seeds": 5,
  "seed_values": [
    0,
    10,
    20,
    30,
    40
  ],
  "model_type": "SVM",
  "splits_dir": "/home/john-lu/Desktop/smt-select/data/cp26/performance_splits/smtcomp24/QF_NRA",
  "feature_csv_path": "/home/john-lu/Desktop/smt-select/data/features/syntactic/QF_NRA/features.csv",
  "seeds": [
    {
      "seed": 0,
      "train_size": 2328,
      "test_size": 776,
      "train_metrics": {
        "total_count": 2328,
        "solved": 2163,
        "avg_par2": 186.99710420917506,
        "sbs_solved": 2123,
        "sbs_avg_par2": 228.44645983119491,
        "vbs_solved": 2200,
        "vbs_avg_par2": 141.66833103795628,
        "gap_cls_solved": 0.5194805194805194,
        "gap_cls_par2": 0.4776474925010068
      },
      "test_metrics": {
        "total_count": 776,
        "solved": 718,
        "avg_par2": 197.2286762305246,
        "sbs_solved": 690,
        "sbs_avg_par2": 282.29691496267446,
        "vbs_solved": 733,
        "vbs_avg_par2": 146.11193702943822,
        "gap_cls_solved": 0.6511627906976745,
        "gap_cls_par2": 0.6246521460968624
      }
    },
    {
      "seed": 10,
      "train_size": 2328,
      "test_size": 776,
      "train_metrics": {
        "total_count": 2328,
        "solved": 2157,
        "avg_par2": 192.56349947908137,
        "sbs_solved": 2105,
        "sbs_avg_par2": 246.44067750611893,
        "vbs_solved": 2196,
        "vbs_avg_par2": 147.03318296207544,
        "gap_cls_solved": 0.5714285714285714,
        "gap_cls_par2": 0.541983059468084
      },
      "test_metrics": {
        "total_count": 776,
        "solved": 725,
        "avg_par2": 174.886163126821,
        "sbs_solved": 708,
        "sbs_avg_par2": 228.3142619379025,
        "vbs_solved": 737,
        "vbs_avg_par2": 130.01738125708076,
        "gap_cls_solved": 0.5862068965517241,
        "gap_cls_par2": 0.5435380903343926
      }
    },
    {
      "seed": 20,
      "train_size": 2328,
      "test_size": 776,
      "train_metrics": {
        "total_count": 2328,
        "solved": 2166,
        "avg_par2": 184.5964492666973,
        "sbs_solved": 2107,
        "sbs_avg_par2": 244.52493277170873,
        "vbs_solved": 2195,
        "vbs_avg_par2": 147.71797247858814,
        "gap_cls_solved": 0.6704545454545454,
        "gap_cls_par2": 0.6190513917961551
      },
      "test_metrics": {
        "total_count": 776,
        "solved": 716,
        "avg_par2": 202.24139725837782,
        "sbs_solved": 706,
        "sbs_avg_par2": 234.06149614113298,
        "vbs_solved": 738,
        "vbs_avg_par2": 127.96301270754263,
        "gap_cls_solved": 0.3125,
        "gap_cls_par2": 0.29991096812116214
      }
    },
    {
      "seed": 30,
      "train_size": 2328,
      "test_size": 776,
      "train_metrics": {
        "total_count": 2328,
        "solved": 2154,
        "avg_par2": 196.49780018889263,
        "sbs_solved": 2101,
        "sbs_avg_par2": 250.74497346834673,
        "vbs_solved": 2189,
        "vbs_avg_par2": 153.12528382377576,
        "gap_cls_solved": 0.6022727272727273,
        "gap_cls_par2": 0.5556990959197442
      },
      "test_metrics": {
        "total_count": 776,
        "solved": 722,
        "avg_par2": 183.99188868436104,
        "sbs_solved": 712,
        "sbs_avg_par2": 215.4013740512191,
        "vbs_solved": 744,
        "vbs_avg_par2": 111.7410786719798,
        "gap_cls_solved": 0.3125,
        "gap_cls_par2": 0.3030040118248461
      }
    },
    {
      "seed": 40,
      "train_size": 2328,
      "test_size": 776,
      "train_metrics": {
        "total_count": 2328,
        "solved": 2167,
        "avg_par2": 182.35542230169662,
        "sbs_solved": 2113,
        "sbs_avg_par2": 238.19431467228736,
        "vbs_solved": 2206,
        "vbs_avg_par2": 136.00099773590352,
        "gap_cls_solved": 0.5806451612903226,
        "gap_cls_par2": 0.5464045403805701
      },
      "test_metrics": {
        "total_count": 776,
        "solved": 713,
        "avg_par2": 211.73479266928544,
        "sbs_solved": 700,
        "sbs_avg_par2": 253.05335043939718,
        "vbs_solved": 727,
        "vbs_avg_par2": 163.1139369355965,
        "gap_cls_solved": 0.48148148148148145,
        "gap_cls_par2": 0.4594043496666308
      }
    }
  ],
  "aggregated": {
    "train": {
      "gap_cls_solved_mean": 0.5888563049853371,
      "gap_cls_solved_std": 0.04903554145062659,
      "gap_cls_par2_mean": 0.548157116013112,
      "gap_cls_par2_std": 0.04493479120481593
    },
    "test": {
      "gap_cls_solved_mean": 0.468770233746176,
      "gap_cls_solved_std": 0.13860790910432702,
      "gap_cls_par2_mean": 0.4461019132087788,
      "gap_cls_par2_std": 0.12915088145193152
    }
  }
}