{
  "n_splits": 4,
  "n_instances": 2487,
  "model_type": "SVM",
  "folds_dir": "data/foiks26/perf_data/folds/ABV",
  "feature_csv_path": "data/features/native_desc/all_mpnet_base_v2/ABV.CSV",
  "svm_c": 1.0,
  "folds": [
    {
      "fold": 1,
      "train_size": 1865,
      "test_size": 622,
      "train_metrics": {
        "total_instances": 1865,
        "solved": 638,
        "solve_rate": 34.20911528150134,
        "avg_par2": 1581.1260667799195,
        "sbs_name": "cvc5",
        "sbs_solved": 636,
        "sbs_solve_rate": 34.101876675603215,
        "sbs_avg_par2": 1583.685236065097,
        "vbs_solved": 734,
        "vbs_solve_rate": 39.35656836461126,
        "vbs_avg_par2": 1457.6074903309695,
        "gap_cls_solved": 0.02040816326530612,
        "gap_cls_par2": 0.020298342663694024
      },
      "test_metrics": {
        "total_instances": 622,
        "solved": 200,
        "solve_rate": 32.154340836012864,
        "avg_par2": 1630.8377058657168,
        "sbs_name": "cvc5",
        "sbs_solved": 201,
        "sbs_solve_rate": 32.31511254019293,
        "sbs_avg_par2": 1626.9784396273642,
        "vbs_solved": 237,
        "vbs_solve_rate": 38.10289389067524,
        "vbs_avg_par2": 1487.8857658271156,
        "gap_cls_solved": -0.027777777777777776,
        "gap_cls_par2": -0.027746006550243466
      }
    },
    {
      "fold": 2,
      "train_size": 1865,
      "test_size": 622,
      "train_metrics": {
        "total_instances": 1865,
        "solved": 627,
        "solve_rate": 33.61930294906166,
        "avg_par2": 1595.324145147029,
        "sbs_name": "cvc5",
        "sbs_solved": 626,
        "sbs_solve_rate": 33.565683646112596,
        "sbs_avg_par2": 1596.590542401798,
        "vbs_solved": 722,
        "vbs_solve_rate": 38.71313672922252,
        "vbs_avg_par2": 1473.0210224708078,
        "gap_cls_solved": 0.010416666666666666,
        "gap_cls_par2": 0.010248459777753937
      },
      "test_metrics": {
        "total_instances": 622,
        "solved": 211,
        "solve_rate": 33.92282958199357,
        "avg_par2": 1588.26629725694,
        "sbs_name": "cvc5",
        "sbs_solved": 211,
        "sbs_solve_rate": 33.92282958199357,
        "sbs_avg_par2": 1588.2832686981878,
        "vbs_solved": 249,
        "vbs_solve_rate": 40.032154340836016,
        "vbs_avg_par2": 1441.6699500058962,
        "gap_cls_solved": 0.0,
        "gap_cls_par2": 0.00011575647696340977
      }
    },
    {
      "fold": 3,
      "train_size": 1865,
      "test_size": 622,
      "train_metrics": {
        "total_instances": 1865,
        "solved": 627,
        "solve_rate": 33.61930294906166,
        "avg_par2": 1595.2355504502543,
        "sbs_name": "cvc5",
        "sbs_solved": 626,
        "sbs_solve_rate": 33.565683646112596,
        "sbs_avg_par2": 1596.526227199201,
        "vbs_solved": 732,
        "vbs_solve_rate": 39.24932975871314,
        "vbs_avg_par2": 1460.023953803874,
        "gap_cls_solved": 0.009433962264150943,
        "gap_cls_par2": 0.009455349840282335
      },
      "test_metrics": {
        "total_instances": 622,
        "solved": 211,
        "solve_rate": 33.92282958199357,
        "avg_par2": 1588.5319389120605,
        "sbs_name": "cvc5",
        "sbs_solved": 211,
        "sbs_solve_rate": 33.92282958199357,
        "sbs_avg_par2": 1588.4761109053318,
        "vbs_solved": 239,
        "vbs_solve_rate": 38.42443729903537,
        "vbs_avg_par2": 1480.6402603979077,
        "gap_cls_solved": 0.0,
        "gap_cls_par2": -0.0005177128614091578
      }
    },
    {
      "fold": 4,
      "train_size": 1866,
      "test_size": 621,
      "train_metrics": {
        "total_instances": 1866,
        "solved": 623,
        "solve_rate": 33.38692390139336,
        "avg_par2": 1601.245939743628,
        "sbs_name": "cvc5",
        "sbs_solved": 623,
        "sbs_solve_rate": 33.38692390139336,
        "sbs_avg_par2": 1601.245939743628,
        "vbs_solved": 725,
        "vbs_solve_rate": 38.853161843515544,
        "vbs_avg_par2": 1470.0653254103065,
        "gap_cls_solved": 0.0,
        "gap_cls_par2": -0.0
      },
      "test_metrics": {
        "total_instances": 621,
        "solved": 214,
        "solve_rate": 34.46054750402576,
        "avg_par2": 1574.2812095781264,
        "sbs_name": "cvc5",
        "sbs_solved": 214,
        "sbs_solve_rate": 34.46054750402576,
        "sbs_avg_par2": 1574.2812095781264,
        "vbs_solved": 246,
        "vbs_solve_rate": 39.61352657004831,
        "vbs_avg_par2": 1450.500835098377,
        "gap_cls_solved": 0.0,
        "gap_cls_par2": -0.0
      }
    }
  ],
  "aggregated": {
    "test_solve_rate_mean": 33.61513687600644,
    "test_solve_rate_std": 0.871492083019734,
    "test_avg_par2_mean": 1595.479287903211,
    "test_avg_par2_std": 21.212432307232607,
    "test_sbs_solve_rate_mean": 33.655329802051455,
    "test_sbs_solve_rate_std": 0.8043118364624676,
    "test_sbs_avg_par2_mean": 1594.5047572022524,
    "test_sbs_avg_par2_std": 19.612390370196387,
    "test_vbs_solve_rate_mean": 39.04325302514873,
    "test_vbs_solve_rate_std": 0.8016149220251132,
    "test_vbs_avg_par2_mean": 1465.1742028323242,
    "test_vbs_avg_par2_std": 19.511353437630962,
    "test_gap_cls_solved_mean": -0.006944444444444444,
    "test_gap_cls_solved_std": 0.012028130608117204,
    "test_gap_cls_par2_mean": -0.007036990733672303,
    "test_gap_cls_par2_std": 0.011958734792107203,
    "train_solve_rate_mean": 33.70866127025451,
    "train_solve_rate_std": 0.3041130427273495,
    "train_avg_par2_mean": 1593.2329255302077,
    "train_avg_par2_std": 7.402164069379915,
    "train_sbs_solve_rate_mean": 33.655041967305436,
    "train_sbs_solve_rate_std": 0.26810369866005174,
    "train_sbs_avg_par2_mean": 1594.5119863524308,
    "train_sbs_avg_par2_std": 6.537243522660378,
    "train_vbs_solve_rate_mean": 39.04304917401562,
    "train_vbs_solve_rate_std": 0.2672757854766791,
    "train_vbs_avg_par2_mean": 1465.1794480039894,
    "train_vbs_avg_par2_std": 6.5053007539552965,
    "train_gap_cls_solved_mean": 0.010064698049030932,
    "train_gap_cls_solved_std": 0.007225080086694375,
    "train_gap_cls_par2_mean": 0.010000538070432573,
    "train_gap_cls_par2_std": 0.007183561730061616
  }
}