{
  "division": "QF_IDL",
  "n_seeds": 5,
  "seed_values": [
    0,
    10,
    20,
    30,
    40
  ],
  "model_type": "SVM",
  "splits_dir": "/home/john-lu/Desktop/smt-select/data/cp26/performance_splits/smtcomp24/QF_IDL",
  "feature_csv_path": [
    "data/features/syntactic/catalog_all/QF_IDL.csv",
    "data/features/smtlib_desc/gemma300/QF_IDL.csv"
  ],
  "seeds": [
    {
      "seed": 0,
      "train_size": 906,
      "test_size": 302,
      "train_metrics": {
        "solved": 824,
        "avg_par2": 263.9437006002729,
        "sbs_name": "Z3-alpha",
        "sbs_solved": 779,
        "sbs_avg_par2": 385.52494302540623,
        "vbs_solved": 825,
        "vbs_avg_par2": 258.1692248171203,
        "gap_cls_solved": 0.9782608695652174,
        "gap_cls_par2": 0.9546586846323726
      },
      "test_metrics": {
        "solved": 273,
        "avg_par2": 264.53572205907994,
        "sbs_name": "Z3-alpha",
        "sbs_solved": 268,
        "sbs_avg_par2": 307.6482111294636,
        "vbs_solved": 276,
        "vbs_avg_par2": 237.45217402473602,
        "gap_cls_solved": 0.625,
        "gap_cls_par2": 0.6141726919151126
      }
    },
    {
      "seed": 10,
      "train_size": 906,
      "test_size": 302,
      "train_metrics": {
        "solved": 829,
        "avg_par2": 244.58971330209505,
        "sbs_name": "Z3-alpha",
        "sbs_solved": 796,
        "sbs_avg_par2": 339.86632585396376,
        "vbs_solved": 829,
        "vbs_avg_par2": 242.34921080836904,
        "gap_cls_solved": 1.0,
        "gap_cls_par2": 0.9770245203349335
      },
      "test_metrics": {
        "solved": 264,
        "avg_par2": 349.9137232130267,
        "sbs_name": "Z3-alpha",
        "sbs_solved": 251,
        "sbs_avg_par2": 444.624062643791,
        "vbs_solved": 272,
        "vbs_avg_par2": 284.9122160509899,
        "gap_cls_solved": 0.6190476190476191,
        "gap_cls_par2": 0.5930076037016613
      }
    },
    {
      "seed": 20,
      "train_size": 906,
      "test_size": 302,
      "train_metrics": {
        "solved": 826,
        "avg_par2": 258.67707847316694,
        "sbs_name": "Z3-alpha",
        "sbs_solved": 787,
        "sbs_avg_par2": 363.56257697702324,
        "vbs_solved": 826,
        "vbs_avg_par2": 254.78138303258658,
        "gap_cls_solved": 1.0,
        "gap_cls_par2": 0.9641877855967438
      },
      "test_metrics": {
        "solved": 266,
        "avg_par2": 319.9686847100891,
        "sbs_name": "Z3-alpha",
        "sbs_solved": 260,
        "sbs_avg_par2": 373.5353092746125,
        "vbs_solved": 275,
        "vbs_avg_par2": 247.61569937833735,
        "gap_cls_solved": 0.4,
        "gap_cls_par2": 0.4254033554316779
      }
    },
    {
      "seed": 30,
      "train_size": 906,
      "test_size": 302,
      "train_metrics": {
        "solved": 827,
        "avg_par2": 254.72553577949492,
        "sbs_name": "Z3-alpha",
        "sbs_solved": 788,
        "sbs_avg_par2": 360.6810026018898,
        "vbs_solved": 828,
        "vbs_avg_par2": 248.38410483384916,
        "gap_cls_solved": 0.975,
        "gap_cls_par2": 0.9435297762299316
      },
      "test_metrics": {
        "solved": 271,
        "avg_par2": 287.1585394402583,
        "sbs_name": "Z3-alpha",
        "sbs_solved": 259,
        "sbs_avg_par2": 382.18003240001286,
        "vbs_solved": 273,
        "vbs_avg_par2": 266.80753397454953,
        "gap_cls_solved": 0.8571428571428571,
        "gap_cls_par2": 0.8236060955301526
      }
    },
    {
      "seed": 40,
      "train_size": 906,
      "test_size": 302,
      "train_metrics": {
        "solved": 831,
        "avg_par2": 243.90546101267785,
        "sbs_name": "Z3-alpha",
        "sbs_solved": 792,
        "sbs_avg_par2": 346.2876760473596,
        "vbs_solved": 831,
        "vbs_avg_par2": 240.84734760780836,
        "gap_cls_solved": 1.0,
        "gap_cls_par2": 0.9709967386281171
      },
      "test_metrics": {
        "solved": 265,
        "avg_par2": 329.15032434372597,
        "sbs_name": "Z3-alpha",
        "sbs_solved": 255,
        "sbs_avg_par2": 425.36001206360356,
        "vbs_solved": 270,
        "vbs_avg_par2": 289.417805652672,
        "gap_cls_solved": 0.6666666666666666,
        "gap_cls_par2": 0.7077249241420362
      }
    }
  ],
  "aggregated": {
    "train": {
      "gap_cls_solved_mean": 0.9906521739130435,
      "gap_cls_solved_std": 0.011495047014262861,
      "gap_cls_par2_mean": 0.9620795010844198,
      "gap_cls_par2_std": 0.011886769101703333
    },
    "test": {
      "gap_cls_solved_mean": 0.6335714285714286,
      "gap_cls_solved_std": 0.14554690043679172,
      "gap_cls_par2_mean": 0.6327829341441282,
      "gap_cls_par2_std": 0.13188213562176396
    }
  }
}