{
  "division": "QF_IDL",
  "n_seeds": 5,
  "seed_values": [
    0,
    10,
    20,
    30,
    40
  ],
  "model_type": "fusion_pwc",
  "splits_dir": "/home/john-lu/Desktop/smt-select/data/cp26/performance_splits/smtcomp24/QF_IDL",
  "benchmark_root": "/home/john-lu/Desktop/smt_data/smtlib25/non-incremental",
  "seeds": [
    {
      "seed": 0,
      "train_size": 906,
      "test_size": 302,
      "train_metrics": {
        "total_count": 906,
        "solved": 814,
        "avg_par2": 294.17569770531657,
        "sbs_solved": 779,
        "sbs_avg_par2": 385.52494302540623,
        "vbs_solved": 825,
        "vbs_avg_par2": 258.1692248171203,
        "gap_cls_solved": 0.7608695652173914,
        "gap_cls_par2": 0.7172763548056091
      },
      "test_metrics": {
        "total_count": 302,
        "solved": 270,
        "avg_par2": 293.1098244122133,
        "sbs_solved": 268,
        "sbs_avg_par2": 307.6482111294636,
        "vbs_solved": 276,
        "vbs_avg_par2": 237.45217402473602,
        "gap_cls_solved": 0.25,
        "gap_cls_par2": 0.20711121762557705
      }
    },
    {
      "seed": 10,
      "train_size": 906,
      "test_size": 302,
      "train_metrics": {
        "total_count": 906,
        "solved": 816,
        "avg_par2": 286.8715583009961,
        "sbs_solved": 796,
        "sbs_avg_par2": 339.86632585396376,
        "vbs_solved": 829,
        "vbs_avg_par2": 242.34921080836904,
        "gap_cls_solved": 0.6060606060606061,
        "gap_cls_par2": 0.5434406824708627
      },
      "test_metrics": {
        "total_count": 302,
        "solved": 265,
        "avg_par2": 342.02345700966663,
        "sbs_solved": 251,
        "sbs_avg_par2": 444.624062643791,
        "vbs_solved": 272,
        "vbs_avg_par2": 284.9122160509899,
        "gap_cls_solved": 0.6666666666666666,
        "gap_cls_par2": 0.6424107404863543
      }
    },
    {
      "seed": 20,
      "train_size": 906,
      "test_size": 302,
      "train_metrics": {
        "total_count": 906,
        "solved": 812,
        "avg_par2": 296.87230561184435,
        "sbs_solved": 787,
        "sbs_avg_par2": 363.56257697702324,
        "vbs_solved": 826,
        "vbs_avg_par2": 254.78138303258658,
        "gap_cls_solved": 0.6410256410256411,
        "gap_cls_par2": 0.6130680216586241
      },
      "test_metrics": {
        "total_count": 302,
        "solved": 270,
        "avg_par2": 298.1992042265773,
        "sbs_solved": 260,
        "sbs_avg_par2": 373.5353092746125,
        "vbs_solved": 275,
        "vbs_avg_par2": 247.61569937833735,
        "gap_cls_solved": 0.6666666666666666,
        "gap_cls_par2": 0.598287312914108
      }
    },
    {
      "seed": 30,
      "train_size": 906,
      "test_size": 302,
      "train_metrics": {
        "total_count": 906,
        "solved": 814,
        "avg_par2": 292.27718143050197,
        "sbs_solved": 788,
        "sbs_avg_par2": 360.6810026018898,
        "vbs_solved": 828,
        "vbs_avg_par2": 248.38410483384916,
        "gap_cls_solved": 0.65,
        "gap_cls_par2": 0.6091336673670371
      },
      "test_metrics": {
        "total_count": 302,
        "solved": 266,
        "avg_par2": 325.99008752706305,
        "sbs_solved": 259,
        "sbs_avg_par2": 382.18003240001286,
        "vbs_solved": 273,
        "vbs_avg_par2": 266.80753397454953,
        "gap_cls_solved": 0.5,
        "gap_cls_par2": 0.4870306670982899
      }
    },
    {
      "seed": 40,
      "train_size": 906,
      "test_size": 302,
      "train_metrics": {
        "total_count": 906,
        "solved": 818,
        "avg_par2": 280.93170087962477,
        "sbs_solved": 792,
        "sbs_avg_par2": 346.2876760473596,
        "vbs_solved": 831,
        "vbs_avg_par2": 240.84734760780836,
        "gap_cls_solved": 0.6666666666666666,
        "gap_cls_par2": 0.6198385014060658
      },
      "test_metrics": {
        "total_count": 302,
        "solved": 263,
        "avg_par2": 352.7572091482739,
        "sbs_solved": 255,
        "sbs_avg_par2": 425.36001206360356,
        "vbs_solved": 270,
        "vbs_avg_par2": 289.417805652672,
        "gap_cls_solved": 0.5333333333333333,
        "gap_cls_par2": 0.5340710941226229
      }
    }
  ],
  "aggregated": {
    "train": {
      "gap_cls_solved_mean": 0.664924495794061,
      "gap_cls_solved_std": 0.05189864132036281,
      "gap_cls_par2_mean": 0.6205514455416397,
      "gap_cls_par2_std": 0.05565726086375144
    },
    "test": {
      "gap_cls_solved_mean": 0.5233333333333332,
      "gap_cls_solved_std": 0.15260697523012795,
      "gap_cls_par2_mean": 0.4937822064493904,
      "gap_cls_par2_std": 0.15287955520209862
    }
  }
}