{
  "division": "QF_BV",
  "n_seeds": 5,
  "seed_values": [
    0,
    10,
    20,
    30,
    40
  ],
  "model_type": "SVM",
  "splits_dir": "/home/john-lu/Desktop/smt-select/data/train_test_splits/QF_BV",
  "feature_csv_path": "/home/john-lu/Desktop/smt-select/data/features/desc/Qwen3-Embedding-0.6B/QF_BV/features.csv",
  "feature_csv_path_per_seed": false,
  "seeds": [
    {
      "seed": 0,
      "train_size": 8027,
      "test_size": 2676,
      "train_metrics": {
        "total_count": 8027,
        "solved": 7910,
        "avg_par2": 47.244799751984246,
        "sbs_solved": 7864,
        "sbs_avg_par2": 61.77599266787249,
        "vbs_solved": 7918,
        "vbs_avg_par2": 41.85153200714887,
        "gap_cls_solved": 0.8518518518518519,
        "gap_cls_par2": 0.7293142415911446
      },
      "test_metrics": {
        "total_count": 2676,
        "solved": 2634,
        "avg_par2": 49.510541569347886,
        "sbs_solved": 2625,
        "sbs_avg_par2": 58.10378827141716,
        "vbs_solved": 2642,
        "vbs_avg_par2": 40.25809746050704,
        "gap_cls_solved": 0.5294117647058824,
        "gap_cls_par2": 0.4815306279326388
      }
    },
    {
      "seed": 10,
      "train_size": 8027,
      "test_size": 2676,
      "train_metrics": {
        "total_count": 8027,
        "solved": 7905,
        "avg_par2": 48.88482549653041,
        "sbs_solved": 7865,
        "sbs_avg_par2": 61.78417641632123,
        "vbs_solved": 7914,
        "vbs_avg_par2": 43.20045916735318,
        "gap_cls_solved": 0.8163265306122449,
        "gap_cls_par2": 0.6941211355606004
      },
      "test_metrics": {
        "total_count": 2676,
        "solved": 2641,
        "avg_par2": 42.60319539517337,
        "sbs_solved": 2627,
        "sbs_avg_par2": 57.66332678096884,
        "vbs_solved": 2646,
        "vbs_avg_par2": 36.211820063287306,
        "gap_cls_solved": 0.7368421052631579,
        "gap_cls_par2": 0.7020547127061272
      }
    },
    {
      "seed": 20,
      "train_size": 8027,
      "test_size": 2676,
      "train_metrics": {
        "total_count": 8027,
        "solved": 7914,
        "avg_par2": 45.90463936845168,
        "sbs_solved": 7865,
        "sbs_avg_par2": 60.975859810918074,
        "vbs_solved": 7921,
        "vbs_avg_par2": 40.68144053542927,
        "gap_cls_solved": 0.875,
        "gap_cls_par2": 0.7426288103089064
      },
      "test_metrics": {
        "total_count": 2676,
        "solved": 2633,
        "avg_par2": 51.145709682455795,
        "sbs_solved": 2624,
        "sbs_avg_par2": 60.50388783897062,
        "vbs_solved": 2639,
        "vbs_avg_par2": 43.76793462175265,
        "gap_cls_solved": 0.6,
        "gap_cls_par2": 0.5591661278598173
      }
    },
    {
      "seed": 30,
      "train_size": 8027,
      "test_size": 2676,
      "train_metrics": {
        "total_count": 8027,
        "solved": 7917,
        "avg_par2": 45.06232891450766,
        "sbs_solved": 7870,
        "sbs_avg_par2": 59.73287903806865,
        "vbs_solved": 7928,
        "vbs_avg_par2": 38.991442906889496,
        "gap_cls_solved": 0.8103448275862069,
        "gap_cls_par2": 0.7073063808492883
      },
      "test_metrics": {
        "total_count": 2676,
        "solved": 2627,
        "avg_par2": 56.497107870955325,
        "sbs_solved": 2619,
        "sbs_avg_par2": 64.2323656654513,
        "vbs_solved": 2632,
        "vbs_avg_par2": 48.837295968646785,
        "gap_cls_solved": 0.6153846153846154,
        "gap_cls_par2": 0.5024503264250597
      }
    },
    {
      "seed": 40,
      "train_size": 8027,
      "test_size": 2676,
      "train_metrics": {
        "total_count": 8027,
        "solved": 7915,
        "avg_par2": 45.11579022443697,
        "sbs_solved": 7868,
        "sbs_avg_par2": 59.7629644565803,
        "vbs_solved": 7924,
        "vbs_avg_par2": 40.0005839586007,
        "gap_cls_solved": 0.8392857142857143,
        "gap_cls_par2": 0.7411644681996067
      },
      "test_metrics": {
        "total_count": 2676,
        "solved": 2629,
        "avg_par2": 55.23627283831552,
        "sbs_solved": 2621,
        "sbs_avg_par2": 64.14212065259892,
        "vbs_solved": 2636,
        "vbs_avg_par2": 45.810249921529525,
        "gap_cls_solved": 0.5333333333333333,
        "gap_cls_par2": 0.485812274422681
      }
    }
  ],
  "aggregated": {
    "train": {
      "gap_cls_solved_mean": 0.8385617848672036,
      "gap_cls_solved_std": 0.023645281500982936,
      "gap_cls_par2_mean": 0.7229070073019093,
      "gap_cls_par2_std": 0.019159034428364096
    },
    "test": {
      "gap_cls_solved_mean": 0.6029943637373978,
      "gap_cls_solved_std": 0.07529244384240515,
      "gap_cls_par2_mean": 0.5462028138692648,
      "gap_cls_par2_std": 0.08270628866863691
    }
  }
}