{
  "n_splits": 4,
  "n_instances": 3860,
  "model_type": "SVM",
  "folds_dir": "data/perf_data/folds/QF_LIA",
  "feature_csv_path": "data/features/path_emb/all_mpnet_base_v2/QF_LIA.csv",
  "folds": [
    {
      "fold": 1,
      "train_size": 2895,
      "test_size": 965,
      "train_metrics": {
        "total_instances": 2895,
        "solved": 2837,
        "solve_rate": 97.99654576856649,
        "avg_par2": 57.683336741862405,
        "sbs_name": "OpenSMT",
        "sbs_solved": 2711,
        "sbs_solve_rate": 93.64421416234889,
        "sbs_avg_par2": 212.66673664025353,
        "vbs_solved": 2837,
        "vbs_solve_rate": 97.99654576856649,
        "vbs_avg_par2": 57.072929729732614,
        "gap_cls_solved": 1.0,
        "gap_cls_par2": 0.9960769196136396
      },
      "test_metrics": {
        "total_instances": 965,
        "solved": 935,
        "solve_rate": 96.89119170984456,
        "avg_par2": 85.22001140647806,
        "sbs_name": "OpenSMT",
        "sbs_solved": 901,
        "sbs_solve_rate": 93.3678756476684,
        "sbs_avg_par2": 222.19515309830513,
        "vbs_solved": 947,
        "vbs_solve_rate": 98.13471502590674,
        "vbs_avg_par2": 54.72262169091941,
        "gap_cls_solved": 0.7391304347826086,
        "gap_cls_par2": 0.8178961680505553
      }
    },
    {
      "fold": 2,
      "train_size": 2895,
      "test_size": 965,
      "train_metrics": {
        "total_instances": 2895,
        "solved": 2831,
        "solve_rate": 97.78929188255613,
        "avg_par2": 63.91500651943719,
        "sbs_name": "OpenSMT",
        "sbs_solved": 2695,
        "sbs_solve_rate": 93.09153713298791,
        "sbs_avg_par2": 227.22364054696584,
        "vbs_solved": 2832,
        "vbs_solve_rate": 97.82383419689118,
        "vbs_avg_par2": 62.492001262543546,
        "gap_cls_solved": 0.9927007299270073,
        "gap_cls_par2": 0.9913616760989264
      },
      "test_metrics": {
        "total_instances": 965,
        "solved": 948,
        "solve_rate": 98.23834196891191,
        "avg_par2": 50.77620648786283,
        "sbs_name": "OpenSMT",
        "sbs_solved": 917,
        "sbs_solve_rate": 95.02590673575129,
        "sbs_avg_par2": 178.52444137816946,
        "vbs_solved": 952,
        "vbs_solve_rate": 98.65284974093265,
        "vbs_avg_par2": 38.465407092486785,
        "gap_cls_solved": 0.8857142857142857,
        "gap_cls_par2": 0.9121027825290774
      }
    },
    {
      "fold": 3,
      "train_size": 2895,
      "test_size": 965,
      "train_metrics": {
        "total_instances": 2895,
        "solved": 2843,
        "solve_rate": 98.20379965457687,
        "avg_par2": 53.155654338852216,
        "sbs_name": "OpenSMT",
        "sbs_solved": 2715,
        "sbs_solve_rate": 93.78238341968913,
        "sbs_avg_par2": 209.71545468814034,
        "vbs_solved": 2844,
        "vbs_solve_rate": 98.23834196891191,
        "vbs_avg_par2": 52.00138497344636,
        "gap_cls_solved": 0.9922480620155039,
        "gap_cls_par2": 0.9926812530581836
      },
      "test_metrics": {
        "total_instances": 965,
        "solved": 937,
        "solve_rate": 97.09844559585493,
        "avg_par2": 83.61010104574105,
        "sbs_name": "OpenSMT",
        "sbs_solved": 897,
        "sbs_solve_rate": 92.95336787564766,
        "sbs_avg_par2": 231.0489989546445,
        "vbs_solved": 940,
        "vbs_solve_rate": 97.40932642487047,
        "vbs_avg_par2": 69.93725595977835,
        "gap_cls_solved": 0.9302325581395349,
        "gap_cls_par2": 0.9151343978297202
      }
    },
    {
      "fold": 4,
      "train_size": 2895,
      "test_size": 965,
      "train_metrics": {
        "total_instances": 2895,
        "solved": 2839,
        "solve_rate": 98.06563039723662,
        "avg_par2": 54.91587850993062,
        "sbs_name": "OpenSMT",
        "sbs_solved": 2715,
        "sbs_solve_rate": 93.78238341968913,
        "sbs_avg_par2": 210.58953114370655,
        "vbs_solved": 2839,
        "vbs_solve_rate": 98.06563039723662,
        "vbs_avg_par2": 54.37509491439482,
        "gap_cls_solved": 1.0,
        "gap_cls_par2": 0.9965381970540677
      },
      "test_metrics": {
        "total_instances": 965,
        "solved": 934,
        "solve_rate": 96.78756476683937,
        "avg_par2": 90.36679500757842,
        "sbs_name": "OpenSMT",
        "sbs_solved": 897,
        "sbs_solve_rate": 92.95336787564766,
        "sbs_avg_par2": 228.42676958794598,
        "vbs_solved": 945,
        "vbs_solve_rate": 97.92746113989638,
        "vbs_avg_par2": 62.81612613693289,
        "gap_cls_solved": 0.7708333333333334,
        "gap_cls_par2": 0.8336419188009804
      }
    }
  ],
  "aggregated": {
    "test_solve_rate_mean": 97.25388601036269,
    "test_solve_rate_std": 0.5792922221502035,
    "test_avg_par2_mean": 77.4932784869151,
    "test_avg_par2_std": 15.625678254373106,
    "test_sbs_solve_rate_mean": 93.57512953367875,
    "test_sbs_solve_rate_std": 0.85452966334045,
    "test_sbs_avg_par2_mean": 215.04884075476627,
    "test_sbs_avg_par2_std": 21.3311718631403,
    "test_vbs_solve_rate_mean": 98.03108808290156,
    "test_vbs_solve_rate_std": 0.4457163350799304,
    "test_vbs_avg_par2_mean": 56.48535272002936,
    "test_vbs_avg_par2_std": 11.713859888272522,
    "test_gap_cls_solved_mean": 0.8314776529924407,
    "test_gap_cls_solved_std": 0.07889848832142825,
    "test_gap_cls_par2_mean": 0.8696938168025833,
    "test_gap_cls_par2_std": 0.04428911419251685,
    "train_solve_rate_mean": 98.01381692573403,
    "train_solve_rate_std": 0.1495726085983541,
    "train_avg_par2_mean": 57.41746902752061,
    "train_avg_par2_std": 4.08380027237611,
    "train_sbs_solve_rate_mean": 93.57512953367876,
    "train_sbs_solve_rate_std": 0.28484322111348587,
    "train_sbs_avg_par2_mean": 215.04884075476656,
    "train_sbs_avg_par2_std": 7.110390621046961,
    "train_vbs_solve_rate_mean": 98.03108808290156,
    "train_vbs_solve_rate_std": 0.14857211169331042,
    "train_vbs_avg_par2_mean": 56.48535272002934,
    "train_vbs_avg_par2_std": 3.904619962757506,
    "train_gap_cls_solved_mean": 0.9962371979856278,
    "train_gap_cls_solved_std": 0.0037662039946246475,
    "train_gap_cls_par2_mean": 0.9941645114562043,
    "train_gap_cls_par2_std": 0.0021992970350452373
  }
}