{
  "division": "QF_NRA",
  "n_seeds": 5,
  "seed_values": [
    0,
    10,
    20,
    30,
    40
  ],
  "model_type": "SVM",
  "splits_dir": "/home/john-lu/Desktop/smt-select/data/cp26/performance_splits/smtcomp24/QF_NRA",
  "feature_csv_path": "/home/john-lu/Desktop/smt-select/data/features/desc/Qwen3-Embedding-0.6B/QF_NRA/features.csv",
  "seeds": [
    {
      "seed": 0,
      "train_size": 2328,
      "test_size": 776,
      "train_metrics": {
        "total_count": 2328,
        "solved": 2174,
        "avg_par2": 175.47318675849257,
        "sbs_solved": 2123,
        "sbs_avg_par2": 228.44645983119491,
        "vbs_solved": 2200,
        "vbs_avg_par2": 141.66833103795628,
        "gap_cls_solved": 0.6623376623376623,
        "gap_cls_par2": 0.6104449797358362
      },
      "test_metrics": {
        "total_count": 776,
        "solved": 714,
        "avg_par2": 209.77636160541937,
        "sbs_solved": 690,
        "sbs_avg_par2": 282.29691496267446,
        "vbs_solved": 733,
        "vbs_avg_par2": 146.11193702943822,
        "gap_cls_solved": 0.5581395348837209,
        "gap_cls_par2": 0.5325150722042765
      }
    },
    {
      "seed": 10,
      "train_size": 2328,
      "test_size": 776,
      "train_metrics": {
        "total_count": 2328,
        "solved": 2162,
        "avg_par2": 189.9234890743033,
        "sbs_solved": 2105,
        "sbs_avg_par2": 246.44067750611893,
        "vbs_solved": 2196,
        "vbs_avg_par2": 147.03318296207544,
        "gap_cls_solved": 0.6263736263736264,
        "gap_cls_par2": 0.5685405179060733
      },
      "test_metrics": {
        "total_count": 776,
        "solved": 723,
        "avg_par2": 179.1102396396892,
        "sbs_solved": 708,
        "sbs_avg_par2": 228.3142619379025,
        "vbs_solved": 737,
        "vbs_avg_par2": 130.01738125708076,
        "gap_cls_solved": 0.5172413793103449,
        "gap_cls_par2": 0.5005654498638965
      }
    },
    {
      "seed": 20,
      "train_size": 2328,
      "test_size": 776,
      "train_metrics": {
        "total_count": 2328,
        "solved": 2167,
        "avg_par2": 183.83897161215236,
        "sbs_solved": 2107,
        "sbs_avg_par2": 244.52493277170873,
        "vbs_solved": 2195,
        "vbs_avg_par2": 147.71797247858814,
        "gap_cls_solved": 0.6818181818181818,
        "gap_cls_par2": 0.6268760115574965
      },
      "test_metrics": {
        "total_count": 776,
        "solved": 723,
        "avg_par2": 182.0569968698982,
        "sbs_solved": 706,
        "sbs_avg_par2": 234.06149614113298,
        "vbs_solved": 738,
        "vbs_avg_par2": 127.96301270754263,
        "gap_cls_solved": 0.53125,
        "gap_cls_par2": 0.49015308785055045
      }
    },
    {
      "seed": 30,
      "train_size": 2328,
      "test_size": 776,
      "train_metrics": {
        "total_count": 2328,
        "solved": 2157,
        "avg_par2": 193.22257318431807,
        "sbs_solved": 2101,
        "sbs_avg_par2": 250.74497346834673,
        "vbs_solved": 2189,
        "vbs_avg_par2": 153.12528382377576,
        "gap_cls_solved": 0.6363636363636364,
        "gap_cls_par2": 0.5892499811612311
      },
      "test_metrics": {
        "total_count": 776,
        "solved": 730,
        "avg_par2": 161.64489655803249,
        "sbs_solved": 712,
        "sbs_avg_par2": 215.4013740512191,
        "vbs_solved": 744,
        "vbs_avg_par2": 111.7410786719798,
        "gap_cls_solved": 0.5625,
        "gap_cls_par2": 0.5185831016255503
      }
    },
    {
      "seed": 40,
      "train_size": 2328,
      "test_size": 776,
      "train_metrics": {
        "total_count": 2328,
        "solved": 2174,
        "avg_par2": 175.66321387980094,
        "sbs_solved": 2113,
        "sbs_avg_par2": 238.19431467228736,
        "vbs_solved": 2206,
        "vbs_avg_par2": 136.00099773590352,
        "gap_cls_solved": 0.6559139784946236,
        "gap_cls_par2": 0.6118903140350415
      },
      "test_metrics": {
        "total_count": 776,
        "solved": 714,
        "avg_par2": 211.4510004695695,
        "sbs_solved": 700,
        "sbs_avg_par2": 253.05335043939718,
        "vbs_solved": 727,
        "vbs_avg_par2": 163.1139369355965,
        "gap_cls_solved": 0.5185185185185185,
        "gap_cls_par2": 0.46255972047304544
      }
    }
  ],
  "aggregated": {
    "train": {
      "gap_cls_solved_mean": 0.652561417077546,
      "gap_cls_solved_std": 0.019549636336967168,
      "gap_cls_par2_mean": 0.6014003608791356,
      "gap_cls_par2_std": 0.02033840717689334
    },
    "test": {
      "gap_cls_solved_mean": 0.5375298865425169,
      "gap_cls_solved_std": 0.0192912248738558,
      "gap_cls_par2_mean": 0.5008752864034639,
      "gap_cls_par2_std": 0.02407399799999349
    }
  }
}