{
  "division": "QF_BV",
  "n_seeds": 5,
  "seed_values": [
    0,
    10,
    20,
    30,
    40
  ],
  "model_type": "SVM",
  "splits_dir": "/home/john-lu/Desktop/smt-select/data/train_test_splits/QF_BV",
  "feature_csv_path": [
    "/home/john-lu/Desktop/smt-select/data/features/syntactic/QF_BV/features.csv",
    "/home/john-lu/Desktop/smt-select/data/features/desc/Qwen3-Embedding-0.6B/QF_BV/features.csv"
  ],
  "feature_csv_path_per_seed": false,
  "seeds": [
    {
      "seed": 0,
      "train_size": 8027,
      "test_size": 2676,
      "train_metrics": {
        "total_count": 8027,
        "solved": 7914,
        "avg_par2": 45.03917512333088,
        "sbs_solved": 7864,
        "sbs_avg_par2": 61.77599266787249,
        "vbs_solved": 7918,
        "vbs_avg_par2": 41.85153200714887,
        "gap_cls_solved": 0.9259259259259259,
        "gap_cls_par2": 0.8400135807708111
      },
      "test_metrics": {
        "total_count": 2676,
        "solved": 2635,
        "avg_par2": 48.75730084810859,
        "sbs_solved": 2625,
        "sbs_avg_par2": 58.10378827141716,
        "vbs_solved": 2642,
        "vbs_avg_par2": 40.25809746050704,
        "gap_cls_solved": 0.5882352941176471,
        "gap_cls_par2": 0.523739177280518
      }
    },
    {
      "seed": 10,
      "train_size": 8027,
      "test_size": 2676,
      "train_metrics": {
        "total_count": 8027,
        "solved": 7909,
        "avg_par2": 46.90192672349755,
        "sbs_solved": 7865,
        "sbs_avg_par2": 61.78417641632123,
        "vbs_solved": 7914,
        "vbs_avg_par2": 43.20045916735318,
        "gap_cls_solved": 0.8979591836734694,
        "gap_cls_par2": 0.800822004201021
      },
      "test_metrics": {
        "total_count": 2676,
        "solved": 2639,
        "avg_par2": 43.57278180473627,
        "sbs_solved": 2627,
        "sbs_avg_par2": 57.66332678096884,
        "vbs_solved": 2646,
        "vbs_avg_par2": 36.211820063287306,
        "gap_cls_solved": 0.631578947368421,
        "gap_cls_par2": 0.6568557240139383
      }
    },
    {
      "seed": 20,
      "train_size": 8027,
      "test_size": 2676,
      "train_metrics": {
        "total_count": 8027,
        "solved": 7916,
        "avg_par2": 44.13782741097756,
        "sbs_solved": 7865,
        "sbs_avg_par2": 60.975859810918074,
        "vbs_solved": 7921,
        "vbs_avg_par2": 40.68144053542927,
        "gap_cls_solved": 0.9107142857142857,
        "gap_cls_par2": 0.8296878157177503
      },
      "test_metrics": {
        "total_count": 2676,
        "solved": 2633,
        "avg_par2": 50.93368169133683,
        "sbs_solved": 2624,
        "sbs_avg_par2": 60.50388783897062,
        "vbs_solved": 2639,
        "vbs_avg_par2": 43.76793462175265,
        "gap_cls_solved": 0.6,
        "gap_cls_par2": 0.5718351397987866
      }
    },
    {
      "seed": 30,
      "train_size": 8027,
      "test_size": 2676,
      "train_metrics": {
        "total_count": 8027,
        "solved": 7921,
        "avg_par2": 43.02921795546209,
        "sbs_solved": 7870,
        "sbs_avg_par2": 59.73287903806865,
        "vbs_solved": 7928,
        "vbs_avg_par2": 38.991442906889496,
        "gap_cls_solved": 0.8793103448275862,
        "gap_cls_par2": 0.8053280870699746
      },
      "test_metrics": {
        "total_count": 2676,
        "solved": 2626,
        "avg_par2": 56.72768845501607,
        "sbs_solved": 2619,
        "sbs_avg_par2": 64.2323656654513,
        "vbs_solved": 2632,
        "vbs_avg_par2": 48.837295968646785,
        "gap_cls_solved": 0.5384615384615384,
        "gap_cls_par2": 0.4874727661670112
      }
    },
    {
      "seed": 40,
      "train_size": 8027,
      "test_size": 2676,
      "train_metrics": {
        "total_count": 8027,
        "solved": 7920,
        "avg_par2": 43.15322273422384,
        "sbs_solved": 7868,
        "sbs_avg_par2": 59.7629644565803,
        "vbs_solved": 7924,
        "vbs_avg_par2": 40.0005839586007,
        "gap_cls_solved": 0.9285714285714286,
        "gap_cls_par2": 0.8404727215961939
      },
      "test_metrics": {
        "total_count": 2676,
        "solved": 2631,
        "avg_par2": 53.66666348003108,
        "sbs_solved": 2621,
        "sbs_avg_par2": 64.14212065259892,
        "vbs_solved": 2636,
        "vbs_avg_par2": 45.810249921529525,
        "gap_cls_solved": 0.6666666666666666,
        "gap_cls_par2": 0.571434161098121
      }
    }
  ],
  "aggregated": {
    "train": {
      "gap_cls_solved_mean": 0.9084962337425392,
      "gap_cls_solved_std": 0.018300671613298295,
      "gap_cls_par2_mean": 0.8232648418711502,
      "gap_cls_par2_std": 0.01698996237712114
    },
    "test": {
      "gap_cls_solved_mean": 0.6049884893228545,
      "gap_cls_solved_std": 0.042994510779260545,
      "gap_cls_par2_mean": 0.562267393671675,
      "gap_cls_par2_std": 0.05692307684899995
    }
  }
}