{
  "division": "QF_BV",
  "n_seeds": 5,
  "seed_values": [
    0,
    10,
    20,
    30,
    40
  ],
  "model_type": "SVM",
  "splits_dir": "/home/john-lu/Desktop/smt-select/data/cp26/performance_splits/smtcomp24/QF_BV",
  "feature_csv_path": [
    "/home/john-lu/Desktop/smt-select/data/features/syntactic/QF_BV/features.csv",
    "/home/john-lu/Desktop/smt-select/data/features/desc/Qwen3-Embedding-0.6B/QF_BV/features.csv"
  ],
  "seeds": [
    {
      "seed": 0,
      "train_size": 8027,
      "test_size": 2676,
      "train_metrics": {
        "total_count": 8027,
        "solved": 7914,
        "avg_par2": 45.04743949306731,
        "sbs_solved": 7864,
        "sbs_avg_par2": 61.77599266787249,
        "vbs_solved": 7918,
        "vbs_avg_par2": 41.87253326616425,
        "gap_cls_solved": 0.9259259259259259,
        "gap_cls_par2": 0.8404847035470341
      },
      "test_metrics": {
        "total_count": 2676,
        "solved": 2636,
        "avg_par2": 48.01565897666572,
        "sbs_solved": 2625,
        "sbs_avg_par2": 58.10378827141716,
        "vbs_solved": 2642,
        "vbs_avg_par2": 40.385159183757764,
        "gap_cls_solved": 0.6470588235294118,
        "gap_cls_par2": 0.5693515703072978
      }
    },
    {
      "seed": 10,
      "train_size": 8027,
      "test_size": 2676,
      "train_metrics": {
        "total_count": 8027,
        "solved": 7909,
        "avg_par2": 46.93756110528102,
        "sbs_solved": 7865,
        "sbs_avg_par2": 61.78417641632123,
        "vbs_solved": 7914,
        "vbs_avg_par2": 43.25506544619551,
        "gap_cls_solved": 0.8979591836734694,
        "gap_cls_par2": 0.801258912798204
      },
      "test_metrics": {
        "total_count": 2676,
        "solved": 2639,
        "avg_par2": 43.55240325331674,
        "sbs_solved": 2627,
        "sbs_avg_par2": 57.66332678096884,
        "vbs_solved": 2646,
        "vbs_avg_par2": 36.238079284986874,
        "gap_cls_solved": 0.631578947368421,
        "gap_cls_par2": 0.6586119264339152
      }
    },
    {
      "seed": 20,
      "train_size": 8027,
      "test_size": 2676,
      "train_metrics": {
        "total_count": 8027,
        "solved": 7916,
        "avg_par2": 44.146076218181435,
        "sbs_solved": 7865,
        "sbs_avg_par2": 60.975859810918074,
        "vbs_solved": 7921,
        "vbs_avg_par2": 40.70114182585746,
        "gap_cls_solved": 0.9107142857142857,
        "gap_cls_par2": 0.8300871856830578
      },
      "test_metrics": {
        "total_count": 2676,
        "solved": 2633,
        "avg_par2": 50.89953323183556,
        "sbs_solved": 2624,
        "sbs_avg_par2": 60.50388783897062,
        "vbs_solved": 2639,
        "vbs_avg_par2": 43.898895764976956,
        "gap_cls_solved": 0.6,
        "gap_cls_par2": 0.5784016375519483
      }
    },
    {
      "seed": 30,
      "train_size": 8027,
      "test_size": 2676,
      "train_metrics": {
        "total_count": 8027,
        "solved": 7921,
        "avg_par2": 43.02093314713798,
        "sbs_solved": 7870,
        "sbs_avg_par2": 59.73287903806865,
        "vbs_solved": 7928,
        "vbs_avg_par2": 39.00927608687519,
        "gap_cls_solved": 0.8793103448275862,
        "gap_cls_par2": 0.8064208685279911
      },
      "test_metrics": {
        "total_count": 2676,
        "solved": 2626,
        "avg_par2": 56.75061904219988,
        "sbs_solved": 2619,
        "sbs_avg_par2": 64.2323656654513,
        "vbs_solved": 2632,
        "vbs_avg_par2": 48.973860745100545,
        "gap_cls_solved": 0.5384615384615384,
        "gap_cls_par2": 0.4903328774546433
      }
    },
    {
      "seed": 40,
      "train_size": 8027,
      "test_size": 2676,
      "train_metrics": {
        "total_count": 8027,
        "solved": 7920,
        "avg_par2": 43.19807693198188,
        "sbs_solved": 7868,
        "sbs_avg_par2": 59.7629644565803,
        "vbs_solved": 7924,
        "vbs_avg_par2": 40.05662382543714,
        "gap_cls_solved": 0.9285714285714286,
        "gap_cls_par2": 0.8405866839843363
      },
      "test_metrics": {
        "total_count": 2676,
        "solved": 2631,
        "avg_par2": 53.508664423704595,
        "sbs_solved": 2621,
        "sbs_avg_par2": 64.14212065259892,
        "vbs_solved": 2636,
        "vbs_avg_par2": 45.83220891496722,
        "gap_cls_solved": 0.6666666666666666,
        "gap_cls_par2": 0.5807486339237652
      }
    }
  ],
  "aggregated": {
    "train": {
      "gap_cls_solved_mean": 0.9084962337425392,
      "gap_cls_solved_std": 0.018300671613298295,
      "gap_cls_par2_mean": 0.8237676709081245,
      "gap_cls_par2_std": 0.016791845595794795
    },
    "test": {
      "gap_cls_solved_mean": 0.6167531952052075,
      "gap_cls_solved_std": 0.04481035981537312,
      "gap_cls_par2_mean": 0.5754893291343139,
      "gap_cls_par2_std": 0.05335691399455208
    }
  }
}