{
  "n_splits": 4,
  "n_instances": 832,
  "fusion_method": "fixed_alpha_oracle",
  "model_type": "Fusion_SVM_fixed_alpha_oracle",
  "oracle_mode": true,
  "oracle_note": "Alpha tuned on validation set (upper bound analysis)",
  "folds_dir": "data/perf_data/folds/BV",
  "feature_csv_synt": "data/features/syntactic/catalog0/BV.CSV",
  "feature_csv_desc": "data/features/native_desc/all_mpnet_base_v2/BV.csv",
  "alpha_candidates": [
    0.0,
    0.05,
    0.1,
    0.15,
    0.2,
    0.25,
    0.3,
    0.35,
    0.4,
    0.45,
    0.5,
    0.55,
    0.6,
    0.65,
    0.7,
    0.75,
    0.8,
    0.85,
    0.9,
    0.95,
    1.0
  ],
  "folds": [
    {
      "fold": 1,
      "train_size": 624,
      "test_size": 208,
      "best_alpha": 0.0,
      "alpha_tuning_results": {
        "0.0": -0.15422729969651852,
        "0.05": -0.40074725906810027,
        "0.1": -0.517104347790398,
        "0.15": -0.7565193338928652,
        "0.2": -0.7564887680495872,
        "0.25": -0.8298413767432025,
        "0.3": -0.8144297632591317,
        "0.35": -0.8144297632591317,
        "0.4": -0.8144012926550526,
        "0.45": -0.8045061315130451,
        "0.5": -0.5909454655419664,
        "0.55": -0.590944421688499,
        "0.6": -0.7139297668369764,
        "0.65": -0.7093947923860143,
        "0.7": -0.8306031691762514,
        "0.75": -0.8300334021125507,
        "0.8": -0.8300245713011409,
        "0.85": -0.8300255116493802,
        "0.9": -0.8300250153691703,
        "0.95": -0.8300250153691703,
        "1.0": -0.8300053103283329
      },
      "train_metrics": {
        "total_instances": 624,
        "solved": 578,
        "solve_rate": 92.62820512820514,
        "avg_par2": 189.4098238654383,
        "sbs_name": "cvc5",
        "sbs_solved": 566,
        "sbs_solve_rate": 90.7051282051282,
        "sbs_avg_par2": 251.36502850120917,
        "vbs_solved": 601,
        "vbs_solve_rate": 96.31410256410257,
        "vbs_avg_par2": 98.63251757317406,
        "gap_cls_solved": 0.34285714285714286,
        "gap_cls_par2": 0.40564516525864663
      },
      "test_metrics": {
        "total_instances": 208,
        "solved": 187,
        "solve_rate": 89.90384615384616,
        "avg_par2": 257.01031392287854,
        "sbs_name": "cvc5",
        "sbs_solved": 190,
        "sbs_solve_rate": 91.34615384615384,
        "sbs_avg_par2": 242.39432227044352,
        "vbs_solved": 196,
        "vbs_solve_rate": 94.23076923076923,
        "vbs_avg_par2": 147.62516219829223,
        "gap_cls_solved": -0.5,
        "gap_cls_par2": -0.15422729969651852
      }
    },
    {
      "fold": 2,
      "train_size": 624,
      "test_size": 208,
      "best_alpha": 0.25,
      "alpha_tuning_results": {
        "0.0": -0.20477246941746266,
        "0.05": -0.20477246941746266,
        "0.1": -0.20477351999788737,
        "0.15": -0.13724037722068483,
        "0.2": -0.06518649483411358,
        "0.25": -0.06284779550333532,
        "0.3": -0.06285107098739592,
        "0.35": -0.06285107098739592,
        "0.4": -0.06285696879503787,
        "0.45": -0.06285696879503787,
        "0.5": -0.06288490266176038,
        "0.55": -0.06288490266176038,
        "0.6": -0.06288490266176038,
        "0.65": -0.19737135549760149,
        "0.7": -0.19737135549760149,
        "0.75": -0.33228553247500653,
        "0.8": -0.4674656623042801,
        "0.85": -0.4674656623042801,
        "0.9": -0.4674656754897069,
        "0.95": -0.4000974923853949,
        "1.0": -0.5859796408823248
      },
      "train_metrics": {
        "total_instances": 624,
        "solved": 559,
        "solve_rate": 89.58333333333334,
        "avg_par2": 263.1931545551533,
        "sbs_name": "cvc5",
        "sbs_solved": 568,
        "sbs_solve_rate": 91.02564102564102,
        "sbs_avg_par2": 246.06557482444512,
        "vbs_solved": 596,
        "vbs_solve_rate": 95.51282051282051,
        "vbs_avg_par2": 118.67965580296863,
        "gap_cls_solved": -0.32142857142857145,
        "gap_cls_par2": -0.13445426199594757
      },
      "test_metrics": {
        "total_instances": 208,
        "solved": 186,
        "solve_rate": 89.42307692307693,
        "avg_par2": 269.0276483675228,
        "sbs_name": "cvc5",
        "sbs_solved": 188,
        "sbs_solve_rate": 90.38461538461539,
        "sbs_avg_par2": 258.2926833007357,
        "vbs_solved": 201,
        "vbs_solve_rate": 96.63461538461539,
        "vbs_avg_par2": 87.48374750890854,
        "gap_cls_solved": -0.15384615384615385,
        "gap_cls_par2": -0.06284779550333532
      }
    },
    {
      "fold": 3,
      "train_size": 624,
      "test_size": 208,
      "best_alpha": 0.65,
      "alpha_tuning_results": {
        "0.0": -0.7351189338535603,
        "0.05": -1.000738006987656,
        "0.1": -0.8199604916988207,
        "0.15": -0.7708524618968756,
        "0.2": -0.6041714419303224,
        "0.25": -0.6041925959343616,
        "0.3": -0.6047117131652233,
        "0.35": -0.6046504168144613,
        "0.4": -0.6046511446635546,
        "0.45": -0.6046511446635546,
        "0.5": -0.542121117248388,
        "0.55": -0.5421190082985712,
        "0.6": -0.5419932326942477,
        "0.65": -0.5419552003140965,
        "0.7": -0.5419577922227615,
        "0.75": -0.5419577922227615,
        "0.8": -0.5419778068972914,
        "0.85": -0.628574275104666,
        "0.9": -0.7168609750334072,
        "0.95": -0.716860211011946,
        "1.0": -0.8140055535059566
      },
      "train_metrics": {
        "total_instances": 624,
        "solved": 558,
        "solve_rate": 89.42307692307693,
        "avg_par2": 264.661738021222,
        "sbs_name": "cvc5",
        "sbs_solved": 567,
        "sbs_solve_rate": 90.86538461538461,
        "sbs_avg_par2": 248.31036315842766,
        "vbs_solved": 598,
        "vbs_solve_rate": 95.83333333333334,
        "vbs_avg_par2": 107.54799698027058,
        "gap_cls_solved": -0.2903225806451613,
        "gap_cls_par2": -0.11616297243894773
      },
      "test_metrics": {
        "total_instances": 208,
        "solved": 181,
        "solve_rate": 87.01923076923077,
        "avg_par2": 322.38080401641605,
        "sbs_name": "cvc5",
        "sbs_solved": 189,
        "sbs_solve_rate": 90.86538461538461,
        "sbs_avg_par2": 251.558318298788,
        "vbs_solved": 199,
        "vbs_solve_rate": 95.67307692307693,
        "vbs_avg_par2": 120.87872397700266,
        "gap_cls_solved": -0.8,
        "gap_cls_par2": -0.5419552003140965
      }
    },
    {
      "fold": 4,
      "train_size": 624,
      "test_size": 208,
      "best_alpha": 0.6,
      "alpha_tuning_results": {
        "0.0": 0.08669710298079047,
        "0.05": 0.08669710298079047,
        "0.1": 0.08670815340297046,
        "0.15": 0.23401093847900634,
        "0.2": 0.23401093847900634,
        "0.25": 0.23405140151169884,
        "0.3": 0.2340520088053949,
        "0.35": 0.23405360746944845,
        "0.4": 0.19540203641611964,
        "0.45": 0.2687066466479677,
        "0.5": 0.268706547366149,
        "0.55": 0.2687071778972706,
        "0.6": 0.26871291838972794,
        "0.65": 0.19508972575502434,
        "0.7": 0.19503953459513096,
        "0.75": 0.1214154734871375,
        "0.8": 0.12141635220069821,
        "0.85": 0.12107985196035485,
        "0.9": 0.14137162163837397,
        "0.95": 0.14137231048330115,
        "1.0": 0.14137125922628435
      },
      "train_metrics": {
        "total_instances": 624,
        "solved": 548,
        "solve_rate": 87.82051282051282,
        "avg_par2": 301.4971032378847,
        "sbs_name": "cvc5",
        "sbs_solved": 567,
        "sbs_solve_rate": 90.86538461538461,
        "sbs_avg_par2": 250.74844128998907,
        "vbs_solved": 596,
        "vbs_solve_rate": 95.51282051282051,
        "vbs_avg_par2": 118.66254456140115,
        "gap_cls_solved": -0.6551724137931034,
        "gap_cls_par2": -0.3842095424629226
      },
      "test_metrics": {
        "total_instances": 208,
        "solved": 192,