{
  "division": "QF_BV",
  "n_seeds": 5,
  "seed_values": [
    0,
    10,
    20,
    30,
    40
  ],
  "model_type": "gin_pwc",
  "splits_dir": "/home/john-lu/Desktop/smt-select/data/cp26/performance_splits/smtcomp24/QF_BV",
  "benchmark_root": "/home/john-lu/Desktop/smt_data/smtlib25/non-incremental",
  "seeds": [
    {
      "seed": 0,
      "train_size": 8027,
      "test_size": 2676,
      "train_metrics": {
        "total_count": 8027,
        "solved": 7906,
        "avg_par2": 47.610638966583316,
        "sbs_solved": 7864,
        "sbs_avg_par2": 61.77599266787249,
        "vbs_solved": 7918,
        "vbs_avg_par2": 41.87253326616425,
        "gap_cls_solved": 0.7777777777777778,
        "gap_cls_par2": 0.7117030972049718
      },
      "test_metrics": {
        "total_count": 2676,
        "solved": 2633,
        "avg_par2": 50.32534929790242,
        "sbs_solved": 2625,
        "sbs_avg_par2": 58.10378827141716,
        "vbs_solved": 2642,
        "vbs_avg_par2": 40.385159183757764,
        "gap_cls_solved": 0.47058823529411764,
        "gap_cls_par2": 0.43899778786679594
      }
    },
    {
      "seed": 10,
      "train_size": 8027,
      "test_size": 2676,
      "train_metrics": {
        "total_count": 8027,
        "solved": 7900,
        "avg_par2": 51.403602619494514,
        "sbs_solved": 7865,
        "sbs_avg_par2": 61.78417641632123,
        "vbs_solved": 7914,
        "vbs_avg_par2": 43.25506544619551,
        "gap_cls_solved": 0.7142857142857143,
        "gap_cls_par2": 0.5602305374263882
      },
      "test_metrics": {
        "total_count": 2676,
        "solved": 2636,
        "avg_par2": 46.72476899229969,
        "sbs_solved": 2627,
        "sbs_avg_par2": 57.66332678096884,
        "vbs_solved": 2646,
        "vbs_avg_par2": 36.238079284986874,
        "gap_cls_solved": 0.47368421052631576,
        "gap_cls_par2": 0.5105452243070023
      }
    },
    {
      "seed": 20,
      "train_size": 8027,
      "test_size": 2676,
      "train_metrics": {
        "total_count": 8027,
        "solved": 7907,
        "avg_par2": 47.79570530889265,
        "sbs_solved": 7865,
        "sbs_avg_par2": 60.975859810918074,
        "vbs_solved": 7921,
        "vbs_avg_par2": 40.70114182585746,
        "gap_cls_solved": 0.75,
        "gap_cls_par2": 0.6500783148617503
      },
      "test_metrics": {
        "total_count": 2676,
        "solved": 2631,
        "avg_par2": 52.305325755515305,
        "sbs_solved": 2624,
        "sbs_avg_par2": 60.50388783897062,
        "vbs_solved": 2639,
        "vbs_avg_par2": 43.898895764976956,
        "gap_cls_solved": 0.4666666666666667,
        "gap_cls_par2": 0.49374080077374466
      }
    },
    {
      "seed": 30,
      "train_size": 8027,
      "test_size": 2676,
      "train_metrics": {
        "total_count": 8027,
        "solved": 7917,
        "avg_par2": 45.079848795187985,
        "sbs_solved": 7870,
        "sbs_avg_par2": 59.73287903806865,
        "vbs_solved": 7928,
        "vbs_avg_par2": 39.00927608687519,
        "gap_cls_solved": 0.8103448275862069,
        "gap_cls_par2": 0.7070696286447047
      },
      "test_metrics": {
        "total_count": 2676,
        "solved": 2625,
        "avg_par2": 57.868727618441625,
        "sbs_solved": 2619,
        "sbs_avg_par2": 64.2323656654513,
        "vbs_solved": 2632,
        "vbs_avg_par2": 48.973860745100545,
        "gap_cls_solved": 0.46153846153846156,
        "gap_cls_par2": 0.4170551492579254
      }
    },
    {
      "seed": 40,
      "train_size": 8027,
      "test_size": 2676,
      "train_metrics": {
        "total_count": 8027,
        "solved": 7910,
        "avg_par2": 46.84105112401646,
        "sbs_solved": 7868,
        "sbs_avg_par2": 59.7629644565803,
        "vbs_solved": 7924,
        "vbs_avg_par2": 40.05662382543714,
        "gap_cls_solved": 0.75,
        "gap_cls_par2": 0.6557236360840397
      },
      "test_metrics": {
        "total_count": 2676,
        "solved": 2627,
        "avg_par2": 56.30471078851187,
        "sbs_solved": 2621,
        "sbs_avg_par2": 64.14212065259892,
        "vbs_solved": 2636,
        "vbs_avg_par2": 45.83220891496722,
        "gap_cls_solved": 0.4,
        "gap_cls_par2": 0.4280419248542364
      }
    }
  ],
  "aggregated": {
    "train": {
      "gap_cls_solved_mean": 0.7604816639299398,
      "gap_cls_solved_std": 0.03206021511175888,
      "gap_cls_par2_mean": 0.656961042844371,
      "gap_cls_par2_std": 0.05461365522453162
    },
    "test": {
      "gap_cls_solved_mean": 0.4544955148051123,
      "gap_cls_solved_std": 0.027548803481887228,
      "gap_cls_par2_mean": 0.457676177411941,
      "gap_cls_par2_std": 0.03734416223926915
    }
  }
}