{
  "division": "BV",
  "n_seeds": 5,
  "seed_values": [
    0,
    10,
    20,
    30,
    40
  ],
  "model_type": "WL",
  "splits_dir": "/home/john-lu/Desktop/smt-select/data/cp26/performance_splits/smtcomp24/BV",
  "wl_dir": "/home/john-lu/Desktop/smt-select/data/features/wl/BV",
  "wl_iter": 0,
  "seeds": [
    {
      "seed": 0,
      "train_size": 780,
      "test_size": 260,
      "train_metrics": {
        "solved": 756,
        "avg_par2": 89.81950039343329,
        "sbs_name": "cvc5",
        "sbs_solved": 717,
        "sbs_avg_par2": 228.02426085833085,
        "vbs_solved": 756,
        "vbs_avg_par2": 84.73612726397263,
        "gap_cls_solved": 1.0,
        "gap_cls_par2": 0.9645234186394567
      },
      "test_metrics": {
        "solved": 240,
        "avg_par2": 208.40159751880608,
        "sbs_name": "cvc5",
        "sbs_solved": 235,
        "sbs_avg_par2": 259.9218850382541,
        "vbs_solved": 246,
        "vbs_avg_par2": 137.09389392141648,
        "gap_cls_solved": 0.45454545454545453,
        "gap_cls_par2": 0.41945070542137586
      }
    },
    {
      "seed": 10,
      "train_size": 780,
      "test_size": 260,
      "train_metrics": {
        "solved": 751,
        "avg_par2": 106.80360688773695,
        "sbs_name": "cvc5",
        "sbs_solved": 712,
        "sbs_avg_par2": 240.39324967535512,
        "vbs_solved": 752,
        "vbs_avg_par2": 97.6815779535473,
        "gap_cls_solved": 0.975,
        "gap_cls_par2": 0.9360807085774211
      },
      "test_metrics": {
        "solved": 242,
        "avg_par2": 179.80505505063516,
        "sbs_name": "cvc5",
        "sbs_solved": 240,
        "sbs_avg_par2": 222.8149185871813,
        "vbs_solved": 250,
        "vbs_avg_par2": 98.25754185269247,
        "gap_cls_solved": 0.2,
        "gap_cls_par2": 0.3453016165251101
      }
    },
    {
      "seed": 20,
      "train_size": 780,
      "test_size": 260,
      "train_metrics": {
        "solved": 752,
        "avg_par2": 97.73095460381681,
        "sbs_name": "cvc5",
        "sbs_solved": 720,
        "sbs_avg_par2": 215.95072717511107,
        "vbs_solved": 752,
        "vbs_avg_par2": 94.11469797483579,
        "gap_cls_solved": 1.0,
        "gap_cls_par2": 0.9703186598191198
      },
      "test_metrics": {
        "solved": 237,
        "avg_par2": 235.62991899559094,
        "sbs_name": "cvc5",
        "sbs_solved": 232,
        "sbs_avg_par2": 296.1424860879134,
        "vbs_solved": 250,
        "vbs_avg_par2": 108.95818178882698,
        "gap_cls_solved": 0.2777777777777778,
        "gap_cls_par2": 0.3232779976874258
      }
    },
    {
      "seed": 30,
      "train_size": 780,
      "test_size": 260,
      "train_metrics": {
        "solved": 751,
        "avg_par2": 107.85938309789367,
        "sbs_name": "cvc5",
        "sbs_solved": 713,
        "sbs_avg_par2": 238.5362482514528,
        "vbs_solved": 751,
        "vbs_avg_par2": 99.42559507891613,
        "gap_cls_solved": 1.0,
        "gap_cls_par2": 0.9393735287223671
      },
      "test_metrics": {
        "solved": 244,
        "avg_par2": 167.89019010550737,
        "sbs_name": "cvc5",
        "sbs_solved": 239,
        "sbs_avg_par2": 228.38592285888825,
        "vbs_solved": 251,
        "vbs_avg_par2": 93.02549047658596,
        "gap_cls_solved": 0.4166666666666667,
        "gap_cls_par2": 0.44692331199505236
      }
    },
    {
      "seed": 40,
      "train_size": 780,
      "test_size": 260,
      "train_metrics": {
        "solved": 748,
        "avg_par2": 116.38689838350744,
        "sbs_name": "cvc5",
        "sbs_solved": 715,
        "sbs_avg_par2": 234.67214455008238,
        "vbs_solved": 748,
        "vbs_avg_par2": 108.70766903136779,
        "gap_cls_solved": 1.0,
        "gap_cls_par2": 0.9390365472446337
      },
      "test_metrics": {
        "solved": 248,
        "avg_par2": 139.29122249027714,
        "sbs_name": "cvc5",
        "sbs_solved": 237,
        "sbs_avg_par2": 239.97823396299947,
        "vbs_solved": 254,
        "vbs_avg_par2": 65.17926861923098,
        "gap_cls_solved": 0.6470588235294118,
        "gap_cls_par2": 0.5760160609343777
      }
    }
  ],
  "aggregated": {
    "train": {
      "gap_cls_solved_mean": 0.9949999999999999,
      "gap_cls_solved_std": 0.010000000000000009,
      "gap_cls_par2_mean": 0.9498665726005996,
      "gap_cls_par2_std": 0.01449520247052563
    },
    "test": {
      "gap_cls_solved_mean": 0.39920974450386215,
      "gap_cls_solved_std": 0.15441903753053082,
      "gap_cls_par2_mean": 0.4221939385126684,
      "gap_cls_par2_std": 0.08941711817870779
    }
  }
}