{
  "n_splits": 4,
  "n_instances": 1208,
  "model_type": "SVM",
  "folds_dir": "data/foiks26/perf_data/folds/QF_IDL",
  "feature_csv_path": "data/features/native_desc/all_mpnet_base_v2/QF_IDL.CSV",
  "svm_c": 1.0,
  "folds": [
    {
      "fold": 1,
      "train_size": 906,
      "test_size": 302,
      "train_metrics": {
        "total_instances": 906,
        "solved": 819,
        "solve_rate": 90.39735099337747,
        "avg_par2": 278.4592830679128,
        "sbs_name": "Z3alpha",
        "sbs_solved": 791,
        "sbs_solve_rate": 87.30684326710816,
        "sbs_avg_par2": 352.37138213929677,
        "vbs_solved": 829,
        "vbs_solve_rate": 91.50110375275938,
        "vbs_avg_par2": 245.2119936804815,
        "gap_cls_solved": 0.7368421052631579,
        "gap_cls_par2": 0.6897398364660389
      },
      "test_metrics": {
        "total_instances": 302,
        "solved": 265,
        "solve_rate": 87.74834437086093,
        "avg_par2": 334.16807958982463,
        "sbs_name": "Z3alpha",
        "sbs_solved": 256,
        "sbs_solve_rate": 84.76821192052981,
        "sbs_avg_par2": 407.108893787792,
        "vbs_solved": 272,
        "vbs_solve_rate": 90.06622516556291,
        "vbs_avg_par2": 276.3238674346526,
        "gap_cls_solved": 0.5625,
        "gap_cls_par2": 0.557715330507455
      }
    },
    {
      "fold": 2,
      "train_size": 906,
      "test_size": 302,
      "train_metrics": {
        "total_instances": 906,
        "solved": 816,
        "solve_rate": 90.06622516556291,
        "avg_par2": 285.89418288314135,
        "sbs_name": "Z3alpha",
        "sbs_solved": 780,
        "sbs_solve_rate": 86.09271523178808,
        "sbs_avg_par2": 381.6335399681669,
        "vbs_solved": 822,
        "vbs_solve_rate": 90.72847682119205,
        "vbs_avg_par2": 261.7448322202751,
        "gap_cls_solved": 0.8571428571428571,
        "gap_cls_par2": 0.7985685965216276
      },
      "test_metrics": {
        "total_instances": 302,
        "solved": 265,
        "solve_rate": 87.74834437086093,
        "avg_par2": 327.80908601433396,
        "sbs_name": "Z3alpha",
        "sbs_solved": 267,
        "sbs_solve_rate": 88.41059602649007,
        "sbs_avg_par2": 319.32242030118175,
        "vbs_solved": 279,
        "vbs_solve_rate": 92.3841059602649,
        "vbs_avg_par2": 226.72535181527167,
        "gap_cls_solved": -0.16666666666666666,
        "gap_cls_par2": -0.09165155929794438
      }
    },
    {
      "fold": 3,
      "train_size": 906,
      "test_size": 302,
      "train_metrics": {
        "total_instances": 906,
        "solved": 810,
        "solve_rate": 89.40397350993378,
        "avg_par2": 294.2465449739592,
        "sbs_name": "Z3alpha",
        "sbs_solved": 787,
        "sbs_solve_rate": 86.86534216335541,
        "sbs_avg_par2": 357.7064515354827,
        "vbs_solved": 823,
        "vbs_solve_rate": 90.83885209713024,
        "vbs_avg_par2": 256.1912655598412,
        "gap_cls_solved": 0.6388888888888888,
        "gap_cls_par2": 0.6251272255635789
      },
      "test_metrics": {
        "total_instances": 302,
        "solved": 272,
        "solve_rate": 90.06622516556291,
        "avg_par2": 295.96578244624146,
        "sbs_name": "Z3alpha",
        "sbs_solved": 260,
        "sbs_solve_rate": 86.09271523178808,
        "sbs_avg_par2": 391.10368559923427,
        "vbs_solved": 278,
        "vbs_solve_rate": 92.05298013245033,
        "vbs_avg_par2": 243.38605179657344,
        "gap_cls_solved": 0.6666666666666666,
        "gap_cls_par2": 0.6440524445449051
      }
    },
    {
      "fold": 4,
      "train_size": 906,
      "test_size": 302,
      "train_metrics": {
        "total_instances": 906,
        "solved": 817,
        "solve_rate": 90.17660044150111,
        "avg_par2": 286.70271376011806,
        "sbs_name": "Z3alpha",
        "sbs_solved": 783,
        "sbs_solve_rate": 86.42384105960265,
        "sbs_avg_par2": 372.51166656273597,
        "vbs_solved": 829,
        "vbs_solve_rate": 91.50110375275938,
        "vbs_avg_par2": 248.81175701549924,
        "gap_cls_solved": 0.7391304347826086,
        "gap_cls_par2": 0.6936864636093403
      },
      "test_metrics": {
        "total_instances": 302,
        "solved": 268,
        "solve_rate": 88.74172185430463,
        "avg_par2": 304.3295447400005,
        "sbs_name": "Z3alpha",
        "sbs_solved": 264,
        "sbs_solve_rate": 87.41721854304636,
        "sbs_avg_par2": 346.6880405174743,
        "vbs_solved": 272,
        "vbs_solve_rate": 90.06622516556291,
        "vbs_avg_par2": 265.52457742959933,
        "gap_cls_solved": 0.5,
        "gap_cls_par2": 0.5218911831252525
      }
    }
  ],
  "aggregated": {
    "test_solve_rate_mean": 88.57615894039735,
    "test_solve_rate_std": 0.9510865308837755,
    "test_avg_par2_mean": 315.56812319760013,
    "test_avg_par2_std": 15.861564843618936,
    "test_sbs_solve_rate_mean": 86.67218543046359,
    "test_sbs_solve_rate_std": 1.3727751615709427,
    "test_sbs_avg_par2_mean": 366.0557600514206,
    "test_sbs_avg_par2_std": 34.89939816093564,
    "test_vbs_solve_rate_mean": 91.14238410596026,
    "test_vbs_solve_rate_std": 1.08250801577997,
    "test_vbs_avg_par2_mean": 252.98996211902426,
    "test_vbs_avg_par2_std": 19.259105418947133,
    "test_gap_cls_solved_mean": 0.390625,
    "test_gap_cls_solved_std": 0.3272143447811473,
    "test_gap_cls_par2_mean": 0.40800184971991704,
    "test_gap_cls_par2_std": 0.2918725402694784,
    "train_solve_rate_mean": 90.01103752759383,
    "train_solve_rate_std": 0.37020993004963043,
    "train_avg_par2_mean": 286.3256811712829,
    "train_avg_par2_std": 5.589021534378029,
    "train_sbs_solve_rate_mean": 86.67218543046357,
    "train_sbs_solve_rate_std": 0.45759172052364694,
    "train_sbs_avg_par2_mean": 366.05576005142063,
    "train_sbs_avg_par2_std": 11.63313272031188,
    "train_vbs_solve_rate_mean": 91.14238410596026,
    "train_vbs_solve_rate_std": 0.36083600525998905,
    "train_vbs_avg_par2_mean": 252.98996211902426,
    "train_vbs_avg_par2_std": 6.419701806315699,
    "train_gap_cls_solved_mean": 0.743001071519378,
    "train_gap_cls_solved_std": 0.07733144330007988,
    "train_gap_cls_par2_mean": 0.7017805305401464,
    "train_gap_cls_par2_std": 0.062157363026299706
  }
}