{
  "n_splits": 4,
  "n_instances": 832,
  "fusion_method": "fixed_alpha",
  "model_type": "Fusion_SVM_fixed_alpha",
  "folds_dir": "data/perf_data/folds/BV",
  "feature_csv_synt": "data/features/syntactic/catalog0/BV.CSV",
  "feature_csv_desc": "data/features/native_desc/all_mpnet_base_v2/BV.csv",
  "alpha_candidates": [
    0.0,
    0.05,
    0.1,
    0.15,
    0.2,
    0.25,
    0.3,
    0.35,
    0.4,
    0.45,
    0.5,
    0.55,
    0.6,
    0.65,
    0.7,
    0.75,
    0.8,
    0.85,
    0.9,
    0.95,
    1.0
  ],
  "folds": [
    {
      "fold": 1,
      "train_size": 624,
      "test_size": 208,
      "best_alpha": 1.0,
      "alpha_tuning_results": {
        "0.0": 0.41704791296438937,
        "0.05": 0.41704996912625536,
        "0.1": 0.41705171690570886,
        "0.15": 0.4180956745103035,
        "0.2": 0.4180934132975825,
        "0.25": 0.41809148352777414,
        "0.3": 0.3929425415543964,
        "0.35": 0.42074512495102967,
        "0.4": 0.43160957724163407,
        "0.45": 0.4494418064660512,
        "0.5": 0.44639136974010923,
        "0.55": 0.44677848434065054,
        "0.6": 0.44680586626115987,
        "0.65": 0.4722684593096087,
        "0.7": 0.6609701544012498,
        "0.75": 0.7717694307600403,
        "0.8": 0.8919652405137029,
        "0.85": 0.9412463507938541,
        "0.9": 0.9387084847814862,
        "0.95": 0.9602790097325672,
        "1.0": 0.9610689412261758
      },
      "train_metrics": {
        "total_instances": 624,
        "solved": 601,
        "solve_rate": 96.31410256410257,
        "avg_par2": 104.57855593278714,
        "sbs_name": "cvc5",
        "sbs_solved": 566,
        "sbs_solve_rate": 90.7051282051282,
        "sbs_avg_par2": 251.36502850120917,
        "vbs_solved": 601,
        "vbs_solve_rate": 96.31410256410257,
        "vbs_avg_par2": 98.63251757317406,
        "gap_cls_solved": 1.0,
        "gap_cls_par2": 0.9610689412261758
      },
      "test_metrics": {
        "total_instances": 208,
        "solved": 191,
        "solve_rate": 91.82692307692307,
        "avg_par2": 212.73354165929217,
        "sbs_name": "cvc5",
        "sbs_solved": 190,
        "sbs_solve_rate": 91.34615384615384,
        "sbs_avg_par2": 242.39432227044352,
        "vbs_solved": 196,
        "vbs_solve_rate": 94.23076923076923,
        "vbs_avg_par2": 147.62516219829223,
        "gap_cls_solved": 0.16666666666666666,
        "gap_cls_par2": 0.3129792496690853
      }
    },
    {
      "fold": 2,
      "train_size": 624,
      "test_size": 208,
      "best_alpha": 1.0,
      "alpha_tuning_results": {
        "0.0": 0.40434349660472735,
        "0.05": 0.40434349660472735,
        "0.1": 0.40434349660472735,
        "0.15": 0.40434349660472735,
        "0.2": 0.40434349660472735,
        "0.25": 0.40434349660472735,
        "0.3": 0.4043435507852475,
        "0.35": 0.4043435507852475,
        "0.4": 0.40433997968005314,
        "0.45": 0.4043294554721403,
        "0.5": 0.43534379398118006,
        "0.55": 0.43529024409506645,
        "0.6": 0.45712878310611377,
        "0.65": 0.48583428336553414,
        "0.7": 0.4948173794079296,
        "0.75": 0.6454564980335962,
        "0.8": 0.8006272371845219,
        "0.85": 0.9219314345739144,
        "0.9": 0.9184354275543046,
        "0.95": 0.9256792032575756,
        "1.0": 0.9442289844211352
      },
      "train_metrics": {
        "total_instances": 624,
        "solved": 596,
        "solve_rate": 95.51282051282051,
        "avg_par2": 125.7840978772434,
        "sbs_name": "cvc5",
        "sbs_solved": 568,
        "sbs_solve_rate": 91.02564102564102,
        "sbs_avg_par2": 246.06557482444512,
        "vbs_solved": 596,
        "vbs_solve_rate": 95.51282051282051,
        "vbs_avg_par2": 118.67965580296863,
        "gap_cls_solved": 1.0,
        "gap_cls_par2": 0.9442289844211352
      },
      "test_metrics": {
        "total_instances": 208,
        "solved": 193,
        "solve_rate": 92.78846153846155,
        "avg_par2": 186.98417461111183,
        "sbs_name": "cvc5",
        "sbs_solved": 188,
        "sbs_solve_rate": 90.38461538461539,
        "sbs_avg_par2": 258.2926833007357,
        "vbs_solved": 201,
        "vbs_solve_rate": 96.63461538461539,
        "vbs_avg_par2": 87.48374750890854,
        "gap_cls_solved": 0.38461538461538464,
        "gap_cls_par2": 0.41747528230332687
      }
    },
    {
      "fold": 3,
      "train_size": 624,
      "test_size": 208,
      "best_alpha": 0.85,
      "alpha_tuning_results": {
        "0.0": 0.40971992232798055,
        "0.05": 0.40971992232798055,
        "0.1": 0.4108541723024835,
        "0.15": 0.4108541723024835,
        "0.2": 0.4108541723024835,
        "0.25": 0.38360461253199307,
        "0.3": 0.42072040045042,
        "0.35": 0.3669742062634727,
        "0.4": 0.42714062856648044,
        "0.45": 0.44738057904002293,
        "0.5": 0.4386134065321353,
        "0.55": 0.5364644738206471,
        "0.6": 0.594002789805525,
        "0.65": 0.5968489910091219,
        "0.7": 0.72698188348695,
        "0.75": 0.8679194632800614,
        "0.8": 0.8901272607593154,
        "0.85": 0.9521856554890881,
        "0.9": 0.9445521386435077,
        "0.95": 0.9416105770319828,
        "1.0": 0.9417081479624565
      },
      "train_metrics": {
        "total_instances": 624,
        "solved": 597,
        "solve_rate": 95.67307692307693,
        "avg_par2": 114.27845725088413,
        "sbs_name": "cvc5",
        "sbs_solved": 567,
        "sbs_solve_rate": 90.86538461538461,
        "sbs_avg_par2": 248.31036315842766,
        "vbs_solved": 598,
        "vbs_solve_rate": 95.83333333333334,
        "vbs_avg_par2": 107.54799698027058,
        "gap_cls_solved": 0.967741935483871,
        "gap_cls_par2": 0.9521856554890881
      },
      "test_metrics": {
        "total_instances": 208,
        "solved": 187,
        "solve_rate": 89.90384615384616,
        "avg_par2": 252.66517886438277,
        "sbs_name": "cvc5",
        "sbs_solved": 189,
        "sbs_solve_rate": 90.86538461538461,
        "sbs_avg_par2": 251.558318298788,
        "vbs_solved": 199,
        "vbs_solve_rate": 95.67307692307693,
        "vbs_avg_par2": 120.87872397700266,
        "gap_cls_solved": -0.2,
        "gap_cls_par2": -0.008470033683064742
      }
    },
    {
      "fold": 4,
      "train_size": 624,
      "test_size": 208,
      "best_alpha": 0.9,
      "alpha_tuning_results": {
        "0.0": 0.32817968235711803,
        "0.05": 0.32817968235711803,
        "0.1": 0.32817968235711803,
        "0.15": 0.32817968235711803,
        "0.2": 0.32817968235711803,
        "0.25": 0.3281984594244558,
        "0.3": 0.29916907187262903,
        "0.35": 0.32835375353940793,
        "0.4": 0.30011000031977475,
        "0.45": 0.3018282830653047,
        "0.5": 0.33770815566838747,
        "0.55": 0.366623421158703,
        "0.6": 0.3939239022008808,
        "0.65": 0.39670726793528965,
        "0.7": 0.6295275637478946,
        "0.75": 0.7958603609841929,
        "0.8": 0.7931080844154714,
        "0.85": 0.9725669276466787,
        "0.9": 0.9726109229592609,
        "0.95": 0.966414097057708,
        "1.0": 0.9634577123320708
      },
      "train_metrics": {
        "total_instances": 624,
        "solved": 596,
        "solve_rate": 95.51282051282051,
        "avg_par2": 122.28025536289556,
        "sbs_name": "cvc5",
        "sbs_solved": 567,
        "sbs_solve_rate": 90.86538461538461,
        "sbs_avg_par2": 250.74844128998907,
        "vbs_solved": 596,
        "vbs_solve_rate": 95.51282051282051,
        "vbs_avg_par2": 118.66254456140115,
        "gap_cls_solved": 1.0,
        "gap_cls_par2": 0.9726109229592609
      },
      "test_metrics": {
        "total_instances": 208,
        "solved": 196,
        "solve_rate": 94.23076923076923,
        "avg_par2": 159.97362407656553,
        "sbs_name": "cvc5",
        "sbs_solved": 189,
        "sbs_solve_rate": 90.86538461538461,
        "sbs_avg_par2": 244.24408390410377,