{
  "division": "UFNIA",
  "n_seeds": 5,
  "seed_values": [
    0,
    10,
    20,
    30,
    40
  ],
  "model_type": "machsmt_pwc",
  "splits_dir": "/lustre06/project/6001884/jchen688/SMT_AS_LM/data/cp26/performance_splits/smtcomp24/UFNIA",
  "benchmark_root": "/lustre07/scratch/jchen688/smtlib24/non-incremental",
  "seeds": [
    {
      "seed": 0,
      "train_size": 4709,
      "test_size": 1570,
      "train_metrics": {
        "total_count": 4709,
        "solved": 2654,
        "avg_par2": 1084.9279807523303,
        "sbs_solved": 2775,
        "sbs_avg_par2": 1018.7174375948565,
        "vbs_solved": 2830,
        "vbs_avg_par2": 988.6280494388818,
        "gap_cls_solved": -2.2,
        "gap_cls_par2": -2.2004615984299014
      },
      "test_metrics": {
        "total_count": 1570,
        "solved": 878,
        "avg_par2": 1101.666773640202,
        "sbs_solved": 913,
        "sbs_avg_par2": 1042.7014970401126,
        "vbs_solved": 929,
        "vbs_avg_par2": 1017.610803086114,
        "gap_cls_solved": -2.1875,
        "gap_cls_par2": -2.350085522074304
      },
      "train_eval_stats": {
        "total": 4709,
        "file_not_found": 0,
        "feature_timeout": 0,
        "parse_fail": 0
      },
      "test_eval_stats": {
        "total": 1570,
        "file_not_found": 0,
        "feature_timeout": 0,
        "parse_fail": 0
      },
      "train_stats": {
        "parsing_time": 29402.41324019432,
        "training_time": 1.7699768543243408,
        "total_benchmarks": 4709,
        "loaded_benchmarks": 4709,
        "skipped_benchmarks": 0,
        "feature_timeout_count": 0
      }
    },
    {
      "seed": 10,
      "train_size": 4709,
      "test_size": 1570,
      "train_metrics": {
        "total_count": 4709,
        "solved": 2629,
        "avg_par2": 1099.7770563490421,
        "sbs_solved": 2748,
        "sbs_avg_par2": 1034.6312495524396,
        "vbs_solved": 2798,
        "vbs_avg_par2": 1007.3756015192923,
        "gap_cls_solved": -2.38,
        "gap_cls_par2": -2.39017640370813
      },
      "test_metrics": {
        "total_count": 1570,
        "solved": 890,
        "avg_par2": 1076.5149799120861,
        "sbs_solved": 940,
        "sbs_avg_par2": 994.9701973533324,
        "vbs_solved": 961,
        "vbs_avg_par2": 961.3800879608684,
        "gap_cls_solved": -2.380952380952381,
        "gap_cls_par2": -2.4276426612962565
      },
      "train_eval_stats": {
        "total": 4709,
        "file_not_found": 0,
        "feature_timeout": 0,
        "parse_fail": 0
      },
      "test_eval_stats": {
        "total": 1570,
        "file_not_found": 0,
        "feature_timeout": 0,
        "parse_fail": 0
      },
      "train_stats": {
        "parsing_time": 104.22771906852722,
        "training_time": 1.692897081375122,
        "total_benchmarks": 4709,
        "loaded_benchmarks": 4709,
        "skipped_benchmarks": 0,
        "feature_timeout_count": 0
      }
    },
    {
      "seed": 20,
      "train_size": 4709,
      "test_size": 1570,
      "train_metrics": {
        "total_count": 4709,
        "solved": 2639,
        "avg_par2": 1095.0697550887994,
        "sbs_solved": 2787,
        "sbs_avg_par2": 1015.0038550594526,
        "vbs_solved": 2847,
        "vbs_avg_par2": 982.3129877004255,
        "gap_cls_solved": -2.466666666666667,
        "gap_cls_par2": -2.449182493386428
      },
      "test_metrics": {
        "total_count": 1570,
        "solved": 841,
        "avg_par2": 1151.3510910011012,
        "sbs_solved": 901,
        "sbs_avg_par2": 1053.8398793071274,
        "vbs_solved": 912,
        "vbs_avg_par2": 1036.5519659691693,
        "gap_cls_solved": -5.454545454545454,
        "gap_cls_par2": -5.640426914905561
      },
      "train_eval_stats": {
        "total": 4709,
        "file_not_found": 0,
        "feature_timeout": 0,
        "parse_fail": 0
      },
      "test_eval_stats": {
        "total": 1570,
        "file_not_found": 0,
        "feature_timeout": 0,
        "parse_fail": 0
      },
      "train_stats": {
        "parsing_time": 99.94076871871948,
        "training_time": 2.053889036178589,
        "total_benchmarks": 4709,
        "loaded_benchmarks": 4709,
        "skipped_benchmarks": 0,
        "feature_timeout_count": 0
      }
    },
    {
      "seed": 30,
      "train_size": 4709,
      "test_size": 1570,
      "train_metrics": {
        "total_count": 4709,
        "solved": 2647,
        "avg_par2": 1088.763107545705,
        "sbs_solved": 2773,
        "sbs_avg_par2": 1019.4431263228606,
        "vbs_solved": 2825,
        "vbs_avg_par2": 991.6683168039525,
        "gap_cls_solved": -2.423076923076923,
        "gap_cls_par2": -2.495786017025743
      },
      "test_metrics": {
        "total_count": 1570,
        "solved": 885,
        "avg_par2": 1088.444243716155,
        "sbs_solved": 915,
        "sbs_avg_par2": 1040.5248930782193,
        "vbs_solved": 934,
        "vbs_avg_par2": 1008.491937466937,
        "gap_cls_solved": -1.5789473684210527,
        "gap_cls_par2": -1.4959390953314955
      },
      "train_eval_stats": {
        "total": 4709,
        "file_not_found": 0,
        "feature_timeout": 0,
        "parse_fail": 0
      },
      "test_eval_stats": {
        "total": 1570,
        "file_not_found": 0,
        "feature_timeout": 0,
        "parse_fail": 0
      },
      "train_stats": {
        "parsing_time": 96.63442993164062,
        "training_time": 1.6212823390960693,
        "total_benchmarks": 4709,
        "loaded_benchmarks": 4709,
        "skipped_benchmarks": 0,
        "feature_timeout_count": 0
      }
    },
    {
      "seed": 40,
      "train_size": 4709,
      "test_size": 1570,
      "train_metrics": {
        "total_count": 4709,
        "solved": 2601,
        "avg_par2": 1113.2848591953903,
        "sbs_solved": 2742,
        "sbs_avg_par2": 1034.150736218721,
        "vbs_solved": 2798,
        "vbs_avg_par2": 1004.9774707652,
        "gap_cls_solved": -2.517857142857143,
        "gap_cls_par2": -2.7125562307293323
      },
      "test_metrics": {
        "total_count": 1570,
        "solved": 888,
        "avg_par2": 1089.995774090005,
        "sbs_solved": 946,
        "sbs_avg_par2": 996.411431295037,
        "vbs_solved": 961,
        "vbs_avg_par2": 968.5729527513217,
        "gap_cls_solved": -3.8666666666666667,
        "gap_cls_par2": -3.3616902823195147
      },
      "train_eval_stats": {
        "total": 4709,
        "file_not_found": 0,
        "feature_timeout": 0,
        "parse_fail": 0
      },
      "test_eval_stats": {
        "total": 1570,
        "file_not_found": 0,
        "feature_timeout": 0,
        "parse_fail": 0
      },
      "train_stats": {
        "parsing_time": 96.85877251625061,
        "training_time": 1.6581270694732666,
        "total_benchmarks": 4709,
        "loaded_benchmarks": 4709,
        "skipped_benchmarks": 0,
        "feature_timeout_count": 0
      }
    }
  ],
  "aggregated": {
    "train": {
      "gap_cls_solved_mean": -2.3975201465201463,
      "gap_cls_solved_std": 0.1088453458620844,
      "gap_cls_par2_mean": -2.4496325486559067,
      "gap_cls_par2_std": 0.165457186846592
    },
    "test": {
      "gap_cls_solved_mean": -3.093722374117111,
      "gap_cls_solved_std": 1.3996250832888142,
      "gap_cls_par2_mean": -3.0551568951854264,
      "gap_cls_par2_std": 1.4212419705727304
    }
  }
}