{
  "division": "UFNIA",
  "n_seeds": 5,
  "seed_values": [
    0,
    10,
    20,
    30,
    40
  ],
  "model_type": "fusion_pwc",
  "splits_dir": "/home/john-lu/Desktop/smt-select/data/cp26/performance_splits/smtcomp24/UFNIA",
  "benchmark_root": "/home/john-lu/Desktop/smt_data/smtlib25/non-incremental",
  "seeds": [
    {
      "seed": 0,
      "train_size": 4709,
      "test_size": 1570,
      "train_metrics": {
        "total_count": 4709,
        "solved": 2814,
        "avg_par2": 997.8962179674592,
        "sbs_solved": 2775,
        "sbs_avg_par2": 1018.7174375948581,
        "vbs_solved": 2830,
        "vbs_avg_par2": 988.6280494388842,
        "gap_cls_solved": 0.7090909090909091,
        "gap_cls_par2": 0.6919788305255096
      },
      "test_metrics": {
        "total_count": 1570,
        "solved": 920,
        "avg_par2": 1031.195192893055,
        "sbs_solved": 913,
        "sbs_avg_par2": 1042.7014970401126,
        "vbs_solved": 929,
        "vbs_avg_par2": 1017.610803086114,
        "gap_cls_solved": 0.4375,
        "gap_cls_par2": 0.45858851764535696
      }
    },
    {
      "seed": 10,
      "train_size": 4709,
      "test_size": 1570,
      "train_metrics": {
        "total_count": 4709,
        "solved": 2780,
        "avg_par2": 1017.1928465749987,
        "sbs_solved": 2748,
        "sbs_avg_par2": 1034.6312495524385,
        "vbs_solved": 2798,
        "vbs_avg_par2": 1007.3756015192909,
        "gap_cls_solved": 0.64,
        "gap_cls_par2": 0.6398087822469534
      },
      "test_metrics": {
        "total_count": 1570,
        "solved": 945,
        "avg_par2": 985.4496205539549,
        "sbs_solved": 940,
        "sbs_avg_par2": 994.9701973533324,
        "vbs_solved": 961,
        "vbs_avg_par2": 961.3800879608684,
        "gap_cls_solved": 0.23809523809523808,
        "gap_cls_par2": 0.2834339325347205
      }
    },
    {
      "seed": 20,
      "train_size": 4709,
      "test_size": 1570,
      "train_metrics": {
        "total_count": 4709,
        "solved": 2829,
        "avg_par2": 991.3471261969421,
        "sbs_solved": 2787,
        "sbs_avg_par2": 1015.003855059455,
        "vbs_solved": 2847,
        "vbs_avg_par2": 982.3129877004264,
        "gap_cls_solved": 0.7,
        "gap_cls_par2": 0.723649470743681
      },
      "test_metrics": {
        "total_count": 1570,
        "solved": 902,
        "avg_par2": 1051.9256855910705,
        "sbs_solved": 901,
        "sbs_avg_par2": 1053.8398793071274,
        "vbs_solved": 912,
        "vbs_avg_par2": 1036.551965969169,
        "gap_cls_solved": 0.09090909090909091,
        "gap_cls_par2": 0.11072439331668378
      }
    },
    {
      "seed": 30,
      "train_size": 4709,
      "test_size": 1570,
      "train_metrics": {
        "total_count": 4709,
        "solved": 2807,
        "avg_par2": 1000.7185964346579,
        "sbs_solved": 2773,
        "sbs_avg_par2": 1019.4431263228626,
        "vbs_solved": 2825,
        "vbs_avg_par2": 991.6683168039527,
        "gap_cls_solved": 0.6538461538461539,
        "gap_cls_par2": 0.6741551143836465
      },
      "test_metrics": {
        "total_count": 1570,
        "solved": 919,
        "avg_par2": 1032.4042379340392,
        "sbs_solved": 915,
        "sbs_avg_par2": 1040.5248930782193,
        "vbs_solved": 934,
        "vbs_avg_par2": 1008.491937466937,
        "gap_cls_solved": 0.21052631578947367,
        "gap_cls_par2": 0.2535093933486399
      }
    },
    {
      "seed": 40,
      "train_size": 4709,
      "test_size": 1570,
      "train_metrics": {
        "total_count": 4709,
        "solved": 2780,
        "avg_par2": 1013.9207953730322,
        "sbs_solved": 2742,
        "sbs_avg_par2": 1034.1507362187206,
        "vbs_solved": 2798,
        "vbs_avg_par2": 1004.9774707652005,
        "gap_cls_solved": 0.6785714285714286,
        "gap_cls_par2": 0.6934410848836727
      },
      "test_metrics": {
        "total_count": 1570,
        "solved": 947,
        "avg_par2": 990.8095986866854,
        "sbs_solved": 946,
        "sbs_avg_par2": 996.411431295037,
        "vbs_solved": 961,
        "vbs_avg_par2": 968.5729527513217,
        "gap_cls_solved": 0.06666666666666667,
        "gap_cls_par2": 0.20122624875332065
      }
    }
  ],
  "aggregated": {
    "train": {
      "gap_cls_solved_mean": 0.6763016983016982,
      "gap_cls_solved_std": 0.026320935771521545,
      "gap_cls_par2_mean": 0.6846066565566925,
      "gap_cls_par2_std": 0.027469334498662
    },
    "test": {
      "gap_cls_solved_mean": 0.2087394622920939,
      "gap_cls_solved_std": 0.1321098131918418,
      "gap_cls_par2_mean": 0.2614964971197444,
      "gap_cls_par2_std": 0.1146778440479733
    }
  }
}