{
  "division": "QF_LIA",
  "n_seeds": 5,
  "seed_values": [
    0,
    10,
    20,
    30,
    40
  ],
  "model_type": "machsmt_pwc",
  "splits_dir": "/lustre06/project/6001884/jchen688/SMT_AS_LM/data/cp26/performance_splits/smtcomp24/QF_LIA",
  "benchmark_root": "/lustre07/scratch/jchen688/smtlib24/non-incremental",
  "seeds": [
    {
      "seed": 0,
      "train_size": 3618,
      "test_size": 1207,
      "train_metrics": {
        "total_count": 3618,
        "solved": 3468,
        "avg_par2": 110.45111170641144,
        "sbs_solved": 3390,
        "sbs_avg_par2": 211.2187567586476,
        "vbs_solved": 3544,
        "vbs_avg_par2": 57.76171831546944,
        "gap_cls_solved": 0.5064935064935064,
        "gap_cls_par2": 0.6566505262614478
      },
      "test_metrics": {
        "total_count": 1207,
        "solved": 1157,
        "avg_par2": 113.4740412208325,
        "sbs_solved": 1124,
        "sbs_avg_par2": 221.90117742544018,
        "vbs_solved": 1182,
        "vbs_avg_par2": 56.74290921905257,
        "gap_cls_solved": 0.5689655172413793,
        "gap_cls_par2": 0.6565044389367978
      },
      "train_eval_stats": {
        "total": 3618,
        "file_not_found": 0,
        "feature_timeout": 0,
        "parse_fail": 0
      },
      "test_eval_stats": {
        "total": 1207,
        "file_not_found": 0,
        "feature_timeout": 0,
        "parse_fail": 0
      },
      "train_stats": {
        "parsing_time": 29361.417144060135,
        "training_time": 4.431988477706909,
        "total_benchmarks": 3618,
        "loaded_benchmarks": 3618,
        "skipped_benchmarks": 0,
        "feature_timeout_count": 0
      }
    },
    {
      "seed": 10,
      "train_size": 3618,
      "test_size": 1207,
      "train_metrics": {
        "total_count": 3618,
        "solved": 3485,
        "avg_par2": 100.12050509499413,
        "sbs_solved": 3385,
        "sbs_avg_par2": 214.80620765811403,
        "vbs_solved": 3543,
        "vbs_avg_par2": 57.38506665321785,
        "gap_cls_solved": 0.6329113924050633,
        "gap_cls_par2": 0.7285279590214182
      },
      "test_metrics": {
        "total_count": 1207,
        "solved": 1158,
        "avg_par2": 107.96276278521476,
        "sbs_solved": 1129,
        "sbs_avg_par2": 211.14774134071092,
        "vbs_solved": 1183,
        "vbs_avg_par2": 57.871928037632664,
        "gap_cls_solved": 0.5370370370370371,
        "gap_cls_par2": 0.6731980495283001
      },
      "train_eval_stats": {
        "total": 3618,
        "file_not_found": 0,
        "feature_timeout": 0,
        "parse_fail": 0
      },
      "test_eval_stats": {
        "total": 1207,
        "file_not_found": 0,
        "feature_timeout": 0,
        "parse_fail": 0
      },
      "train_stats": {
        "parsing_time": 898.848226070404,
        "training_time": 4.4420576095581055,
        "total_benchmarks": 3618,
        "loaded_benchmarks": 3618,
        "skipped_benchmarks": 0,
        "feature_timeout_count": 0
      }
    },
    {
      "seed": 20,
      "train_size": 3618,
      "test_size": 1207,
      "train_metrics": {
        "total_count": 3618,
        "solved": 3471,
        "avg_par2": 107.58826335815961,
        "sbs_solved": 3384,
        "sbs_avg_par2": 215.02907656806454,
        "vbs_solved": 3546,
        "vbs_avg_par2": 55.23112424398999,
        "gap_cls_solved": 0.5370370370370371,
        "gap_cls_par2": 0.6723541299954336
      },
      "test_metrics": {
        "total_count": 1207,
        "solved": 1148,
        "avg_par2": 132.71543582593935,
        "sbs_solved": 1130,
        "sbs_avg_par2": 210.47968855181145,
        "vbs_solved": 1180,
        "vbs_avg_par2": 64.32840163878153,
        "gap_cls_solved": 0.36,
        "gap_cls_par2": 0.5320805199077526
      },
      "train_eval_stats": {
        "total": 3618,
        "file_not_found": 0,
        "feature_timeout": 0,
        "parse_fail": 0
      },
      "test_eval_stats": {
        "total": 1207,
        "file_not_found": 0,
        "feature_timeout": 0,
        "parse_fail": 0
      },
      "train_stats": {
        "parsing_time": 880.5250554084778,
        "training_time": 4.761015892028809,
        "total_benchmarks": 3618,
        "loaded_benchmarks": 3618,
        "skipped_benchmarks": 0,
        "feature_timeout_count": 0
      }
    },
    {
      "seed": 30,
      "train_size": 3618,
      "test_size": 1207,
      "train_metrics": {
        "total_count": 3618,
        "solved": 3458,
        "avg_par2": 117.69230028397287,
        "sbs_solved": 3386,
        "sbs_avg_par2": 210.82636253598363,
        "vbs_solved": 3548,
        "vbs_avg_par2": 54.73785351010222,
        "gap_cls_solved": 0.4444444444444444,
        "gap_cls_par2": 0.5966746869019549
      },
      "test_metrics": {
        "total_count": 1207,
        "solved": 1145,
        "avg_par2": 135.2819427187211,
        "sbs_solved": 1128,
        "sbs_avg_par2": 223.0773847971027,
        "vbs_solved": 1178,
        "vbs_avg_par2": 65.80698781542236,
        "gap_cls_solved": 0.34,
        "gap_cls_par2": 0.5582451864008995
      },
      "train_eval_stats": {
        "total": 3618,
        "file_not_found": 0,
        "feature_timeout": 0,
        "parse_fail": 0
      },
      "test_eval_stats": {
        "total": 1207,
        "file_not_found": 0,
        "feature_timeout": 0,
        "parse_fail": 0
      },
      "train_stats": {
        "parsing_time": 853.0915069580078,
        "training_time": 4.299422979354858,
        "total_benchmarks": 3618,
        "loaded_benchmarks": 3618,
        "skipped_benchmarks": 0,
        "feature_timeout_count": 0
      }
    },
    {
      "seed": 40,
      "train_size": 3618,
      "test_size": 1207,
      "train_metrics": {
        "total_count": 3618,
        "solved": 3465,
        "avg_par2": 113.21468521707966,
        "sbs_solved": 3370,
        "sbs_avg_par2": 224.30138007429827,
        "vbs_solved": 3532,
        "vbs_avg_par2": 65.21746850427442,
        "gap_cls_solved": 0.5864197530864198,
        "gap_cls_par2": 0.6982899386926481
      },
      "test_metrics": {
        "total_count": 1207,
        "solved": 1170,
        "avg_par2": 84.17393009571651,
        "sbs_solved": 1144,
        "sbs_avg_par2": 182.68582435499914,
        "vbs_solved": 1194,
        "vbs_avg_par2": 34.394189928997484,
        "gap_cls_solved": 0.52,
        "gap_cls_par2": 0.6643118786882116
      },
      "train_eval_stats": {
        "total": 3618,
        "file_not_found": 0,
        "feature_timeout": 0,
        "parse_fail": 0
      },
      "test_eval_stats": {
        "total": 1207,
        "file_not_found": 0,
        "feature_timeout": 0,
        "parse_fail": 0
      },
      "train_stats": {
        "parsing_time": 966.0425634384155,
        "training_time": 4.716147184371948,
        "total_benchmarks": 3618,
        "loaded_benchmarks": 3618,
        "skipped_benchmarks": 0,
        "feature_timeout_count": 0
      }
    }
  ],
  "aggregated": {
    "train": {
      "gap_cls_solved_mean": 0.5414612266932942,
      "gap_cls_solved_std": 0.06486751552534954,
      "gap_cls_par2_mean": 0.6704994481745805,
      "gap_cls_par2_std": 0.044237873579341884
    },
    "test": {
      "gap_cls_solved_mean": 0.46520051085568337,
      "gap_cls_solved_std": 0.09557506207931728,
      "gap_cls_par2_mean": 0.6168680146923923,
      "gap_cls_par2_std": 0.05936428968849881
    }
  }
}