{
  "division": "QF_BV",
  "n_seeds": 5,
  "seed_values": [
    0,
    10,
    20,
    30,
    40
  ],
  "model_type": "SVM",
  "splits_dir": "/home/john-lu/Desktop/smt-select/data/cp26/performance_splits/smtcomp24/QF_BV",
  "feature_csv_path": "/home/john-lu/Desktop/smt-select/data/features/desc/setfit_mpnet/QF_BV/seed0/features.csv",
  "feature_csv_path_per_seed": true,
  "seeds": [
    {
      "seed": 0,
      "train_size": 8027,
      "test_size": 2676,
      "train_metrics": {
        "total_count": 8027,
        "solved": 7909,
        "avg_par2": 47.61578967407894,
        "sbs_solved": 7864,
        "sbs_avg_par2": 61.77599266787249,
        "vbs_solved": 7918,
        "vbs_avg_par2": 41.87253326616425,
        "gap_cls_solved": 0.8333333333333334,
        "gap_cls_par2": 0.7114443126694965
      },
      "test_metrics": {
        "total_count": 2676,
        "solved": 2636,
        "avg_par2": 47.9755474986543,
        "sbs_solved": 2625,
        "sbs_avg_par2": 58.10378827141716,
        "vbs_solved": 2642,
        "vbs_avg_par2": 40.385159183757764,
        "gap_cls_solved": 0.6470588235294118,
        "gap_cls_par2": 0.5716153728742445
      }
    },
    {
      "seed": 10,
      "train_size": 8027,
      "test_size": 2676,
      "train_metrics": {
        "total_count": 8027,
        "solved": 7904,
        "avg_par2": 49.3505695943191,
        "sbs_solved": 7865,
        "sbs_avg_par2": 61.78417641632123,
        "vbs_solved": 7914,
        "vbs_avg_par2": 43.25506544619551,
        "gap_cls_solved": 0.7959183673469388,
        "gap_cls_par2": 0.6710309437969635
      },
      "test_metrics": {
        "total_count": 2676,
        "solved": 2642,
        "avg_par2": 41.90389135880598,
        "sbs_solved": 2627,
        "sbs_avg_par2": 57.66332678096884,
        "vbs_solved": 2646,
        "vbs_avg_par2": 36.238079284986874,
        "gap_cls_solved": 0.7894736842105263,
        "gap_cls_par2": 0.7355544165881092
      }
    },
    {
      "seed": 20,
      "train_size": 8027,
      "test_size": 2676,
      "train_metrics": {
        "total_count": 8027,
        "solved": 7914,
        "avg_par2": 46.007774604786086,
        "sbs_solved": 7865,
        "sbs_avg_par2": 60.975859810918074,
        "vbs_solved": 7921,
        "vbs_avg_par2": 40.70114182585746,
        "gap_cls_solved": 0.875,
        "gap_cls_par2": 0.738263546608204
      },
      "test_metrics": {
        "total_count": 2676,
        "solved": 2633,
        "avg_par2": 51.07572515162973,
        "sbs_solved": 2624,
        "sbs_avg_par2": 60.50388783897062,
        "vbs_solved": 2639,
        "vbs_avg_par2": 43.898895764976956,
        "gap_cls_solved": 0.6,
        "gap_cls_par2": 0.5677908574317868
      }
    },
    {
      "seed": 30,
      "train_size": 8027,
      "test_size": 2676,
      "train_metrics": {
        "total_count": 8027,
        "solved": 7917,
        "avg_par2": 45.05710393778596,
        "sbs_solved": 7870,
        "sbs_avg_par2": 59.73287903806865,
        "vbs_solved": 7928,
        "vbs_avg_par2": 39.00927608687519,
        "gap_cls_solved": 0.8103448275862069,
        "gap_cls_par2": 0.7081671625752471
      },
      "test_metrics": {
        "total_count": 2676,
        "solved": 2628,
        "avg_par2": 55.31048735309736,
        "sbs_solved": 2619,
        "sbs_avg_par2": 64.2323656654513,
        "vbs_solved": 2632,
        "vbs_avg_par2": 48.973860745100545,
        "gap_cls_solved": 0.6923076923076923,
        "gap_cls_par2": 0.5847151053740886
      }
    },
    {
      "seed": 40,
      "train_size": 8027,
      "test_size": 2676,
      "train_metrics": {
        "total_count": 8027,
        "solved": 7914,
        "avg_par2": 45.55158003376047,
        "sbs_solved": 7868,
        "sbs_avg_par2": 59.7629644565803,
        "vbs_solved": 7924,
        "vbs_avg_par2": 40.05662382543714,
        "gap_cls_solved": 0.8214285714285714,
        "gap_cls_par2": 0.7211579607205556
      },
      "test_metrics": {
        "total_count": 2676,
        "solved": 2629,
        "avg_par2": 55.20979035356515,
        "sbs_solved": 2621,
        "sbs_avg_par2": 64.14212065259892,
        "vbs_solved": 2636,
        "vbs_avg_par2": 45.83220891496722,
        "gap_cls_solved": 0.5333333333333333,
        "gap_cls_par2": 0.4878412537989179
      }
    }
  ],
  "aggregated": {
    "train": {
      "gap_cls_solved_mean": 0.8272050199390101,
      "gap_cls_solved_std": 0.026901317507043044,
      "gap_cls_par2_mean": 0.7100127852740933,
      "gap_cls_par2_std": 0.022124014149641456
    },
    "test": {
      "gap_cls_solved_mean": 0.6524347066761929,
      "gap_cls_solved_std": 0.0864094578883663,
      "gap_cls_par2_mean": 0.5895034012134295,
      "gap_cls_par2_std": 0.08059830668355643
    }
  }
}