{
  "division": "QF_LIA",
  "n_seeds": 5,
  "seed_values": [
    0,
    10,
    20,
    30,
    40
  ],
  "model_type": "graph+lite_fallback",
  "splits_dir": "/home/john-lu/Desktop/smt-select/data/cp26/performance_splits/smtcomp24/QF_LIA",
  "benchmark_root": "/home/john-lu/Desktop/smt_data/smtlib25/non-incremental",
  "seeds": [
    {
      "seed": 0,
      "train_size": 3618,
      "test_size": 1207,
      "train_metrics": {
        "total_count": 3618,
        "solved": 3534,
        "avg_par2": 66.36999474034803,
        "sbs_solved": 3390,
        "sbs_avg_par2": 211.21875675864814,
        "vbs_solved": 3544,
        "vbs_avg_par2": 57.76171831546939,
        "gap_cls_solved": 0.935064935064935,
        "gap_cls_par2": 0.9439043232411521
      },
      "test_metrics": {
        "total_count": 1207,
        "solved": 1179,
        "avg_par2": 66.61127983567502,
        "sbs_solved": 1124,
        "sbs_avg_par2": 221.90117742543984,
        "vbs_solved": 1182,
        "vbs_avg_par2": 56.74290921905257,
        "gap_cls_solved": 0.9482758620689655,
        "gap_cls_par2": 0.9402490064603328
      }
    },
    {
      "seed": 10,
      "train_size": 3618,
      "test_size": 1207,
      "train_metrics": {
        "total_count": 3618,
        "solved": 3535,
        "avg_par2": 65.90601426783107,
        "sbs_solved": 3385,
        "sbs_avg_par2": 214.80620765811412,
        "vbs_solved": 3543,
        "vbs_avg_par2": 57.38506665321782,
        "gap_cls_solved": 0.9493670886075949,
        "gap_cls_par2": 0.9458716436672999
      },
      "test_metrics": {
        "total_count": 1207,
        "solved": 1178,
        "avg_par2": 67.457637152752,
        "sbs_solved": 1129,
        "sbs_avg_par2": 211.14774134071087,
        "vbs_solved": 1183,
        "vbs_avg_par2": 57.871928037632664,
        "gap_cls_solved": 0.9074074074074074,
        "gap_cls_par2": 0.937461045493426
      }
    },
    {
      "seed": 20,
      "train_size": 3618,
      "test_size": 1207,
      "train_metrics": {
        "total_count": 3618,
        "solved": 3538,
        "avg_par2": 62.67513086981907,
        "sbs_solved": 3384,
        "sbs_avg_par2": 215.0290765680648,
        "vbs_solved": 3546,
        "vbs_avg_par2": 55.23112424398988,
        "gap_cls_solved": 0.9506172839506173,
        "gap_cls_par2": 0.9534161325751376
      },
      "test_metrics": {
        "total_count": 1207,
        "solved": 1173,
        "avg_par2": 80.688454889182,
        "sbs_solved": 1130,
        "sbs_avg_par2": 210.47968855181145,
        "vbs_solved": 1180,
        "vbs_avg_par2": 64.32840163878153,
        "gap_cls_solved": 0.86,
        "gap_cls_par2": 0.8880608334284744
      }
    },
    {
      "seed": 30,
      "train_size": 3618,
      "test_size": 1207,
      "train_metrics": {
        "total_count": 3618,
        "solved": 3538,
        "avg_par2": 63.00388772275837,
        "sbs_solved": 3386,
        "sbs_avg_par2": 210.82636253598452,
        "vbs_solved": 3548,
        "vbs_avg_par2": 54.73785351010224,
        "gap_cls_solved": 0.9382716049382716,
        "gap_cls_par2": 0.9470426473784468
      },
      "test_metrics": {
        "total_count": 1207,
        "solved": 1175,
        "avg_par2": 76.87273541309477,
        "sbs_solved": 1128,
        "sbs_avg_par2": 223.0773847971027,
        "vbs_solved": 1178,
        "vbs_avg_par2": 65.80698781542236,
        "gap_cls_solved": 0.94,
        "gap_cls_par2": 0.9296387126245926
      }
    },
    {
      "seed": 40,
      "train_size": 3618,
      "test_size": 1207,
      "train_metrics": {
        "total_count": 3618,
        "solved": 3527,
        "avg_par2": 71.52116900905374,
        "sbs_solved": 3370,
        "sbs_avg_par2": 224.3013800742982,
        "vbs_solved": 3532,
        "vbs_avg_par2": 65.21746850427438,
        "gap_cls_solved": 0.9691358024691358,
        "gap_cls_par2": 0.9603749968015802
      },
      "test_metrics": {
        "total_count": 1207,
        "solved": 1190,
        "avg_par2": 44.37946362169262,
        "sbs_solved": 1144,
        "sbs_avg_par2": 182.68582435499917,
        "vbs_solved": 1194,
        "vbs_avg_par2": 34.394189928997484,
        "gap_cls_solved": 0.92,
        "gap_cls_par2": 0.9326646190707553
      }
    }
  ],
  "aggregated": {
    "train": {
      "gap_cls_solved_mean": 0.9484913430061109,
      "gap_cls_solved_std": 0.011968222409001594,
      "gap_cls_par2_mean": 0.9501219487327234,
      "gap_cls_par2_std": 0.006036268692213134
    },
    "test": {
      "gap_cls_solved_mean": 0.9151366538952747,
      "gap_cls_solved_std": 0.03111217474647004,
      "gap_cls_par2_mean": 0.9256148434155163,
      "gap_cls_par2_std": 0.01913471064845633
    }
  }
}