{
  "n_splits": 4,
  "n_instances": 2849,
  "model_type": "SVM",
  "folds_dir": "data/foiks26/perf_data/folds/UFLIA",
  "feature_csv_path": [
    "data/features/syntactic/catalog1/UFLIA.CSV",
    "data/features/native_desc/all_mpnet_base_v2/UFLIA.CSV"
  ],
  "svm_c": 1.0,
  "folds": [
    {
      "fold": 1,
      "train_size": 2136,
      "test_size": 713,
      "train_metrics": {
        "total_instances": 2136,
        "solved": 1217,
        "solve_rate": 56.97565543071161,
        "avg_par2": 1043.912091706238,
        "sbs_name": "cvc5",
        "sbs_solved": 1200,
        "sbs_solve_rate": 56.17977528089888,
        "sbs_avg_par2": 1061.6427956784,
        "vbs_solved": 1222,
        "vbs_solve_rate": 57.20973782771536,
        "vbs_avg_par2": 1037.5488694916705,
        "gap_cls_solved": 0.7727272727272727,
        "gap_cls_par2": 0.7358993231218484
      },
      "test_metrics": {
        "total_instances": 713,
        "solved": 431,
        "solve_rate": 60.44880785413744,
        "avg_par2": 966.5080054257996,
        "sbs_name": "cvc5",
        "sbs_solved": 428,
        "sbs_solve_rate": 60.02805049088359,
        "sbs_avg_par2": 975.2054137563464,
        "vbs_solved": 435,
        "vbs_solve_rate": 61.00981767180925,
        "vbs_avg_par2": 951.5058110996556,
        "gap_cls_solved": 0.42857142857142855,
        "gap_cls_par2": 0.3669854071621462
      }
    },
    {
      "fold": 2,
      "train_size": 2137,
      "test_size": 712,
      "train_metrics": {
        "total_instances": 2137,
        "solved": 1244,
        "solve_rate": 58.212447356106686,
        "avg_par2": 1015.4962095154609,
        "sbs_name": "cvc5",
        "sbs_solved": 1226,
        "sbs_solve_rate": 57.37014506317267,
        "sbs_avg_par2": 1034.0833343840254,
        "vbs_solved": 1248,
        "vbs_solve_rate": 58.39962564342537,
        "vbs_avg_par2": 1009.8063433592,
        "gap_cls_solved": 0.8181818181818182,
        "gap_cls_par2": 0.7656272084772571
      },
      "test_metrics": {
        "total_instances": 712,
        "solved": 401,
        "solve_rate": 56.32022471910112,
        "avg_par2": 1062.3580523455196,
        "sbs_name": "cvc5",
        "sbs_solved": 402,
        "sbs_solve_rate": 56.46067415730337,
        "sbs_avg_par2": 1057.8011039307241,
        "vbs_solved": 409,
        "vbs_solve_rate": 57.4438202247191,
        "vbs_avg_par2": 1034.6515067270402,
        "gap_cls_solved": -0.14285714285714285,
        "gap_cls_par2": -0.1968478490014621
      }
    },
    {
      "fold": 3,
      "train_size": 2137,
      "test_size": 712,
      "train_metrics": {
        "total_instances": 2137,
        "solved": 1244,
        "solve_rate": 58.212447356106686,
        "avg_par2": 1016.2306814593085,
        "sbs_name": "cvc5",
        "sbs_solved": 1232,
        "sbs_solve_rate": 57.650912494150674,
        "sbs_avg_par2": 1028.2897069411365,
        "vbs_solved": 1251,
        "vbs_solve_rate": 58.54000935891437,
        "vbs_avg_par2": 1007.9805170064315,
        "gap_cls_solved": 0.631578947368421,
        "gap_cls_par2": 0.593771859960852
      },
      "test_metrics": {
        "total_instances": 712,
        "solved": 399,
        "solve_rate": 56.03932584269663,
        "avg_par2": 1064.9413131829651,
        "sbs_name": "cvc5",
        "sbs_solved": 396,
        "sbs_solve_rate": 55.61797752808989,
        "sbs_avg_par2": 1075.190123376586,
        "vbs_solved": 406,
        "vbs_solve_rate": 57.02247191011236,
        "vbs_avg_par2": 1040.1315501482006,
        "gap_cls_solved": 0.3,
        "gap_cls_par2": 0.2923339214877918
      }
    },
    {
      "fold": 4,
      "train_size": 2137,
      "test_size": 712,
      "train_metrics": {
        "total_instances": 2137,
        "solved": 1242,
        "solve_rate": 58.11885821244736,
        "avg_par2": 1019.0527750318271,
        "sbs_name": "cvc5",
        "sbs_solved": 1226,
        "sbs_solve_rate": 57.37014506317267,
        "sbs_avg_par2": 1036.0370677824426,
        "vbs_solved": 1250,
        "vbs_solve_rate": 58.4932147870847,
        "vbs_avg_par2": 1008.736162755838,
        "gap_cls_solved": 0.6666666666666666,
        "gap_cls_par2": 0.6221146417697289
      },
      "test_metrics": {
        "total_instances": 712,
        "solved": 404,
        "solve_rate": 56.74157303370787,
        "avg_par2": 1048.2037278221117,
        "sbs_name": "cvc5",
        "sbs_solved": 402,
        "sbs_solve_rate": 56.46067415730337,
        "sbs_avg_par2": 1051.9371597278903,
        "vbs_solved": 407,
        "vbs_solve_rate": 57.16292134831461,
        "vbs_avg_par2": 1037.8635515997712,
        "gap_cls_solved": 0.4,
        "gap_cls_par2": 0.26527894423315773
      }
    }
  ],
  "aggregated": {
    "test_solve_rate_mean": 57.387482862410764,
    "test_solve_rate_std": 1.7850404411420624,
    "test_avg_par2_mean": 1035.502774694099,
    "test_avg_par2_std": 40.3405065747853,
    "test_sbs_solve_rate_mean": 57.14184408339506,
    "test_sbs_solve_rate_std": 1.701495051522997,
    "test_sbs_avg_par2_mean": 1040.0334501978866,
    "test_sbs_avg_par2_std": 38.39288279617805,
    "test_vbs_solve_rate_mean": 58.15975778873883,
    "test_vbs_solve_rate_std": 1.6524610427588533,
    "test_vbs_avg_par2_mean": 1016.038104893667,
    "test_vbs_avg_par2_std": 37.3085777612918,
    "test_gap_cls_solved_mean": 0.2464285714285714,
    "test_gap_cls_solved_std": 0.22976807294952614,
    "test_gap_cls_par2_mean": 0.18193760597040842,
    "test_gap_cls_par2_std": 0.22184129167457958,
    "train_solve_rate_mean": 57.87985208884308,
    "train_solve_rate_std": 0.5234345105428084,
    "train_avg_par2_mean": 1023.6729394282086,
    "train_avg_par2_std": 11.760264875041452,
    "train_sbs_solve_rate_mean": 57.14274447534872,
    "train_sbs_solve_rate_std": 0.5676632935723944,
    "train_sbs_avg_par2_mean": 1040.0132261965011,
    "train_sbs_avg_par2_std": 12.808714146476147,
    "train_vbs_solve_rate_mean": 58.160646904284945,
    "train_vbs_solve_rate_std": 0.5513293431144276,
    "train_vbs_avg_par2_mean": 1016.017973153285,
    "train_vbs_avg_par2_std": 12.447783997664292,
    "train_gap_cls_solved_mean": 0.7222886762360446,
    "train_gap_cls_solved_std": 0.07593024685198083,
    "train_gap_cls_par2_mean": 0.6793532583324216,
    "train_gap_cls_par2_std": 0.07287161122482448
  }
}