{
  "division": "QF_NRA",
  "n_seeds": 5,
  "seed_values": [
    0,
    10,
    20,
    30,
    40
  ],
  "model_type": "graph+lite_fallback",
  "splits_dir": "/home/john-lu/Desktop/smt-select/data/cp26/performance_splits/smtcomp24/QF_NRA",
  "benchmark_root": "/home/john-lu/Desktop/smt_data/smtlib25/non-incremental",
  "seeds": [
    {
      "seed": 0,
      "train_size": 2328,
      "test_size": 776,
      "train_metrics": {
        "total_count": 2328,
        "solved": 2173,
        "avg_par2": 175.75887642690333,
        "sbs_solved": 2123,
        "sbs_avg_par2": 228.44645983119491,
        "vbs_solved": 2200,
        "vbs_avg_par2": 141.66833103795628,
        "gap_cls_solved": 0.6493506493506493,
        "gap_cls_par2": 0.6071527945690939
      },
      "test_metrics": {
        "total_count": 776,
        "solved": 718,
        "avg_par2": 197.14715812547627,
        "sbs_solved": 690,
        "sbs_avg_par2": 282.29691496267446,
        "vbs_solved": 733,
        "vbs_avg_par2": 146.11193702943822,
        "gap_cls_solved": 0.6511627906976745,
        "gap_cls_par2": 0.6252507297753669
      }
    },
    {
      "seed": 10,
      "train_size": 2328,
      "test_size": 776,
      "train_metrics": {
        "total_count": 2328,
        "solved": 2164,
        "avg_par2": 183.56250228455363,
        "sbs_solved": 2105,
        "sbs_avg_par2": 246.44067750611893,
        "vbs_solved": 2196,
        "vbs_avg_par2": 147.03318296207544,
        "gap_cls_solved": 0.6483516483516484,
        "gap_cls_par2": 0.632529524156818
      },
      "test_metrics": {
        "total_count": 776,
        "solved": 728,
        "avg_par2": 166.37569420094795,
        "sbs_solved": 708,
        "sbs_avg_par2": 228.3142619379025,
        "vbs_solved": 737,
        "vbs_avg_par2": 130.01738125708076,
        "gap_cls_solved": 0.6896551724137931,
        "gap_cls_par2": 0.6301173273043557
      }
    },
    {
      "seed": 20,
      "train_size": 2328,
      "test_size": 776,
      "train_metrics": {
        "total_count": 2328,
        "solved": 2157,
        "avg_par2": 193.2356113760732,
        "sbs_solved": 2107,
        "sbs_avg_par2": 244.52493277170873,
        "vbs_solved": 2195,
        "vbs_avg_par2": 147.71797247858814,
        "gap_cls_solved": 0.5681818181818182,
        "gap_cls_par2": 0.5298102661248452
      },
      "test_metrics": {
        "total_count": 776,
        "solved": 720,
        "avg_par2": 193.7011345628018,
        "sbs_solved": 706,
        "sbs_avg_par2": 234.06149614113298,
        "vbs_solved": 738,
        "vbs_avg_par2": 127.96301270754263,
        "gap_cls_solved": 0.4375,
        "gap_cls_par2": 0.3804046982782155
      }
    },
    {
      "seed": 30,
      "train_size": 2328,
      "test_size": 776,
      "train_metrics": {
        "total_count": 2328,
        "solved": 2161,
        "avg_par2": 189.38651966320845,
        "sbs_solved": 2101,
        "sbs_avg_par2": 250.74497346834673,
        "vbs_solved": 2189,
        "vbs_avg_par2": 153.12528382377576,
        "gap_cls_solved": 0.6818181818181818,
        "gap_cls_par2": 0.6285458807392416
      },
      "test_metrics": {
        "total_count": 776,
        "solved": 726,
        "avg_par2": 169.4902133165822,
        "sbs_solved": 712,
        "sbs_avg_par2": 215.4013740512191,
        "vbs_solved": 744,
        "vbs_avg_par2": 111.7410786719798,
        "gap_cls_solved": 0.4375,
        "gap_cls_par2": 0.44290015349340606
      }
    },
    {
      "seed": 40,
      "train_size": 2328,
      "test_size": 776,
      "train_metrics": {
        "total_count": 2328,
        "solved": 2184,
        "avg_par2": 166.1923123709186,
        "sbs_solved": 2113,
        "sbs_avg_par2": 238.19431467228736,
        "vbs_solved": 2206,
        "vbs_avg_par2": 136.00099773590352,
        "gap_cls_solved": 0.7634408602150538,
        "gap_cls_par2": 0.7045666434938266
      },
      "test_metrics": {
        "total_count": 776,
        "solved": 713,
        "avg_par2": 212.43064972410417,
        "sbs_solved": 700,
        "sbs_avg_par2": 253.05335043939718,
        "vbs_solved": 727,
        "vbs_avg_par2": 163.1139369355965,
        "gap_cls_solved": 0.48148148148148145,
        "gap_cls_par2": 0.4516673962253086
      }
    }
  ],
  "aggregated": {
    "train": {
      "gap_cls_solved_mean": 0.6622286315834703,
      "gap_cls_solved_std": 0.06297758633669678,
      "gap_cls_par2_mean": 0.620521021816765,
      "gap_cls_par2_std": 0.05599896375863578
    },
    "test": {
      "gap_cls_solved_mean": 0.5394598889185898,
      "gap_cls_solved_std": 0.10880192560391386,
      "gap_cls_par2_mean": 0.5060680610153305,
      "gap_cls_par2_std": 0.10230701501295451
    }
  }
}