{
  "division": "BV",
  "n_seeds": 5,
  "seed_values": [
    0,
    10,
    20,
    30,
    40
  ],
  "model_type": "SVM",
  "splits_dir": "/home/john-lu/Desktop/smt-select/data/cp26/performance_splits/smtcomp24/BV",
  "feature_csv_path": "/home/john-lu/Desktop/smt-select/data/features/desc/Qwen3-Embedding-0.6B/BV/features.csv",
  "seeds": [
    {
      "seed": 0,
      "train_size": 780,
      "test_size": 260,
      "train_metrics": {
        "total_count": 780,
        "solved": 731,
        "avg_par2": 168.92862563494188,
        "sbs_solved": 717,
        "sbs_avg_par2": 228.02426085833085,
        "vbs_solved": 756,
        "vbs_avg_par2": 84.73612726397263,
        "gap_cls_solved": 0.358974358974359,
        "gap_cls_par2": 0.4124251865174394
      },
      "test_metrics": {
        "total_count": 260,
        "solved": 237,
        "avg_par2": 224.60295163924326,
        "sbs_solved": 235,
        "sbs_avg_par2": 259.9218850382541,
        "vbs_solved": 246,
        "vbs_avg_par2": 137.09389392141648,
        "gap_cls_solved": 0.18181818181818182,
        "gap_cls_par2": 0.2875479202897199
      }
    },
    {
      "seed": 10,
      "train_size": 780,
      "test_size": 260,
      "train_metrics": {
        "total_count": 780,
        "solved": 727,
        "avg_par2": 184.65177449103044,
        "sbs_solved": 712,
        "sbs_avg_par2": 240.39324967535512,
        "vbs_solved": 752,
        "vbs_avg_par2": 97.6815779535473,
        "gap_cls_solved": 0.375,
        "gap_cls_par2": 0.3905880613113637
      },
      "test_metrics": {
        "total_count": 260,
        "solved": 242,
        "avg_par2": 175.68820836075392,
        "sbs_solved": 240,
        "sbs_avg_par2": 222.8149185871813,
        "vbs_solved": 250,
        "vbs_avg_par2": 98.25754185269247,
        "gap_cls_solved": 0.2,
        "gap_cls_par2": 0.3783534260430391
      }
    },
    {
      "seed": 20,
      "train_size": 780,
      "test_size": 260,
      "train_metrics": {
        "total_count": 780,
        "solved": 731,
        "avg_par2": 164.29738924011815,
        "sbs_solved": 720,
        "sbs_avg_par2": 215.95072717511107,
        "vbs_solved": 752,
        "vbs_avg_par2": 94.11469797483579,
        "gap_cls_solved": 0.34375,
        "gap_cls_par2": 0.42395782490649503
      },
      "test_metrics": {
        "total_count": 260,
        "solved": 237,
        "avg_par2": 233.72802767434985,
        "sbs_solved": 232,
        "sbs_avg_par2": 296.1424860879134,
        "vbs_solved": 250,
        "vbs_avg_par2": 108.95818178882698,
        "gap_cls_solved": 0.2777777777777778,
        "gap_cls_par2": 0.3334385254536974
      }
    },
    {
      "seed": 30,
      "train_size": 780,
      "test_size": 260,
      "train_metrics": {
        "total_count": 780,
        "solved": 731,
        "avg_par2": 170.50982716267217,
        "sbs_solved": 713,
        "sbs_avg_par2": 238.5362482514528,
        "vbs_solved": 751,
        "vbs_avg_par2": 99.42559507891613,
        "gap_cls_solved": 0.47368421052631576,
        "gap_cls_par2": 0.48900942909389244
      },
      "test_metrics": {
        "total_count": 260,
        "solved": 241,
        "avg_par2": 190.5446737798544,
        "sbs_solved": 239,
        "sbs_avg_par2": 228.38592285888825,
        "vbs_solved": 251,
        "vbs_avg_par2": 93.02549047658596,
        "gap_cls_solved": 0.16666666666666666,
        "gap_cls_par2": 0.27955916225324795
      }
    },
    {
      "seed": 40,
      "train_size": 780,
      "test_size": 260,
      "train_metrics": {
        "total_count": 780,
        "solved": 726,
        "avg_par2": 183.5305256087993,
        "sbs_solved": 715,
        "sbs_avg_par2": 234.67214455008238,
        "vbs_solved": 748,
        "vbs_avg_par2": 108.70766903136779,
        "gap_cls_solved": 0.3333333333333333,
        "gap_cls_par2": 0.406000332480128
      },
      "test_metrics": {
        "total_count": 260,
        "solved": 245,
        "avg_par2": 160.70413903250494,
        "sbs_solved": 237,
        "sbs_avg_par2": 239.97823396299947,
        "vbs_solved": 254,
        "vbs_avg_par2": 65.17926861923098,
        "gap_cls_solved": 0.47058823529411764,
        "gap_cls_par2": 0.4535158132920872
      }
    }
  ],
  "aggregated": {
    "train": {
      "gap_cls_solved_mean": 0.3769483805668016,
      "gap_cls_solved_std": 0.050376755065070604,
      "gap_cls_par2_mean": 0.42439616686186366,
      "gap_cls_par2_std": 0.0340580824294479
    },
    "test": {
      "gap_cls_solved_mean": 0.25937017231134873,
      "gap_cls_solved_std": 0.11232540106115423,
      "gap_cls_par2_mean": 0.3464829694663583,
      "gap_cls_par2_std": 0.06417795442794785
    }
  }
}