{
  "division": "QF_BV",
  "n_seeds": 5,
  "seed_values": [
    0,
    10,
    20,
    30,
    40
  ],
  "model_type": "SVM",
  "splits_dir": "/home/john-lu/Desktop/smt-select/data/cp26/performance_splits/smtcomp24/QF_BV",
  "feature_csv_path": [
    "data/features/smtlib_desc/gemma300/QF_BV.csv"
  ],
  "seeds": [
    {
      "seed": 0,
      "train_size": 8027,
      "test_size": 2676,
      "train_metrics": {
        "solved": 7910,
        "avg_par2": 47.12494474617679,
        "sbs_name": "Bitwuzla",
        "sbs_solved": 7864,
        "sbs_avg_par2": 61.77599266787249,
        "vbs_solved": 7918,
        "vbs_avg_par2": 41.85153200714887,
        "gap_cls_solved": 0.8518518518518519,
        "gap_cls_par2": 0.7353297121149578
      },
      "test_metrics": {
        "solved": 2635,
        "avg_par2": 48.63918257714047,
        "sbs_name": "Bitwuzla",
        "sbs_solved": 2625,
        "sbs_avg_par2": 58.10378827141716,
        "vbs_solved": 2642,
        "vbs_avg_par2": 40.25809746050704,
        "gap_cls_solved": 0.5882352941176471,
        "gap_cls_par2": 0.5303580452313127
      }
    },
    {
      "seed": 10,
      "train_size": 8027,
      "test_size": 2676,
      "train_metrics": {
        "solved": 7905,
        "avg_par2": 48.743667301959185,
        "sbs_name": "Bitwuzla",
        "sbs_solved": 7865,
        "sbs_avg_par2": 61.78417641632123,
        "vbs_solved": 7914,
        "vbs_avg_par2": 43.20045916735318,
        "gap_cls_solved": 0.8163265306122449,
        "gap_cls_par2": 0.701716935296472
      },
      "test_metrics": {
        "solved": 2640,
        "avg_par2": 43.556894698768794,
        "sbs_name": "STP",
        "sbs_solved": 2627,
        "sbs_avg_par2": 57.66332678096884,
        "vbs_solved": 2646,
        "vbs_avg_par2": 36.211820063287306,
        "gap_cls_solved": 0.6842105263157895,
        "gap_cls_par2": 0.6575963296122567
      }
    },
    {
      "seed": 20,
      "train_size": 8027,
      "test_size": 2676,
      "train_metrics": {
        "solved": 7914,
        "avg_par2": 45.82492841751829,
        "sbs_name": "Bitwuzla",
        "sbs_solved": 7865,
        "sbs_avg_par2": 60.975859810918074,
        "vbs_solved": 7921,
        "vbs_avg_par2": 40.68144053542927,
        "gap_cls_solved": 0.875,
        "gap_cls_par2": 0.7465565379197019
      },
      "test_metrics": {
        "solved": 2632,
        "avg_par2": 51.885691342796335,
        "sbs_name": "Bitwuzla",
        "sbs_solved": 2624,
        "sbs_avg_par2": 60.50388783897062,
        "vbs_solved": 2639,
        "vbs_avg_par2": 43.76793462175265,
        "gap_cls_solved": 0.5333333333333333,
        "gap_cls_par2": 0.5149510388991692
      }
    },
    {
      "seed": 30,
      "train_size": 8027,
      "test_size": 2676,
      "train_metrics": {
        "solved": 7917,
        "avg_par2": 45.01126445360861,
        "sbs_name": "Bitwuzla",
        "sbs_solved": 7870,
        "sbs_avg_par2": 59.73287903806865,
        "vbs_solved": 7928,
        "vbs_avg_par2": 38.991442906889496,
        "gap_cls_solved": 0.8103448275862069,
        "gap_cls_par2": 0.709768334813136
      },
      "test_metrics": {
        "solved": 2626,
        "avg_par2": 56.79843166067894,
        "sbs_name": "Bitwuzla",
        "sbs_solved": 2619,
        "sbs_avg_par2": 64.2323656654513,
        "vbs_solved": 2632,
        "vbs_avg_par2": 48.837295968646785,
        "gap_cls_solved": 0.5384615384615384,
        "gap_cls_par2": 0.48287758036687445
      }
    },
    {
      "seed": 40,
      "train_size": 8027,
      "test_size": 2676,
      "train_metrics": {
        "solved": 7915,
        "avg_par2": 45.036839499284824,
        "sbs_name": "Bitwuzla",
        "sbs_solved": 7868,
        "sbs_avg_par2": 59.7629644565803,
        "vbs_solved": 7924,
        "vbs_avg_par2": 40.0005839586007,
        "gap_cls_solved": 0.8392857142857143,
        "gap_cls_par2": 0.7451594689617982
      },
      "test_metrics": {
        "solved": 2629,
        "avg_par2": 54.95874139870345,
        "sbs_name": "Bitwuzla",
        "sbs_solved": 2621,
        "sbs_avg_par2": 64.14212065259892,
        "vbs_solved": 2636,
        "vbs_avg_par2": 45.810249921529525,
        "gap_cls_solved": 0.5333333333333333,
        "gap_cls_par2": 0.500951560733581
      }
    }
  ],
  "aggregated": {
    "train": {
      "gap_cls_solved_mean": 0.8385617848672036,
      "gap_cls_solved_std": 0.023645281500982936,
      "gap_cls_par2_mean": 0.7277061978212132,
      "gap_cls_par2_std": 0.018521763746462465
    },
    "test": {
      "gap_cls_solved_mean": 0.5755148051123282,
      "gap_cls_solved_std": 0.05815164372716189,
      "gap_cls_par2_mean": 0.5373469109686388,
      "gap_cls_par2_std": 0.06213191049551159
    }
  }
}