{
  "n_splits": 4,
  "n_instances": 3103,
  "model_type": "SVM",
  "folds_dir": "data/foiks26/perf_data/folds/QF_NRA",
  "feature_csv_path": [
    "data/features/syntactic/catalog1/QF_NRA.CSV",
    "data/features/native_desc/all_mpnet_base_v2/QF_NRA.CSV"
  ],
  "svm_c": 1.0,
  "folds": [
    {
      "fold": 1,
      "train_size": 2327,
      "test_size": 776,
      "train_metrics": {
        "total_instances": 2327,
        "solved": 2174,
        "solve_rate": 93.4250107434465,
        "avg_par2": 175.61050966719793,
        "sbs_name": "Z3alpha",
        "sbs_solved": 2111,
        "sbs_solve_rate": 90.71766222604212,
        "sbs_avg_par2": 238.74181924536455,
        "vbs_solved": 2193,
        "vbs_solve_rate": 94.24151267726687,
        "vbs_avg_par2": 148.73299276760588,
        "gap_cls_solved": 0.7682926829268293,
        "gap_cls_par2": 0.7013902085898928
      },
      "test_metrics": {
        "total_instances": 776,
        "solved": 725,
        "solve_rate": 93.4278350515464,
        "avg_par2": 176.4650094432415,
        "sbs_name": "Z3alpha",
        "sbs_solved": 701,
        "sbs_solve_rate": 90.33505154639175,
        "sbs_avg_par2": 251.71811974002813,
        "vbs_solved": 739,
        "vbs_solve_rate": 95.23195876288659,
        "vbs_avg_par2": 125.10934056010363,
        "gap_cls_solved": 0.631578947368421,
        "gap_cls_par2": 0.5943751356281856
      }
    },
    {
      "fold": 2,
      "train_size": 2327,
      "test_size": 776,
      "train_metrics": {
        "total_instances": 2327,
        "solved": 2178,
        "solve_rate": 93.59690588740868,
        "avg_par2": 171.4616541269162,
        "sbs_name": "Z3alpha",
        "sbs_solved": 2098,
        "sbs_solve_rate": 90.15900300816502,
        "sbs_avg_par2": 252.5320478174938,
        "vbs_solved": 2194,
        "vbs_solve_rate": 94.28448646325741,
        "vbs_avg_par2": 147.9983619135928,
        "gap_cls_solved": 0.8333333333333334,
        "gap_cls_par2": 0.7755432422530909
      },
      "test_metrics": {
        "total_instances": 776,
        "solved": 721,
        "solve_rate": 92.91237113402062,
        "avg_par2": 186.74909349410257,
        "sbs_name": "Z3alpha",
        "sbs_solved": 714,
        "sbs_solve_rate": 92.0103092783505,
        "sbs_avg_par2": 210.36520493674882,
        "vbs_solved": 738,
        "vbs_solve_rate": 95.10309278350515,
        "vbs_avg_par2": 127.31228643289803,
        "gap_cls_solved": 0.2916666666666667,
        "gap_cls_par2": 0.2843501693628176
      }
    },
    {
      "fold": 3,
      "train_size": 2327,
      "test_size": 776,
      "train_metrics": {
        "total_instances": 2327,
        "solved": 2194,
        "solve_rate": 94.28448646325741,
        "avg_par2": 156.3523906725045,
        "sbs_name": "Z3alpha",
        "sbs_solved": 2111,
        "sbs_solve_rate": 90.71766222604212,
        "sbs_avg_par2": 240.32897614862324,
        "vbs_solved": 2210,
        "vbs_solve_rate": 94.97206703910615,
        "vbs_avg_par2": 131.53637690692668,
        "gap_cls_solved": 0.8383838383838383,
        "gap_cls_par2": 0.7718961221760507
      },
      "test_metrics": {
        "total_instances": 776,
        "solved": 711,
        "solve_rate": 91.62371134020619,
        "avg_par2": 217.70787219351269,
        "sbs_name": "Z3alpha",
        "sbs_solved": 701,
        "sbs_solve_rate": 90.33505154639175,
        "sbs_avg_par2": 246.9586943355398,
        "vbs_solved": 722,
        "vbs_solve_rate": 93.04123711340206,
        "vbs_avg_par2": 176.6770275546919,
        "gap_cls_solved": 0.47619047619047616,
        "gap_cls_par2": 0.41619420087512937
      }
    },
    {
      "fold": 4,
      "train_size": 2328,
      "test_size": 775,
      "train_metrics": {
        "total_instances": 2328,
        "solved": 2183,
        "solve_rate": 93.77147766323024,
        "avg_par2": 167.90864094171755,
        "sbs_name": "Z3alpha",
        "sbs_solved": 2116,
        "sbs_solve_rate": 90.893470790378,
        "sbs_avg_par2": 236.34733967077224,
        "vbs_solved": 2199,
        "vbs_solve_rate": 94.45876288659794,
        "vbs_avg_par2": 143.03288484923118,
        "gap_cls_solved": 0.8072289156626506,
        "gap_cls_par2": 0.7334201208155807
      },
      "test_metrics": {
        "total_instances": 775,
        "solved": 720,
        "solve_rate": 92.90322580645162,
        "avg_par2": 186.90437535041062,
        "sbs_name": "cvc5",
        "sbs_solved": 707,
        "sbs_solve_rate": 91.2258064516129,
        "sbs_avg_par2": 246.73795833696784,
        "vbs_solved": 733,
        "vbs_solve_rate": 94.58064516129032,
        "vbs_avg_par2": 142.20124711722463,
        "gap_cls_solved": 0.5,
        "gap_cls_par2": 0.5723690968312845
      }
    }
  ],
  "aggregated": {
    "test_solve_rate_mean": 92.7167858330562,
    "test_solve_rate_std": 0.665848389588024,
    "test_avg_par2_mean": 191.95658762031684,
    "test_avg_par2_std": 15.457688180003649,
    "test_sbs_solve_rate_mean": 90.97655470568674,
    "test_sbs_solve_rate_std": 0.6988969087285654,
    "test_sbs_avg_par2_mean": 238.94499433732116,
    "test_sbs_avg_par2_std": 16.620068970190705,
    "test_vbs_solve_rate_mean": 94.48923345527103,
    "test_vbs_solve_rate_std": 0.8708492497981416,
    "test_vbs_avg_par2_mean": 142.82497541622956,
    "test_vbs_avg_par2_std": 20.62060685834265,
    "test_gap_cls_solved_mean": 0.474859022556391,
    "test_gap_cls_solved_std": 0.12119655069876734,
    "test_gap_cls_par2_mean": 0.46682215067435423,
    "test_gap_cls_par2_std": 0.1257667832520941,
    "train_solve_rate_mean": 93.7694701893357,
    "train_solve_rate_std": 0.32158845615067067,
    "train_avg_par2_mean": 167.83329885208403,
    "train_avg_par2_std": 7.167058307310146,
    "train_sbs_solve_rate_mean": 90.62194956265681,
    "train_sbs_solve_rate_std": 0.2767512950663775,
    "train_sbs_avg_par2_mean": 241.98754572056347,
    "train_sbs_avg_par2_std": 6.25068080558116,
    "train_vbs_solve_rate_mean": 94.48920726655709,
    "train_vbs_solve_rate_std": 0.2904064552848928,
    "train_vbs_avg_par2_mean": 142.82515410933914,
    "train_vbs_avg_par2_std": 6.876486737137382,
    "train_gap_cls_solved_mean": 0.8118096925766629,
    "train_gap_cls_solved_std": 0.027767633959354936,
    "train_gap_cls_par2_mean": 0.7455624234586539,
    "train_gap_cls_par2_std": 0.03037652573785998
  }
}