{
  "division": "QF_IDL",
  "n_seeds": 5,
  "seed_values": [
    0,
    10,
    20,
    30,
    40
  ],
  "model_type": "machsmt_pwc",
  "splits_dir": "/lustre06/project/6001884/jchen688/SMT_AS_LM/data/cp26/performance_splits/smtcomp24/QF_IDL",
  "benchmark_root": "/lustre07/scratch/jchen688/smtlib24/non-incremental",
  "seeds": [
    {
      "seed": 0,
      "train_size": 906,
      "test_size": 302,
      "train_metrics": {
        "total_count": 906,
        "solved": 788,
        "avg_par2": 360.7125073176514,
        "sbs_solved": 779,
        "sbs_avg_par2": 385.52494302540697,
        "vbs_solved": 825,
        "vbs_avg_par2": 258.1692248171204,
        "gap_cls_solved": 0.1956521739130435,
        "gap_cls_par2": 0.19482781030040255
      },
      "test_metrics": {
        "total_count": 302,
        "solved": 261,
        "avg_par2": 363.3685355458711,
        "sbs_solved": 268,
        "sbs_avg_par2": 307.6482111294636,
        "vbs_solved": 276,
        "vbs_avg_par2": 237.45217402473602,
        "gap_cls_solved": -0.875,
        "gap_cls_par2": -0.7937816252116434
      },
      "train_eval_stats": {
        "total": 906,
        "file_not_found": 0,
        "feature_timeout": 0,
        "parse_fail": 0
      },
      "test_eval_stats": {
        "total": 302,
        "file_not_found": 0,
        "feature_timeout": 0,
        "parse_fail": 0
      },
      "train_stats": {
        "parsing_time": 4216.598373174667,
        "training_time": 1.8980324268341064,
        "total_benchmarks": 906,
        "loaded_benchmarks": 906,
        "skipped_benchmarks": 0,
        "feature_timeout_count": 0
      }
    },
    {
      "seed": 10,
      "train_size": 906,
      "test_size": 302,
      "train_metrics": {
        "total_count": 906,
        "solved": 797,
        "avg_par2": 325.85181255506626,
        "sbs_solved": 796,
        "sbs_avg_par2": 339.86632585396427,
        "vbs_solved": 829,
        "vbs_avg_par2": 242.3492108083691,
        "gap_cls_solved": 0.030303030303030304,
        "gap_cls_par2": 0.14371337064622322
      },
      "test_metrics": {
        "total_count": 302,
        "solved": 259,
        "avg_par2": 393.1257676919567,
        "sbs_solved": 251,
        "sbs_avg_par2": 444.624062643791,
        "vbs_solved": 272,
        "vbs_avg_par2": 284.9122160509899,
        "gap_cls_solved": 0.38095238095238093,
        "gap_cls_par2": 0.3224450537043352
      },
      "train_eval_stats": {
        "total": 906,
        "file_not_found": 0,
        "feature_timeout": 0,
        "parse_fail": 0
      },
      "test_eval_stats": {
        "total": 302,
        "file_not_found": 0,
        "feature_timeout": 0,
        "parse_fail": 0
      },
      "train_stats": {
        "parsing_time": 8753.909832000732,
        "training_time": 2.542652130126953,
        "total_benchmarks": 906,
        "loaded_benchmarks": 906,
        "skipped_benchmarks": 0,
        "feature_timeout_count": 0
      }
    },
    {
      "seed": 20,
      "train_size": 906,
      "test_size": 302,
      "train_metrics": {
        "total_count": 906,
        "solved": 784,
        "avg_par2": 360.62680181168355,
        "sbs_solved": 787,
        "sbs_avg_par2": 363.5625769770234,
        "vbs_solved": 826,
        "vbs_avg_par2": 254.78138303258652,
        "gap_cls_solved": -0.07692307692307693,
        "gap_cls_par2": 0.026987892473761536
      },
      "test_metrics": {
        "total_count": 302,
        "solved": 258,
        "avg_par2": 382.8080675342377,
        "sbs_solved": 260,
        "sbs_avg_par2": 373.5353092746125,
        "vbs_solved": 275,
        "vbs_avg_par2": 247.61569937833735,
        "gap_cls_solved": -0.13333333333333333,
        "gap_cls_par2": -0.0736403032638328
      },
      "train_eval_stats": {
        "total": 906,
        "file_not_found": 0,
        "feature_timeout": 0,
        "parse_fail": 0
      },
      "test_eval_stats": {
        "total": 302,
        "file_not_found": 0,
        "feature_timeout": 0,
        "parse_fail": 0
      },
      "train_stats": {
        "parsing_time": 449.97782945632935,
        "training_time": 1.8582324981689453,
        "total_benchmarks": 906,
        "loaded_benchmarks": 906,
        "skipped_benchmarks": 0,
        "feature_timeout_count": 0
      }
    },
    {
      "seed": 30,
      "train_size": 906,
      "test_size": 302,
      "train_metrics": {
        "total_count": 906,
        "solved": 795,
        "avg_par2": 332.21114854146714,
        "sbs_solved": 788,
        "sbs_avg_par2": 360.68100260189004,
        "vbs_solved": 828,
        "vbs_avg_par2": 248.38410483384914,
        "gap_cls_solved": 0.175,
        "gap_cls_par2": 0.25352306810139924
      },
      "test_metrics": {
        "total_count": 302,
        "solved": 255,
        "avg_par2": 405.69166149392447,
        "sbs_solved": 259,
        "sbs_avg_par2": 382.18003240001286,
        "vbs_solved": 273,
        "vbs_avg_par2": 266.80753397454953,
        "gap_cls_solved": -0.2857142857142857,
        "gap_cls_par2": -0.203788852757673
      },
      "train_eval_stats": {
        "total": 906,
        "file_not_found": 0,
        "feature_timeout": 0,
        "parse_fail": 0
      },
      "test_eval_stats": {
        "total": 302,
        "file_not_found": 0,
        "feature_timeout": 0,
        "parse_fail": 0
      },
      "train_stats": {
        "parsing_time": 427.45234084129333,
        "training_time": 1.9037623405456543,
        "total_benchmarks": 906,
        "loaded_benchmarks": 906,
        "skipped_benchmarks": 0,
        "feature_timeout_count": 0
      }
    },
    {
      "seed": 40,
      "train_size": 906,
      "test_size": 302,
      "train_metrics": {
        "total_count": 906,
        "solved": 803,
        "avg_par2": 310.68021561432494,
        "sbs_solved": 792,
        "sbs_avg_par2": 346.28767604735964,
        "vbs_solved": 831,
        "vbs_avg_par2": 240.8473476078083,
        "gap_cls_solved": 0.28205128205128205,
        "gap_cls_par2": 0.33770248025591426
      },
      "test_metrics": {
        "total_count": 302,
        "solved": 259,
        "avg_par2": 380.13100973265045,
        "sbs_solved": 255,
        "sbs_avg_par2": 425.36001206360356,
        "vbs_solved": 270,
        "vbs_avg_par2": 289.417805652672,
        "gap_cls_solved": 0.26666666666666666,
        "gap_cls_par2": 0.3327075786473044
      },
      "train_eval_stats": {
        "total": 906,
        "file_not_found": 0,
        "feature_timeout": 0,
        "parse_fail": 0
      },
      "test_eval_stats": {
        "total": 302,
        "file_not_found": 0,
        "feature_timeout": 0,
        "parse_fail": 0
      },
      "train_stats": {
        "parsing_time": 404.4625337123871,
        "training_time": 1.9715709686279297,
        "total_benchmarks": 906,
        "loaded_benchmarks": 906,
        "skipped_benchmarks": 0,
        "feature_timeout_count": 0
      }
    }
  ],
  "aggregated": {
    "train": {
      "gap_cls_solved_mean": 0.12121668186885577,
      "gap_cls_solved_std": 0.1279263166483384,
      "gap_cls_par2_mean": 0.19135092435554016,
      "gap_cls_par2_std": 0.10448041431873085
    },
    "test": {
      "gap_cls_solved_mean": -0.12928571428571428,
      "gap_cls_solved_std": 0.4466983946493573,
      "gap_cls_par2_mean": -0.08321162977630192,
      "gap_cls_par2_std": 0.41402568234212667
    }
  }
}