{
  "n_splits": 4,
  "n_instances": 1040,
  "model_type": "SVM",
  "folds_dir": "data/foiks26/perf_data/folds/BV",
  "feature_csv_path": "data/features/native_desc/all_mpnet_base_v2/BV.CSV",
  "svm_c": 1.0,
  "folds": [
    {
      "fold": 1,
      "train_size": 780,
      "test_size": 260,
      "train_metrics": {
        "total_instances": 780,
        "solved": 717,
        "solve_rate": 91.92307692307692,
        "avg_par2": 204.72387311526288,
        "sbs_name": "cvc5",
        "sbs_solved": 706,
        "sbs_solve_rate": 90.51282051282051,
        "sbs_avg_par2": 258.23216388321015,
        "vbs_solved": 746,
        "vbs_solve_rate": 95.64102564102565,
        "vbs_avg_par2": 115.15197183616573,
        "gap_cls_solved": 0.275,
        "gap_cls_par2": 0.3739741329837877
      },
      "test_metrics": {
        "total_instances": 260,
        "solved": 249,
        "solve_rate": 95.76923076923077,
        "avg_par2": 123.14981253349241,
        "sbs_name": "cvc5",
        "sbs_solved": 246,
        "sbs_solve_rate": 94.61538461538461,
        "sbs_avg_par2": 169.29817596361613,
        "vbs_solved": 256,
        "vbs_solve_rate": 98.46153846153847,
        "vbs_avg_par2": 45.846360204837175,
        "gap_cls_solved": 0.3,
        "gap_cls_par2": 0.37381680574302933
      }
    },
    {
      "fold": 2,
      "train_size": 780,
      "test_size": 260,
      "train_metrics": {
        "total_instances": 780,
        "solved": 725,
        "solve_rate": 92.94871794871796,
        "avg_par2": 183.2421935869327,
        "sbs_name": "cvc5",
        "sbs_solved": 713,
        "sbs_solve_rate": 91.41025641025641,
        "sbs_avg_par2": 237.58930813360405,
        "vbs_solved": 753,
        "vbs_solve_rate": 96.53846153846153,
        "vbs_avg_par2": 94.56748526587826,
        "gap_cls_solved": 0.3,
        "gap_cls_par2": 0.37999176249441635
      },
      "test_metrics": {
        "total_instances": 260,
        "solved": 245,
        "solve_rate": 94.23076923076923,
        "avg_par2": 166.9141128291573,
        "sbs_name": "cvc5",
        "sbs_solved": 239,
        "sbs_solve_rate": 91.92307692307692,
        "sbs_avg_par2": 231.22674321243449,
        "vbs_solved": 249,
        "vbs_solve_rate": 95.76923076923077,
        "vbs_avg_par2": 107.5998199156996,
        "gap_cls_solved": 0.6,
        "gap_cls_par2": 0.5202154083290671
      }
    },
    {
      "fold": 3,
      "train_size": 780,
      "test_size": 260,
      "train_metrics": {
        "total_instances": 780,
        "solved": 731,
        "solve_rate": 93.71794871794872,
        "avg_par2": 171.3526180077401,
        "sbs_name": "cvc5",
        "sbs_solved": 715,
        "sbs_solve_rate": 91.66666666666666,
        "sbs_avg_par2": 235.95958399629185,
        "vbs_solved": 753,
        "vbs_solve_rate": 96.53846153846153,
        "vbs_avg_par2": 93.62403565910198,
        "gap_cls_solved": 0.42105263157894735,
        "gap_cls_par2": 0.45390604626399605
      },
      "test_metrics": {
        "total_instances": 260,
        "solved": 238,
        "solve_rate": 91.53846153846153,
        "avg_par2": 208.0992110654067,
        "sbs_name": "cvc5",
        "sbs_solved": 237,
        "sbs_solve_rate": 91.15384615384615,
        "sbs_avg_par2": 236.1159156243711,
        "vbs_solved": 249,
        "vbs_solve_rate": 95.76923076923077,
        "vbs_avg_par2": 110.43016873602845,
        "gap_cls_solved": 0.08333333333333333,
        "gap_cls_par2": 0.22291075362629637
      }
    },
    {
      "fold": 4,
      "train_size": 780,
      "test_size": 260,
      "train_metrics": {
        "total_instances": 780,
        "solved": 737,
        "solve_rate": 94.48717948717949,
        "avg_par2": 148.78530534584618,
        "sbs_name": "cvc5",
        "sbs_solved": 722,
        "sbs_solve_rate": 92.56410256410257,
        "sbs_avg_par2": 212.21361160014058,
        "vbs_solved": 754,
        "vbs_solve_rate": 96.66666666666667,
        "vbs_avg_par2": 87.9587829521884,
        "gap_cls_solved": 0.46875,
        "gap_cls_par2": 0.5104695483022562
      },
      "test_metrics": {
        "total_instances": 260,
        "solved": 231,
        "solve_rate": 88.84615384615384,
        "avg_par2": 284.9630216345845,
        "sbs_name": "cvc5",
        "sbs_solved": 230,
        "sbs_solve_rate": 88.46153846153845,
        "sbs_avg_par2": 307.3538328128249,
        "vbs_solved": 248,
        "vbs_solve_rate": 95.38461538461539,
        "vbs_avg_par2": 127.42592685676914,
        "gap_cls_solved": 0.05555555555555555,
        "gap_cls_par2": 0.12444323774717296
      }
    }
  ],
  "aggregated": {
    "test_solve_rate_mean": 92.59615384615384,
    "test_solve_rate_std": 2.6420445507757893,
    "test_avg_par2_mean": 195.78153951566023,
    "test_avg_par2_std": 59.610732828174974,
    "test_sbs_solve_rate_mean": 91.53846153846153,
    "test_sbs_solve_rate_std": 2.1926450482675754,
    "test_sbs_avg_par2_mean": 235.9986669033117,
    "test_sbs_avg_par2_std": 48.89606373867101,
    "test_vbs_solve_rate_mean": 96.34615384615384,
    "test_vbs_solve_rate_std": 1.2313700456601642,
    "test_vbs_avg_par2_mean": 97.8255689283336,
    "test_vbs_avg_par2_std": 30.95331665463521,
    "test_gap_cls_solved_mean": 0.2597222222222222,
    "test_gap_cls_solved_std": 0.21806440180215875,
    "test_gap_cls_par2_mean": 0.31034655136139144,
    "test_gap_cls_par2_std": 0.15023187998433243,
    "train_solve_rate_mean": 93.26923076923077,
    "train_solve_rate_std": 0.9486313196762023,
    "train_avg_par2_mean": 177.02599751394547,
    "train_avg_par2_std": 20.220888553663087,
    "train_sbs_solve_rate_mean": 91.53846153846152,
    "train_sbs_solve_rate_std": 0.7308816827558597,
    "train_sbs_avg_par2_mean": 235.99866690331166,
    "train_sbs_avg_par2_std": 16.29868791289033,
    "train_vbs_solve_rate_mean": 96.34615384615385,
    "train_vbs_solve_rate_std": 0.4104566818867171,
    "train_vbs_avg_par2_mean": 97.8255689283336,
    "train_vbs_avg_par2_std": 10.317772218211738,
    "train_gap_cls_solved_mean": 0.3662006578947368,
    "train_gap_cls_solved_std": 0.08097097271461612,
    "train_gap_cls_par2_mean": 0.42958537251111406,
    "train_gap_cls_par2_std": 0.05631580857419273
  }
}