{
  "division": "QF_LIA",
  "n_seeds": 5,
  "seed_values": [
    0,
    10,
    20,
    30,
    40
  ],
  "model_type": "SVM",
  "splits_dir": "/home/john-lu/Desktop/smt-select/data/cp26/performance_splits/smtcomp24/QF_LIA",
  "feature_csv_path": [
    "data/features/syntactic/catalog_all/QF_LIA.csv",
    "data/features/smtlib_desc/gemma300/QF_LIA.csv"
  ],
  "seeds": [
    {
      "seed": 0,
      "train_size": 3618,
      "test_size": 1207,
      "train_metrics": {
        "solved": 3536,
        "avg_par2": 64.78664991273418,
        "sbs_name": "OpenSMT",
        "sbs_solved": 3390,
        "sbs_avg_par2": 211.21875675864814,
        "vbs_solved": 3544,
        "vbs_avg_par2": 57.76171831546939,
        "gap_cls_solved": 0.948051948051948,
        "gap_cls_par2": 0.954222161013058
      },
      "test_metrics": {
        "solved": 1179,
        "avg_par2": 67.66380245239469,
        "sbs_name": "OpenSMT",
        "sbs_solved": 1124,
        "sbs_avg_par2": 221.90117742543984,
        "vbs_solved": 1182,
        "vbs_avg_par2": 56.74290921905257,
        "gap_cls_solved": 0.9482758620689655,
        "gap_cls_par2": 0.9338761943198931
      }
    },
    {
      "seed": 10,
      "train_size": 3618,
      "test_size": 1207,
      "train_metrics": {
        "solved": 3537,
        "avg_par2": 64.15538609559889,
        "sbs_name": "OpenSMT",
        "sbs_solved": 3385,
        "sbs_avg_par2": 214.80620765811412,
        "vbs_solved": 3543,
        "vbs_avg_par2": 57.38506665321782,
        "gap_cls_solved": 0.9620253164556962,
        "gap_cls_par2": 0.9569923112031662
      },
      "test_metrics": {
        "solved": 1177,
        "avg_par2": 69.48568546586799,
        "sbs_name": "OpenSMT",
        "sbs_solved": 1129,
        "sbs_avg_par2": 211.14774134071087,
        "vbs_solved": 1183,
        "vbs_avg_par2": 57.871928037632664,
        "gap_cls_solved": 0.8888888888888888,
        "gap_cls_par2": 0.9242296799608495
      }
    },
    {
      "seed": 20,
      "train_size": 3618,
      "test_size": 1207,
      "train_metrics": {
        "solved": 3538,
        "avg_par2": 62.863189418908384,
        "sbs_name": "OpenSMT",
        "sbs_solved": 3384,
        "sbs_avg_par2": 215.0290765680648,
        "vbs_solved": 3546,
        "vbs_avg_par2": 55.23112424398988,
        "gap_cls_solved": 0.9506172839506173,
        "gap_cls_par2": 0.952239280516934
      },
      "test_metrics": {
        "solved": 1178,
        "avg_par2": 72.91663968805047,
        "sbs_name": "OpenSMT",
        "sbs_solved": 1130,
        "sbs_avg_par2": 210.47968855181145,
        "vbs_solved": 1180,
        "vbs_avg_par2": 64.32840163878153,
        "gap_cls_solved": 0.96,
        "gap_cls_par2": 0.9412373422727399
      }
    },
    {
      "seed": 30,
      "train_size": 3618,
      "test_size": 1207,
      "train_metrics": {
        "solved": 3541,
        "avg_par2": 61.58494833444467,
        "sbs_name": "OpenSMT",
        "sbs_solved": 3386,
        "sbs_avg_par2": 210.82636253598452,
        "vbs_solved": 3548,
        "vbs_avg_par2": 54.73785351010224,
        "gap_cls_solved": 0.9567901234567902,
        "gap_cls_par2": 0.9561332549905576
      },
      "test_metrics": {
        "solved": 1172,
        "avg_par2": 82.91701875776354,
        "sbs_name": "OpenSMT",
        "sbs_solved": 1128,
        "sbs_avg_par2": 223.0773847971027,
        "vbs_solved": 1178,
        "vbs_avg_par2": 65.80698781542236,
        "gap_cls_solved": 0.88,
        "gap_cls_par2": 0.8912062837589566
      }
    },
    {
      "seed": 40,
      "train_size": 3618,
      "test_size": 1207,
      "train_metrics": {
        "solved": 3525,
        "avg_par2": 71.89977520434947,
        "sbs_name": "OpenSMT",
        "sbs_solved": 3370,
        "sbs_avg_par2": 224.3013800742982,
        "vbs_solved": 3532,
        "vbs_avg_par2": 65.21746850427438,
        "gap_cls_solved": 0.9567901234567902,
        "gap_cls_par2": 0.9579950817519739
      },
      "test_metrics": {
        "solved": 1186,
        "avg_par2": 53.53600334359053,
        "sbs_name": "OpenSMT",
        "sbs_solved": 1144,
        "sbs_avg_par2": 182.68582435499917,
        "vbs_solved": 1194,
        "vbs_avg_par2": 34.394189928997484,
        "gap_cls_solved": 0.84,
        "gap_cls_par2": 0.8709177797609015
      }
    }
  ],
  "aggregated": {
    "train": {
      "gap_cls_solved_mean": 0.9548549590743685,
      "gap_cls_solved_std": 0.004962712902749502,
      "gap_cls_par2_mean": 0.955516417895138,
      "gap_cls_par2_std": 0.002055103590896873
    },
    "test": {
      "gap_cls_solved_mean": 0.9034329501915709,
      "gap_cls_solved_std": 0.044710378914825155,
      "gap_cls_par2_mean": 0.9122934560146682,
      "gap_cls_par2_std": 0.02684269735240472
    }
  }
}