{
  "division": "QF_BV",
  "n_seeds": 5,
  "seed_values": [
    0,
    10,
    20,
    30,
    40
  ],
  "model_type": "SVM",
  "splits_dir": "/home/john-lu/Desktop/smt-select/data/cp26/performance_splits/smtcomp24/QF_BV",
  "feature_csv_path": [
    "data/features/syntactic/catalog_all/QF_BV.csv",
    "data/features/smtlib_desc/gemma300/QF_BV.csv"
  ],
  "seeds": [
    {
      "seed": 0,
      "train_size": 8027,
      "test_size": 2676,
      "train_metrics": {
        "solved": 7916,
        "avg_par2": 44.484967984927685,
        "sbs_name": "Bitwuzla",
        "sbs_solved": 7864,
        "sbs_avg_par2": 61.77599266787249,
        "vbs_solved": 7918,
        "vbs_avg_par2": 41.85153200714887,
        "gap_cls_solved": 0.9629629629629629,
        "gap_cls_par2": 0.8678289955938423
      },
      "test_metrics": {
        "solved": 2635,
        "avg_par2": 48.27277096347897,
        "sbs_name": "Bitwuzla",
        "sbs_solved": 2625,
        "sbs_avg_par2": 58.10378827141716,
        "vbs_solved": 2642,
        "vbs_avg_par2": 40.25809746050704,
        "gap_cls_solved": 0.5882352941176471,
        "gap_cls_par2": 0.5508902632072898
      }
    },
    {
      "seed": 10,
      "train_size": 8027,
      "test_size": 2676,
      "train_metrics": {
        "solved": 7910,
        "avg_par2": 46.523536428973145,
        "sbs_name": "Bitwuzla",
        "sbs_solved": 7865,
        "sbs_avg_par2": 61.78417641632123,
        "vbs_solved": 7914,
        "vbs_avg_par2": 43.20045916735318,
        "gap_cls_solved": 0.9183673469387755,
        "gap_cls_par2": 0.8211833931231118
      },
      "test_metrics": {
        "solved": 2639,
        "avg_par2": 43.47762008813537,
        "sbs_name": "STP",
        "sbs_solved": 2627,
        "sbs_avg_par2": 57.66332678096884,
        "vbs_solved": 2646,
        "vbs_avg_par2": 36.211820063287306,
        "gap_cls_solved": 0.631578947368421,
        "gap_cls_par2": 0.6612918560699895
      }
    },
    {
      "seed": 20,
      "train_size": 8027,
      "test_size": 2676,
      "train_metrics": {
        "solved": 7917,
        "avg_par2": 43.840340878230656,
        "sbs_name": "Bitwuzla",
        "sbs_solved": 7865,
        "sbs_avg_par2": 60.975859810918074,
        "vbs_solved": 7921,
        "vbs_avg_par2": 40.68144053542927,
        "gap_cls_solved": 0.9285714285714286,
        "gap_cls_par2": 0.8443463545361634
      },
      "test_metrics": {
        "solved": 2634,
        "avg_par2": 50.21939520345585,
        "sbs_name": "Bitwuzla",
        "sbs_solved": 2624,
        "sbs_avg_par2": 60.50388783897062,
        "vbs_solved": 2639,
        "vbs_avg_par2": 43.76793462175265,
        "gap_cls_solved": 0.6666666666666666,
        "gap_cls_par2": 0.614514901065454
      }
    },
    {
      "seed": 30,
      "train_size": 8027,
      "test_size": 2676,
      "train_metrics": {
        "solved": 7924,
        "avg_par2": 42.19282296724703,
        "sbs_name": "Bitwuzla",
        "sbs_solved": 7870,
        "sbs_avg_par2": 59.73287903806865,
        "vbs_solved": 7928,
        "vbs_avg_par2": 38.991442906889496,
        "gap_cls_solved": 0.9310344827586207,
        "gap_cls_par2": 0.8456529220006552
      },
      "test_metrics": {
        "solved": 2626,
        "avg_par2": 56.40927996089152,
        "sbs_name": "Bitwuzla",
        "sbs_solved": 2619,
        "sbs_avg_par2": 64.2323656654513,
        "vbs_solved": 2632,
        "vbs_avg_par2": 48.837295968646785,
        "gap_cls_solved": 0.5384615384615384,
        "gap_cls_par2": 0.5081552639013764
      }
    },
    {
      "seed": 40,
      "train_size": 8027,
      "test_size": 2676,
      "train_metrics": {
        "solved": 7921,
        "avg_par2": 42.81509179100971,
        "sbs_name": "Bitwuzla",
        "sbs_solved": 7868,
        "sbs_avg_par2": 59.7629644565803,
        "vbs_solved": 7924,
        "vbs_avg_par2": 40.0005839586007,
        "gap_cls_solved": 0.9464285714285714,
        "gap_cls_par2": 0.8575825502045792
      },
      "test_metrics": {
        "solved": 2631,
        "avg_par2": 53.24599070913812,
        "sbs_name": "Bitwuzla",
        "sbs_solved": 2621,
        "sbs_avg_par2": 64.14212065259892,
        "vbs_solved": 2636,
        "vbs_avg_par2": 45.810249921529525,
        "gap_cls_solved": 0.6666666666666666,
        "gap_cls_par2": 0.5943817793234664
      }
    }
  ],
  "aggregated": {
    "train": {
      "gap_cls_solved_mean": 0.9374729585320718,
      "gap_cls_solved_std": 0.01559268372358165,
      "gap_cls_par2_mean": 0.8473188430916704,
      "gap_cls_par2_std": 0.015624869700033085
    },
    "test": {
      "gap_cls_solved_mean": 0.6183218226561878,
      "gap_cls_solved_std": 0.04926066063621428,
      "gap_cls_par2_mean": 0.5858468127135152,
      "gap_cls_par2_std": 0.0526205218941393
    }
  }
}