{
  "division": "QF_BV",
  "n_seeds": 5,
  "seed_values": [
    0,
    10,
    20,
    30,
    40
  ],
  "model_type": "SVM",
  "splits_dir": "/home/john-lu/Desktop/smt-select/data/cp26/performance_splits/smtcomp24/QF_BV",
  "feature_csv_path": "/home/john-lu/Desktop/smt-select/data/features/desc/embeddinggemma-300m/QF_BV/features.csv",
  "seeds": [
    {
      "seed": 0,
      "train_size": 8027,
      "test_size": 2676,
      "train_metrics": {
        "total_count": 8027,
        "solved": 7910,
        "avg_par2": 47.13265995623724,
        "sbs_solved": 7864,
        "sbs_avg_par2": 61.77599266787249,
        "vbs_solved": 7918,
        "vbs_avg_par2": 41.87253326616425,
        "gap_cls_solved": 0.8518518518518519,
        "gap_cls_par2": 0.735717968223075
      },
      "test_metrics": {
        "total_count": 2676,
        "solved": 2635,
        "avg_par2": 48.64576802090718,
        "sbs_solved": 2625,
        "sbs_avg_par2": 58.10378827141716,
        "vbs_solved": 2642,
        "vbs_avg_par2": 40.385159183757764,
        "gap_cls_solved": 0.5882352941176471,
        "gap_cls_par2": 0.5337896179054433
      }
    },
    {
      "seed": 10,
      "train_size": 8027,
      "test_size": 2676,
      "train_metrics": {
        "total_count": 8027,
        "solved": 7905,
        "avg_par2": 48.788184268439515,
        "sbs_solved": 7865,
        "sbs_avg_par2": 61.78417641632123,
        "vbs_solved": 7914,
        "vbs_avg_par2": 43.25506544619551,
        "gap_cls_solved": 0.8163265306122449,
        "gap_cls_par2": 0.7013823905979627
      },
      "test_metrics": {
        "total_count": 2676,
        "solved": 2639,
        "avg_par2": 44.358729756969,
        "sbs_solved": 2627,
        "sbs_avg_par2": 57.66332678096884,
        "vbs_solved": 2646,
        "vbs_avg_par2": 36.238079284986874,
        "gap_cls_solved": 0.631578947368421,
        "gap_cls_par2": 0.620977518532514
      }
    },
    {
      "seed": 20,
      "train_size": 8027,
      "test_size": 2676,
      "train_metrics": {
        "total_count": 8027,
        "solved": 7914,
        "avg_par2": 45.8298751994602,
        "sbs_solved": 7865,
        "sbs_avg_par2": 60.975859810918074,
        "vbs_solved": 7921,
        "vbs_avg_par2": 40.70114182585746,
        "gap_cls_solved": 0.875,
        "gap_cls_par2": 0.7470379919769127
      },
      "test_metrics": {
        "total_count": 2676,
        "solved": 2632,
        "avg_par2": 51.871926500475816,
        "sbs_solved": 2624,
        "sbs_avg_par2": 60.50388783897062,
        "vbs_solved": 2639,
        "vbs_avg_par2": 43.898895764976956,
        "gap_cls_solved": 0.5333333333333333,
        "gap_cls_par2": 0.5198413404854298
      }
    },
    {
      "seed": 30,
      "train_size": 8027,
      "test_size": 2676,
      "train_metrics": {
        "total_count": 8027,
        "solved": 7917,
        "avg_par2": 45.01174576948505,
        "sbs_solved": 7870,
        "sbs_avg_par2": 59.73287903806865,
        "vbs_solved": 7928,
        "vbs_avg_par2": 39.00927608687519,
        "gap_cls_solved": 0.8103448275862069,
        "gap_cls_par2": 0.7103558827706558
      },
      "test_metrics": {
        "total_count": 2676,
        "solved": 2626,
        "avg_par2": 56.859517126771145,
        "sbs_solved": 2619,
        "sbs_avg_par2": 64.2323656654513,
        "vbs_solved": 2632,
        "vbs_avg_par2": 48.973860745100545,
        "gap_cls_solved": 0.5384615384615384,
        "gap_cls_par2": 0.48319599968452676
      }
    },
    {
      "seed": 40,
      "train_size": 8027,
      "test_size": 2676,
      "train_metrics": {
        "total_count": 8027,
        "solved": 7915,
        "avg_par2": 45.081227907520876,
        "sbs_solved": 7868,
        "sbs_avg_par2": 59.7629644565803,
        "vbs_solved": 7924,
        "vbs_avg_par2": 40.05662382543714,
        "gap_cls_solved": 0.8392857142857143,
        "gap_cls_par2": 0.7450260210085358
      },
      "test_metrics": {
        "total_count": 2676,
        "solved": 2629,
        "avg_par2": 54.929768847533225,
        "sbs_solved": 2621,
        "sbs_avg_par2": 64.14212065259892,
        "vbs_solved": 2636,
        "vbs_avg_par2": 45.83220891496722,
        "gap_cls_solved": 0.5333333333333333,
        "gap_cls_par2": 0.5031346921313596
      }
    }
  ],
  "aggregated": {
    "train": {
      "gap_cls_solved_mean": 0.8385617848672036,
      "gap_cls_solved_std": 0.023645281500982936,
      "gap_cls_par2_mean": 0.7279040509154283,
      "gap_cls_par2_std": 0.018610016310237905
    },
    "test": {
      "gap_cls_solved_mean": 0.5649884893228545,
      "gap_cls_solved_std": 0.03919816311850865,
      "gap_cls_par2_mean": 0.5321878337478547,
      "gap_cls_par2_std": 0.047503462137411724
    }
  }
}