{
  "division": "BV",
  "n_seeds": 5,
  "seed_values": [
    0,
    10,
    20,
    30,
    40
  ],
  "model_type": "machsmt_pwc",
  "splits_dir": "/lustre06/project/6001884/jchen688/SMT_AS_LM/data/cp26/performance_splits/smtcomp24/BV",
  "benchmark_root": "/lustre07/scratch/jchen688/smtlib24/non-incremental",
  "seeds": [
    {
      "seed": 0,
      "train_size": 780,
      "test_size": 260,
      "train_metrics": {
        "total_count": 780,
        "solved": 710,
        "avg_par2": 227.11484939620996,
        "sbs_solved": 717,
        "sbs_avg_par2": 228.02426085833085,
        "vbs_solved": 756,
        "vbs_avg_par2": 84.73612726397263,
        "gap_cls_solved": -0.1794871794871795,
        "gap_cls_par2": 0.0063467325542489504
      },
      "test_metrics": {
        "total_count": 260,
        "solved": 236,
        "avg_par2": 238.7392800078951,
        "sbs_solved": 235,
        "sbs_avg_par2": 259.9218850382541,
        "vbs_solved": 246,
        "vbs_avg_par2": 137.09389392141648,
        "gap_cls_solved": 0.09090909090909091,
        "gap_cls_par2": 0.1724574735591783
      },
      "train_eval_stats": {
        "total": 780,
        "file_not_found": 0,
        "feature_timeout": 0,
        "parse_fail": 0
      },
      "test_eval_stats": {
        "total": 260,
        "file_not_found": 0,
        "feature_timeout": 0,
        "parse_fail": 0
      },
      "train_stats": {
        "parsing_time": 1285.4747774600983,
        "training_time": 1.687767744064331,
        "total_benchmarks": 780,
        "loaded_benchmarks": 780,
        "skipped_benchmarks": 0,
        "feature_timeout_count": 0
      }
    },
    {
      "seed": 10,
      "train_size": 780,
      "test_size": 260,
      "train_metrics": {
        "total_count": 780,
        "solved": 711,
        "avg_par2": 228.00039676927113,
        "sbs_solved": 712,
        "sbs_avg_par2": 240.39324967535512,
        "vbs_solved": 752,
        "vbs_avg_par2": 97.6815779535473,
        "gap_cls_solved": -0.025,
        "gap_cls_par2": 0.08683839770472139
      },
      "test_metrics": {
        "total_count": 260,
        "solved": 234,
        "avg_par2": 247.49815390231984,
        "sbs_solved": 240,
        "sbs_avg_par2": 222.8149185871813,
        "vbs_solved": 250,
        "vbs_avg_par2": 98.25754185269247,
        "gap_cls_solved": -0.6,
        "gap_cls_par2": -0.1981675912118337
      },
      "train_eval_stats": {
        "total": 780,
        "file_not_found": 0,
        "feature_timeout": 0,
        "parse_fail": 0
      },
      "test_eval_stats": {
        "total": 260,
        "file_not_found": 0,
        "feature_timeout": 0,
        "parse_fail": 0
      },
      "train_stats": {
        "parsing_time": 96.35164856910706,
        "training_time": 1.4089000225067139,
        "total_benchmarks": 780,
        "loaded_benchmarks": 780,
        "skipped_benchmarks": 0,
        "feature_timeout_count": 0
      }
    },
    {
      "seed": 20,
      "train_size": 780,
      "test_size": 260,
      "train_metrics": {
        "total_count": 780,
        "solved": 716,
        "avg_par2": 206.25358441634796,
        "sbs_solved": 720,
        "sbs_avg_par2": 215.95072717511107,
        "vbs_solved": 752,
        "vbs_avg_par2": 94.11469797483579,
        "gap_cls_solved": -0.125,
        "gap_cls_par2": 0.07959174984948703
      },
      "test_metrics": {
        "total_count": 260,
        "solved": 232,
        "avg_par2": 282.29486701080504,
        "sbs_solved": 232,
        "sbs_avg_par2": 296.1424860879134,
        "vbs_solved": 250,
        "vbs_avg_par2": 108.95818178882698,
        "gap_cls_solved": 0.0,
        "gap_cls_par2": 0.07397852682659982
      },
      "train_eval_stats": {
        "total": 780,
        "file_not_found": 0,
        "feature_timeout": 0,
        "parse_fail": 0
      },
      "test_eval_stats": {
        "total": 260,
        "file_not_found": 0,
        "feature_timeout": 0,
        "parse_fail": 0
      },
      "train_stats": {
        "parsing_time": 52.050615549087524,
        "training_time": 1.3072965145111084,
        "total_benchmarks": 780,
        "loaded_benchmarks": 780,
        "skipped_benchmarks": 0,
        "feature_timeout_count": 0
      }
    },
    {
      "seed": 30,
      "train_size": 780,
      "test_size": 260,
      "train_metrics": {
        "total_count": 780,
        "solved": 714,
        "avg_par2": 216.63334224819957,
        "sbs_solved": 713,
        "sbs_avg_par2": 238.5362482514528,
        "vbs_solved": 751,
        "vbs_avg_par2": 99.42559507891613,
        "gap_cls_solved": 0.02631578947368421,
        "gap_cls_par2": 0.15744952312234073
      },
      "test_metrics": {
        "total_count": 260,
        "solved": 239,
        "avg_par2": 206.68469904307275,
        "sbs_solved": 239,
        "sbs_avg_par2": 228.38592285888825,
        "vbs_solved": 251,
        "vbs_avg_par2": 93.02549047658596,
        "gap_cls_solved": 0.0,
        "gap_cls_par2": 0.16032176784515667
      },
      "train_eval_stats": {
        "total": 780,
        "file_not_found": 0,
        "feature_timeout": 0,
        "parse_fail": 0
      },
      "test_eval_stats": {
        "total": 260,
        "file_not_found": 0,
        "feature_timeout": 0,
        "parse_fail": 0
      },
      "train_stats": {
        "parsing_time": 33.256999254226685,
        "training_time": 1.272524356842041,
        "total_benchmarks": 780,
        "loaded_benchmarks": 780,
        "skipped_benchmarks": 0,
        "feature_timeout_count": 0
      }
    },
    {
      "seed": 40,
      "train_size": 780,
      "test_size": 260,
      "train_metrics": {
        "total_count": 780,
        "solved": 703,
        "avg_par2": 246.82272879239022,
        "sbs_solved": 715,
        "sbs_avg_par2": 234.67214455008238,
        "vbs_solved": 748,
        "vbs_avg_par2": 108.70766903136779,
        "gap_cls_solved": -0.36363636363636365,
        "gap_cls_par2": -0.0964604043502934
      },
      "test_metrics": {
        "total_count": 260,
        "solved": 236,
        "avg_par2": 237.3715743782733,
        "sbs_solved": 237,
        "sbs_avg_par2": 239.97823396299947,
        "vbs_solved": 254,
        "vbs_avg_par2": 65.17926861923098,
        "gap_cls_solved": -0.058823529411764705,
        "gap_cls_par2": 0.014912328454575147
      },
      "train_eval_stats": {
        "total": 780,
        "file_not_found": 0,
        "feature_timeout": 0,
        "parse_fail": 0
      },
      "test_eval_stats": {
        "total": 260,
        "file_not_found": 0,
        "feature_timeout": 0,
        "parse_fail": 0
      },
      "train_stats": {
        "parsing_time": 100.79810357093811,
        "training_time": 1.3918876647949219,
        "total_benchmarks": 780,
        "loaded_benchmarks": 780,
        "skipped_benchmarks": 0,
        "feature_timeout_count": 0
      }
    }
  ],
  "aggregated": {
    "train": {
      "gap_cls_solved_mean": -0.13336155072997177,
      "gap_cls_solved_std": 0.13598754153895848,
      "gap_cls_par2_mean": 0.04675319977610094,
      "gap_cls_par2_std": 0.08611816122804344
    },
    "test": {
      "gap_cls_solved_mean": -0.11358288770053475,
      "gap_cls_solved_std": 0.2478787237866181,
      "gap_cls_par2_mean": 0.04470050109473525,
      "gap_cls_par2_std": 0.1344764437504802
    }
  }
}