{
  "division": "QF_BV",
  "n_seeds": 5,
  "seed_values": [
    0,
    10,
    20,
    30,
    40
  ],
  "model_type": "fusion_pwc",
  "splits_dir": "/home/john-lu/Desktop/smt-select/data/cp26/performance_splits/smtcomp24/QF_BV",
  "benchmark_root": "/home/john-lu/Desktop/smt_data/smtlib25/non-incremental",
  "seeds": [
    {
      "seed": 0,
      "train_size": 8027,
      "test_size": 2676,
      "train_metrics": {
        "total_count": 8027,
        "solved": 7911,
        "avg_par2": 45.651263441930965,
        "sbs_solved": 7864,
        "sbs_avg_par2": 61.77599266787249,
        "vbs_solved": 7918,
        "vbs_avg_par2": 41.87253326616425,
        "gap_cls_solved": 0.8703703703703703,
        "gap_cls_par2": 0.8101470654170599
      },
      "test_metrics": {
        "total_count": 2676,
        "solved": 2634,
        "avg_par2": 48.83390087475935,
        "sbs_solved": 2625,
        "sbs_avg_par2": 58.10378827141716,
        "vbs_solved": 2642,
        "vbs_avg_par2": 40.385159183757764,
        "gap_cls_solved": 0.5294117647058824,
        "gap_cls_par2": 0.5231718182482902
      }
    },
    {
      "seed": 10,
      "train_size": 8027,
      "test_size": 2676,
      "train_metrics": {
        "total_count": 8027,
        "solved": 7904,
        "avg_par2": 48.419560079875666,
        "sbs_solved": 7865,
        "sbs_avg_par2": 61.78417641632123,
        "vbs_solved": 7914,
        "vbs_avg_par2": 43.25506544619551,
        "gap_cls_solved": 0.7959183673469388,
        "gap_cls_par2": 0.7212767173769528
      },
      "test_metrics": {
        "total_count": 2676,
        "solved": 2638,
        "avg_par2": 43.921876566916865,
        "sbs_solved": 2627,
        "sbs_avg_par2": 57.66332678096884,
        "vbs_solved": 2646,
        "vbs_avg_par2": 36.238079284986874,
        "gap_cls_solved": 0.5789473684210527,
        "gap_cls_par2": 0.641367163512534
      }
    },
    {
      "seed": 20,
      "train_size": 8027,
      "test_size": 2676,
      "train_metrics": {
        "total_count": 8027,
        "solved": 7911,
        "avg_par2": 45.45448644905928,
        "sbs_solved": 7865,
        "sbs_avg_par2": 60.975859810918074,
        "vbs_solved": 7921,
        "vbs_avg_par2": 40.70114182585746,
        "gap_cls_solved": 0.8214285714285714,
        "gap_cls_par2": 0.7655531077322845
      },
      "test_metrics": {
        "total_count": 2676,
        "solved": 2632,
        "avg_par2": 51.28067121922307,
        "sbs_solved": 2624,
        "sbs_avg_par2": 60.50388783897062,
        "vbs_solved": 2639,
        "vbs_avg_par2": 43.898895764976956,
        "gap_cls_solved": 0.5333333333333333,
        "gap_cls_par2": 0.5554484204899275
      }
    },
    {
      "seed": 30,
      "train_size": 8027,
      "test_size": 2676,
      "train_metrics": {
        "total_count": 8027,
        "solved": 7919,
        "avg_par2": 43.69364669210872,
        "sbs_solved": 7870,
        "sbs_avg_par2": 59.73287903806865,
        "vbs_solved": 7928,
        "vbs_avg_par2": 39.00927608687519,
        "gap_cls_solved": 0.8448275862068966,
        "gap_cls_par2": 0.7739596432017262
      },
      "test_metrics": {
        "total_count": 2676,
        "solved": 2622,
        "avg_par2": 59.805747350502244,
        "sbs_solved": 2619,
        "sbs_avg_par2": 64.2323656654513,
        "vbs_solved": 2632,
        "vbs_avg_par2": 48.973860745100545,
        "gap_cls_solved": 0.23076923076923078,
        "gap_cls_par2": 0.29010826015104085
      }
    },
    {
      "seed": 40,
      "train_size": 8027,
      "test_size": 2676,
      "train_metrics": {
        "total_count": 8027,
        "solved": 7914,
        "avg_par2": 44.69767206526998,
        "sbs_solved": 7868,
        "sbs_avg_par2": 59.7629644565803,
        "vbs_solved": 7924,
        "vbs_avg_par2": 40.05662382543714,
        "gap_cls_solved": 0.8214285714285714,
        "gap_cls_par2": 0.7644895961811248
      },
      "test_metrics": {
        "total_count": 2676,
        "solved": 2625,
        "avg_par2": 58.17235501378459,
        "sbs_solved": 2621,
        "sbs_avg_par2": 64.14212065259892,
        "vbs_solved": 2636,
        "vbs_avg_par2": 45.83220891496722,
        "gap_cls_solved": 0.26666666666666666,
        "gap_cls_par2": 0.3260401100975755
      }
    }
  ],
  "aggregated": {
    "train": {
      "gap_cls_solved_mean": 0.8307946933562697,
      "gap_cls_solved_std": 0.025119565636052485,
      "gap_cls_par2_mean": 0.7670852259818296,
      "gap_cls_par2_std": 0.028316369006829743
    },
    "test": {
      "gap_cls_solved_mean": 0.4278256727792331,
      "gap_cls_solved_std": 0.14771109233298577,
      "gap_cls_par2_mean": 0.4672271544998735,
      "gap_cls_par2_std": 0.1360458923717656
    }
  }
}