{
  "division": "ABV",
  "n_seeds": 5,
  "seed_values": [
    0,
    10,
    20,
    30,
    40
  ],
  "model_type": "gin_ehm",
  "splits_dir": "/home/john-lu/Desktop/smt-select/data/cp26/performance_splits/smtcomp24/ABV",
  "benchmark_root": "/home/john-lu/Desktop/smt_data/smtlib25/non-incremental",
  "seeds": [
    {
      "seed": 0,
      "train_size": 1865,
      "test_size": 622,
      "train_metrics": {
        "total_count": 1865,
        "solved": 700,
        "avg_par2": 1501.590190894255,
        "sbs_solved": 621,
        "sbs_avg_par2": 1603.2889194204809,
        "vbs_solved": 722,
        "vbs_avg_par2": 1473.078278344809,
        "gap_cls_solved": 0.7821782178217822,
        "gap_cls_par2": 0.7810323924841407
      },
      "test_metrics": {
        "total_count": 622,
        "solved": 234,
        "avg_par2": 1499.8269735851563,
        "sbs_solved": 216,
        "sbs_avg_par2": 1568.1989067370248,
        "vbs_solved": 249,
        "vbs_avg_par2": 1441.4982744351369,
        "gap_cls_solved": 0.5454545454545454,
        "gap_cls_par2": 0.5396337169727737
      }
    },
    {
      "seed": 10,
      "train_size": 1865,
      "test_size": 622,
      "train_metrics": {
        "total_count": 1865,
        "solved": 705,
        "avg_par2": 1494.7821482338838,
        "sbs_solved": 632,
        "sbs_avg_par2": 1588.8577544287875,
        "vbs_solved": 736,
        "vbs_avg_par2": 1455.235929221568,
        "gap_cls_solved": 0.7019230769230769,
        "gap_cls_par2": 0.7040437147824626
      },
      "test_metrics": {
        "total_count": 622,
        "solved": 215,
        "avg_par2": 1572.654200225879,
        "sbs_solved": 205,
        "sbs_avg_par2": 1611.469200482215,
        "vbs_solved": 235,
        "vbs_avg_par2": 1494.9966363561089,
        "gap_cls_solved": 0.3333333333333333,
        "gap_cls_par2": 0.3332544496428401
      }
    },
    {
      "seed": 20,
      "train_size": 1865,
      "test_size": 622,
      "train_metrics": {
        "total_count": 1865,
        "solved": 655,
        "avg_par2": 1559.1621642357904,
        "sbs_solved": 609,
        "sbs_avg_par2": 1618.333484612624,
        "vbs_solved": 710,
        "vbs_avg_par2": 1488.5088358280148,
        "gap_cls_solved": 0.45544554455445546,
        "gap_cls_par2": 0.45577878261780713
      },
      "test_metrics": {
        "total_count": 622,
        "solved": 242,
        "avg_par2": 1469.076723950158,
        "sbs_solved": 228,
        "sbs_avg_par2": 1523.0893985644411,
        "vbs_solved": 261,
        "vbs_avg_par2": 1395.2314099557502,
        "gap_cls_solved": 0.42424242424242425,
        "gap_cls_par2": 0.42244270539550477
      }
    },
    {
      "seed": 30,
      "train_size": 1865,
      "test_size": 622,
      "train_metrics": {
        "total_count": 1865,
        "solved": 702,
        "avg_par2": 1498.8628755869688,
        "sbs_solved": 635,
        "sbs_avg_par2": 1585.3660500218632,
        "vbs_solved": 732,
        "vbs_avg_par2": 1460.3725213420041,
        "gap_cls_solved": 0.6907216494845361,
        "gap_cls_par2": 0.6920612238770497
      },
      "test_metrics": {
        "total_count": 622,
        "solved": 230,
        "avg_par2": 1513.646516732395,
        "sbs_solved": 202,
        "sbs_avg_par2": 1621.9387000303082,
        "vbs_solved": 239,
        "vbs_avg_par2": 1479.595118181489,
        "gap_cls_solved": 0.7567567567567568,
        "gap_cls_par2": 0.7607802325287033
      }
    },
    {
      "seed": 40,
      "train_size": 1865,
      "test_size": 622,
      "train_metrics": {
        "total_count": 1865,
        "solved": 704,
        "avg_par2": 1496.6710669731672,
        "sbs_solved": 629,
        "sbs_avg_par2": 1592.8500082670396,
        "vbs_solved": 722,
        "vbs_avg_par2": 1473.1400666613551,
        "gap_cls_solved": 0.8064516129032258,
        "gap_cls_par2": 0.8034331986450935
      },
      "test_metrics": {
        "total_count": 622,
        "solved": 233,
        "avg_par2": 1502.87080549221,
        "sbs_solved": 208,
        "sbs_avg_par2": 1599.4988573819894,
        "vbs_solved": 249,
        "vbs_avg_par2": 1441.3130088236273,
        "gap_cls_solved": 0.6097560975609756,
        "gap_cls_par2": 0.6108514305824831
      }
    }
  ],
  "aggregated": {
    "train": {
      "gap_cls_solved_mean": 0.6873440203374154,
      "gap_cls_solved_std": 0.12424250799092106,
      "gap_cls_par2_mean": 0.6872698624813107,
      "gap_cls_par2_std": 0.12343238798844332
    },
    "test": {
      "gap_cls_solved_mean": 0.5339086314696071,
      "gap_cls_solved_std": 0.14683634455833922,
      "gap_cls_par2_mean": 0.5333925070244611,
      "gap_cls_par2_std": 0.14839751732719303
    }
  }
}