{
  "division": "QF_SLIA",
  "n_seeds": 5,
  "seed_values": [
    0,
    10,
    20,
    30,
    40
  ],
  "model_type": "graph+lite_fallback",
  "splits_dir": "/home/john-lu/Desktop/smt-select/data/cp26/performance_splits/smtcomp24/QF_SLIA",
  "benchmark_root": "/home/john-lu/Desktop/smt_data/smtlib25/non-incremental",
  "seeds": [
    {
      "seed": 0,
      "train_size": 17791,
      "test_size": 5931,
      "train_metrics": {
        "total_count": 17791,
        "solved": 17771,
        "avg_par2": 4.970627316264441,
        "sbs_solved": 17469,
        "sbs_avg_par2": 44.65992063788583,
        "vbs_solved": 17774,
        "vbs_avg_par2": 4.040609480991914,
        "gap_cls_solved": 0.9901639344262295,
        "gap_cls_par2": 0.9771040470952278
      },
      "test_metrics": {
        "total_count": 5931,
        "solved": 5923,
        "avg_par2": 5.899986949479694,
        "sbs_solved": 5807,
        "sbs_avg_par2": 51.47958290425829,
        "vbs_solved": 5926,
        "vbs_avg_par2": 4.233040090213708,
        "gap_cls_solved": 0.9747899159663865,
        "gap_cls_par2": 0.9647181198881186
      }
    },
    {
      "seed": 10,
      "train_size": 17791,
      "test_size": 5931,
      "train_metrics": {
        "total_count": 17791,
        "solved": 17772,
        "avg_par2": 4.893627661641875,
        "sbs_solved": 17471,
        "sbs_avg_par2": 44.37160102340151,
        "vbs_solved": 17774,
        "vbs_avg_par2": 4.118191644449987,
        "gap_cls_solved": 0.9933993399339934,
        "gap_cls_par2": 0.980736140636143
      },
      "test_metrics": {
        "total_count": 5931,
        "solved": 5914,
        "avg_par2": 9.049827380436735,
        "sbs_solved": 5805,
        "sbs_avg_par2": 52.344444523089955,
        "vbs_solved": 5926,
        "vbs_avg_par2": 4.000319761418804,
        "gap_cls_solved": 0.9008264462809917,
        "gap_cls_par2": 0.8955507490535571
      }
    },
    {
      "seed": 20,
      "train_size": 17791,
      "test_size": 5931,
      "train_metrics": {
        "total_count": 17791,
        "solved": 17769,
        "avg_par2": 5.671459358552889,
        "sbs_solved": 17454,
        "sbs_avg_par2": 46.47006104267027,
        "vbs_solved": 17772,
        "vbs_avg_par2": 4.49120287077834,
        "gap_cls_solved": 0.9905660377358491,
        "gap_cls_par2": 0.9718845023620766
      },
      "test_metrics": {
        "total_count": 5931,
        "solved": 5923,
        "avg_par2": 5.484722948542575,
        "sbs_solved": 5822,
        "sbs_avg_par2": 46.04977208963684,
        "vbs_solved": 5928,
        "vbs_avg_par2": 2.8814118660204353,
        "gap_cls_solved": 0.9528301886792453,
        "gap_cls_par2": 0.9396940011379462
      }
    },
    {
      "seed": 30,
      "train_size": 17791,
      "test_size": 5931,
      "train_metrics": {
        "total_count": 17791,
        "solved": 17769,
        "avg_par2": 5.715661794771944,
        "sbs_solved": 17458,
        "sbs_avg_par2": 46.17579783379222,
        "vbs_solved": 17775,
        "vbs_avg_par2": 4.124909975178831,
        "gap_cls_solved": 0.9810725552050473,
        "gap_cls_par2": 0.9621707911390204
      },
      "test_metrics": {
        "total_count": 5931,
        "solved": 5920,
        "avg_par2": 7.442817813085497,
        "sbs_solved": 5818,
        "sbs_avg_par2": 46.93246248740271,
        "vbs_solved": 5925,
        "vbs_avg_par2": 3.980167034729063,
        "gap_cls_solved": 0.9532710280373832,
        "gap_cls_par2": 0.9193838014508048
      }
    },
    {
      "seed": 40,
      "train_size": 17791,
      "test_size": 5931,
      "train_metrics": {
        "total_count": 17791,
        "solved": 17768,
        "avg_par2": 5.425958046780139,
        "sbs_solved": 17461,
        "sbs_avg_par2": 45.611314943571195,
        "vbs_solved": 17776,
        "vbs_avg_par2": 3.966576320268525,
        "gap_cls_solved": 0.9746031746031746,
        "gap_cls_par2": 0.9649563960597172
      },
      "test_metrics": {
        "total_count": 5931,
        "solved": 5917,
        "avg_par2": 7.913720429090041,
        "sbs_solved": 5815,
        "sbs_avg_par2": 48.625720808077496,
        "vbs_solved": 5924,
        "vbs_avg_par2": 4.455114607568255,
        "gap_cls_solved": 0.9357798165137615,
        "gap_cls_par2": 0.9216989278838127
      }
    }
  ],
  "aggregated": {
    "train": {
      "gap_cls_solved_mean": 0.9859610083808589,
      "gap_cls_solved_std": 0.007029893620406238,
      "gap_cls_par2_mean": 0.9713703754584371,
      "gap_cls_par2_std": 0.007023223727787324
    },
    "test": {
      "gap_cls_solved_mean": 0.9434994790955535,
      "gap_cls_solved_std": 0.02466664821006187,
      "gap_cls_par2_mean": 0.9282091198828478,
      "gap_cls_par2_std": 0.023028884512035306
    }
  }
}