{
  "division": "QF_NRA",
  "n_seeds": 5,
  "seed_values": [
    0,
    10,
    20,
    30,
    40
  ],
  "model_type": "SVM",
  "splits_dir": "/home/john-lu/Desktop/smt-select/data/cp26/performance_splits/smtcomp24/QF_NRA",
  "feature_csv_path": [
    "/home/john-lu/Desktop/smt-select/data/features/syntactic/QF_NRA/features.csv",
    "/home/john-lu/Desktop/smt-select/data/features/desc/embeddinggemma-300m/QF_NRA/features.csv"
  ],
  "seeds": [
    {
      "seed": 0,
      "train_size": 2328,
      "test_size": 776,
      "train_metrics": {
        "total_count": 2328,
        "solved": 2188,
        "avg_par2": 161.46243171764655,
        "sbs_solved": 2123,
        "sbs_avg_par2": 228.44645983119491,
        "vbs_solved": 2200,
        "vbs_avg_par2": 141.66833103795628,
        "gap_cls_solved": 0.8441558441558441,
        "gap_cls_par2": 0.7718998905029104
      },
      "test_metrics": {
        "total_count": 776,
        "solved": 716,
        "avg_par2": 204.61597882244357,
        "sbs_solved": 690,
        "sbs_avg_par2": 282.29691496267446,
        "vbs_solved": 733,
        "vbs_avg_par2": 146.11193702943822,
        "gap_cls_solved": 0.6046511627906976,
        "gap_cls_par2": 0.5704075245238388
      }
    },
    {
      "seed": 10,
      "train_size": 2328,
      "test_size": 776,
      "train_metrics": {
        "total_count": 2328,
        "solved": 2180,
        "avg_par2": 171.26325549387704,
        "sbs_solved": 2105,
        "sbs_avg_par2": 246.44067750611893,
        "vbs_solved": 2196,
        "vbs_avg_par2": 147.03318296207544,
        "gap_cls_solved": 0.8241758241758241,
        "gap_cls_par2": 0.7562550726890495
      },
      "test_metrics": {
        "total_count": 776,
        "solved": 723,
        "avg_par2": 179.5076875400338,
        "sbs_solved": 708,
        "sbs_avg_par2": 228.3142619379025,
        "vbs_solved": 737,
        "vbs_avg_par2": 130.01738125708076,
        "gap_cls_solved": 0.5172413793103449,
        "gap_cls_par2": 0.4965221079227098
      }
    },
    {
      "seed": 20,
      "train_size": 2328,
      "test_size": 776,
      "train_metrics": {
        "total_count": 2328,
        "solved": 2184,
        "avg_par2": 166.65760628900046,
        "sbs_solved": 2107,
        "sbs_avg_par2": 244.52493277170873,
        "vbs_solved": 2195,
        "vbs_avg_par2": 147.71797247858814,
        "gap_cls_solved": 0.875,
        "gap_cls_par2": 0.8043566934333519
      },
      "test_metrics": {
        "total_count": 776,
        "solved": 724,
        "avg_par2": 179.24810663821512,
        "sbs_solved": 706,
        "sbs_avg_par2": 234.06149614113298,
        "vbs_solved": 738,
        "vbs_avg_par2": 127.96301270754263,
        "gap_cls_solved": 0.5625,
        "gap_cls_par2": 0.5166274552569539
      }
    },
    {
      "seed": 30,
      "train_size": 2328,
      "test_size": 776,
      "train_metrics": {
        "total_count": 2328,
        "solved": 2173,
        "avg_par2": 176.87514198910992,
        "sbs_solved": 2101,
        "sbs_avg_par2": 250.74497346834673,
        "vbs_solved": 2189,
        "vbs_avg_par2": 153.12528382377576,
        "gap_cls_solved": 0.8181818181818182,
        "gap_cls_par2": 0.7567103700922799
      },
      "test_metrics": {
        "total_count": 776,
        "solved": 730,
        "avg_par2": 162.05559330606948,
        "sbs_solved": 712,
        "sbs_avg_par2": 215.4013740512191,
        "vbs_solved": 744,
        "vbs_avg_par2": 111.7410786719798,
        "gap_cls_solved": 0.5625,
        "gap_cls_par2": 0.5146211531617295
      }
    },
    {
      "seed": 40,
      "train_size": 2328,
      "test_size": 776,
      "train_metrics": {
        "total_count": 2328,
        "solved": 2191,
        "avg_par2": 159.4147235651119,
        "sbs_solved": 2113,
        "sbs_avg_par2": 238.19431467228736,
        "vbs_solved": 2206,
        "vbs_avg_par2": 136.00099773590352,
        "gap_cls_solved": 0.8387096774193549,
        "gap_cls_par2": 0.770887896282067
      },
      "test_metrics": {
        "total_count": 776,
        "solved": 716,
        "avg_par2": 205.0426277176434,
        "sbs_solved": 700,
        "sbs_avg_par2": 253.05335043939718,
        "vbs_solved": 727,
        "vbs_avg_par2": 163.1139369355965,
        "gap_cls_solved": 0.5925925925925926,
        "gap_cls_par2": 0.5338118278892817
      }
    }
  ],
  "aggregated": {
    "train": {
      "gap_cls_solved_mean": 0.8400446327865684,
      "gap_cls_solved_std": 0.019851265002247445,
      "gap_cls_par2_mean": 0.7720219845999317,
      "gap_cls_par2_std": 0.017492144000434945
    },
    "test": {
      "gap_cls_solved_mean": 0.567897026938727,
      "gap_cls_solved_std": 0.0302819679063135,
      "gap_cls_par2_mean": 0.5263980137509027,
      "gap_cls_par2_std": 0.02497410533423432
    }
  }
}