{
  "division": "QF_BV",
  "n_seeds": 5,
  "seed_values": [
    0,
    10,
    20,
    30,
    40
  ],
  "model_type": "SVM",
  "splits_dir": "/home/john-lu/Desktop/smt-select/data/cp26/performance_splits/smtcomp24/QF_BV",
  "feature_csv_path": [
    "/home/john-lu/Desktop/smt-select/data/features/syntactic/QF_BV/features.csv",
    "/home/john-lu/Desktop/smt-select/data/features/desc/setfit_mpnet/QF_BV/seed0/features.csv"
  ],
  "feature_csv_path_per_seed": true,
  "seeds": [
    {
      "seed": 0,
      "train_size": 8027,
      "test_size": 2676,
      "train_metrics": {
        "total_count": 8027,
        "solved": 7913,
        "avg_par2": 45.38330635815226,
        "sbs_solved": 7864,
        "sbs_avg_par2": 61.77599266787249,
        "vbs_solved": 7918,
        "vbs_avg_par2": 41.87253326616425,
        "gap_cls_solved": 0.9074074074074074,
        "gap_cls_par2": 0.823609905136054
      },
      "test_metrics": {
        "total_count": 2676,
        "solved": 2636,
        "avg_par2": 47.72339885757912,
        "sbs_solved": 2625,
        "sbs_avg_par2": 58.10378827141716,
        "vbs_solved": 2642,
        "vbs_avg_par2": 40.385159183757764,
        "gap_cls_solved": 0.6470588235294118,
        "gap_cls_par2": 0.5858460811207868
      }
    },
    {
      "seed": 10,
      "train_size": 8027,
      "test_size": 2676,
      "train_metrics": {
        "total_count": 8027,
        "solved": 7909,
        "avg_par2": 47.11459055151818,
        "sbs_solved": 7865,
        "sbs_avg_par2": 61.78417641632123,
        "vbs_solved": 7914,
        "vbs_avg_par2": 43.25506544619551,
        "gap_cls_solved": 0.8979591836734694,
        "gap_cls_par2": 0.79170478758828
      },
      "test_metrics": {
        "total_count": 2676,
        "solved": 2639,
        "avg_par2": 43.556876583611796,
        "sbs_solved": 2627,
        "sbs_avg_par2": 57.66332678096884,
        "vbs_solved": 2646,
        "vbs_avg_par2": 36.238079284986874,
        "gap_cls_solved": 0.631578947368421,
        "gap_cls_par2": 0.6584031386336391
      }
    },
    {
      "seed": 20,
      "train_size": 8027,
      "test_size": 2676,
      "train_metrics": {
        "total_count": 8027,
        "solved": 7916,
        "avg_par2": 44.1652672099512,
        "sbs_solved": 7865,
        "sbs_avg_par2": 60.975859810918074,
        "vbs_solved": 7921,
        "vbs_avg_par2": 40.70114182585746,
        "gap_cls_solved": 0.9107142857142857,
        "gap_cls_par2": 0.8291406377811876
      },
      "test_metrics": {
        "total_count": 2676,
        "solved": 2634,
        "avg_par2": 50.007396741078495,
        "sbs_solved": 2624,
        "sbs_avg_par2": 60.50388783897062,
        "vbs_solved": 2639,
        "vbs_avg_par2": 43.898895764976956,
        "gap_cls_solved": 0.6666666666666666,
        "gap_cls_par2": 0.6321286424659892
      }
    },
    {
      "seed": 30,
      "train_size": 8027,
      "test_size": 2676,
      "train_metrics": {
        "total_count": 8027,
        "solved": 7922,
        "avg_par2": 42.68308169865623,
        "sbs_solved": 7870,
        "sbs_avg_par2": 59.73287903806865,
        "vbs_solved": 7928,
        "vbs_avg_par2": 39.00927608687519,
        "gap_cls_solved": 0.896551724137931,
        "gap_cls_par2": 0.8227236055220085
      },
      "test_metrics": {
        "total_count": 2676,
        "solved": 2626,
        "avg_par2": 56.02349208753685,
        "sbs_solved": 2619,
        "sbs_avg_par2": 64.2323656654513,
        "vbs_solved": 2632,
        "vbs_avg_par2": 48.973860745100545,
        "gap_cls_solved": 0.5384615384615384,
        "gap_cls_par2": 0.5379867569440575
      }
    },
    {
      "seed": 40,
      "train_size": 8027,
      "test_size": 2676,
      "train_metrics": {
        "total_count": 8027,
        "solved": 7919,
        "avg_par2": 43.45991132083407,
        "sbs_solved": 7868,
        "sbs_avg_par2": 59.7629644565803,
        "vbs_solved": 7924,
        "vbs_avg_par2": 40.05662382543714,
        "gap_cls_solved": 0.9107142857142857,
        "gap_cls_par2": 0.8272998747408995
      },
      "test_metrics": {
        "total_count": 2676,
        "solved": 2630,
        "avg_par2": 54.40933537925893,
        "sbs_solved": 2621,
        "sbs_avg_par2": 64.14212065259892,
        "vbs_solved": 2636,
        "vbs_avg_par2": 45.83220891496722,
        "gap_cls_solved": 0.6,
        "gap_cls_par2": 0.53155828454031
      }
    }
  ],
  "aggregated": {
    "train": {
      "gap_cls_solved_mean": 0.9046693773294759,
      "gap_cls_solved_std": 0.006188725809218789,
      "gap_cls_par2_mean": 0.818895762153686,
      "gap_cls_par2_std": 0.013797182406047357
    },
    "test": {
      "gap_cls_solved_mean": 0.6167531952052075,
      "gap_cls_solved_std": 0.04481035981537312,
      "gap_cls_par2_mean": 0.5891845807409565,
      "gap_cls_par2_std": 0.05017679533258957
    }
  }
}