{
  "division": "QF_BV",
  "n_seeds": 5,
  "seed_values": [
    0,
    10,
    20,
    30,
    40
  ],
  "model_type": "SVM",
  "splits_dir": "/home/john-lu/Desktop/smt-select/data/train_test_splits/QF_BV",
  "feature_csv_path": [
    "/home/john-lu/Desktop/smt-select/data/features/syntactic/QF_BV/features.csv",
    "/home/john-lu/Desktop/smt-select/data/features/desc/setfit_mpnet/QF_BV/seed0/features.csv"
  ],
  "feature_csv_path_per_seed": true,
  "seeds": [
    {
      "seed": 0,
      "train_size": 8027,
      "test_size": 2676,
      "train_metrics": {
        "total_count": 8027,
        "solved": 7913,
        "avg_par2": 45.38860416066422,
        "sbs_solved": 7864,
        "sbs_avg_par2": 61.77599266787249,
        "vbs_solved": 7918,
        "vbs_avg_par2": 41.85153200714887,
        "gap_cls_solved": 0.9074074074074074,
        "gap_cls_par2": 0.822475889624061
      },
      "test_metrics": {
        "total_count": 2676,
        "solved": 2635,
        "avg_par2": 48.47685576677535,
        "sbs_solved": 2625,
        "sbs_avg_par2": 58.10378827141716,
        "vbs_solved": 2642,
        "vbs_avg_par2": 40.25809746050704,
        "gap_cls_solved": 0.5882352941176471,
        "gap_cls_par2": 0.5394541800957516
      }
    },
    {
      "seed": 10,
      "train_size": 8027,
      "test_size": 2676,
      "train_metrics": {
        "total_count": 8027,
        "solved": 7909,
        "avg_par2": 47.08541388202175,
        "sbs_solved": 7865,
        "sbs_avg_par2": 61.78417641632123,
        "vbs_solved": 7914,
        "vbs_avg_par2": 43.20045916735318,
        "gap_cls_solved": 0.8979591836734694,
        "gap_cls_par2": 0.7909484597391677
      },
      "test_metrics": {
        "total_count": 2676,
        "solved": 2639,
        "avg_par2": 43.57098857389577,
        "sbs_solved": 2627,
        "sbs_avg_par2": 57.66332678096884,
        "vbs_solved": 2646,
        "vbs_avg_par2": 36.211820063287306,
        "gap_cls_solved": 0.631578947368421,
        "gap_cls_par2": 0.6569393186473645
      }
    },
    {
      "seed": 20,
      "train_size": 8027,
      "test_size": 2676,
      "train_metrics": {
        "total_count": 8027,
        "solved": 7916,
        "avg_par2": 44.17193215830916,
        "sbs_solved": 7865,
        "sbs_avg_par2": 60.975859810918074,
        "vbs_solved": 7921,
        "vbs_avg_par2": 40.68144053542927,
        "gap_cls_solved": 0.9107142857142857,
        "gap_cls_par2": 0.828007316913195
      },
      "test_metrics": {
        "total_count": 2676,
        "solved": 2634,
        "avg_par2": 50.02002473853835,
        "sbs_solved": 2624,
        "sbs_avg_par2": 60.50388783897062,
        "vbs_solved": 2639,
        "vbs_avg_par2": 43.76793462175265,
        "gap_cls_solved": 0.6666666666666666,
        "gap_cls_par2": 0.6264276055484223
      }
    },
    {
      "seed": 30,
      "train_size": 8027,
      "test_size": 2676,
      "train_metrics": {
        "total_count": 8027,
        "solved": 7922,
        "avg_par2": 42.704321468172324,
        "sbs_solved": 7870,
        "sbs_avg_par2": 59.73287903806865,
        "vbs_solved": 7928,
        "vbs_avg_par2": 38.991442906889496,
        "gap_cls_solved": 0.896551724137931,
        "gap_cls_par2": 0.8209922139527496
      },
      "test_metrics": {
        "total_count": 2676,
        "solved": 2626,
        "avg_par2": 56.008048843698965,
        "sbs_solved": 2619,
        "sbs_avg_par2": 64.2323656654513,
        "vbs_solved": 2632,
        "vbs_avg_par2": 48.837295968646785,
        "gap_cls_solved": 0.5384615384615384,
        "gap_cls_par2": 0.5342175763880703
      }
    },
    {
      "seed": 40,
      "train_size": 8027,
      "test_size": 2676,
      "train_metrics": {
        "total_count": 8027,
        "solved": 7919,
        "avg_par2": 43.43485211486047,
        "sbs_solved": 7868,
        "sbs_avg_par2": 59.7629644565803,
        "vbs_solved": 7924,
        "vbs_avg_par2": 40.0005839586007,
        "gap_cls_solved": 0.9107142857142857,
        "gap_cls_par2": 0.8262219393756298
      },
      "test_metrics": {
        "total_count": 2676,
        "solved": 2630,
        "avg_par2": 54.438617849351886,
        "sbs_solved": 2621,
        "sbs_avg_par2": 64.14212065259892,
        "vbs_solved": 2636,
        "vbs_avg_par2": 45.810249921529525,
        "gap_cls_solved": 0.6,
        "gap_cls_par2": 0.5293241996738092
      }
    }
  ],
  "aggregated": {
    "train": {
      "gap_cls_solved_mean": 0.9046693773294759,
      "gap_cls_solved_std": 0.006188725809218789,
      "gap_cls_par2_mean": 0.8177291639209606,
      "gap_cls_par2_std": 0.013624629761856568
    },
    "test": {
      "gap_cls_solved_mean": 0.6049884893228545,
      "gap_cls_solved_std": 0.042994510779260545,
      "gap_cls_par2_mean": 0.5772725760706836,
      "gap_cls_par2_std": 0.05356494687128781
    }
  }
}