{
  "division": "QF_BV",
  "n_seeds": 5,
  "seed_values": [
    0,
    10,
    20,
    30,
    40
  ],
  "model_type": "SVM",
  "splits_dir": "/home/john-lu/Desktop/smt-select/data/cp26/performance_splits/smtcomp24/QF_BV",
  "feature_csv_path": [
    "data/features/smtlib_desc/all-mpnet-base-v2/QF_BV.csv"
  ],
  "seeds": [
    {
      "seed": 0,
      "train_size": 8027,
      "test_size": 2676,
      "train_metrics": {
        "solved": 7910,
        "avg_par2": 47.32115407928693,
        "sbs_name": "Bitwuzla",
        "sbs_solved": 7864,
        "sbs_avg_par2": 61.77599266787249,
        "vbs_solved": 7918,
        "vbs_avg_par2": 41.85153200714887,
        "gap_cls_solved": 0.8518518518518519,
        "gap_cls_par2": 0.7254820511693885
      },
      "test_metrics": {
        "solved": 2635,
        "avg_par2": 48.72819563700093,
        "sbs_name": "Bitwuzla",
        "sbs_solved": 2625,
        "sbs_avg_par2": 58.10378827141716,
        "vbs_solved": 2642,
        "vbs_avg_par2": 40.25809746050704,
        "gap_cls_solved": 0.5882352941176471,
        "gap_cls_par2": 0.5253701150467304
      }
    },
    {
      "seed": 10,
      "train_size": 8027,
      "test_size": 2676,
      "train_metrics": {
        "solved": 7905,
        "avg_par2": 48.9492944871842,
        "sbs_name": "Bitwuzla",
        "sbs_solved": 7865,
        "sbs_avg_par2": 61.78417641632123,
        "vbs_solved": 7914,
        "vbs_avg_par2": 43.20045916735318,
        "gap_cls_solved": 0.8163265306122449,
        "gap_cls_par2": 0.690652023875888
      },
      "test_metrics": {
        "solved": 2641,
        "avg_par2": 42.857973176940064,
        "sbs_name": "STP",
        "sbs_solved": 2627,
        "sbs_avg_par2": 57.66332678096884,
        "vbs_solved": 2646,
        "vbs_avg_par2": 36.211820063287306,
        "gap_cls_solved": 0.7368421052631579,
        "gap_cls_par2": 0.6901777949157004
      }
    },
    {
      "seed": 20,
      "train_size": 8027,
      "test_size": 2676,
      "train_metrics": {
        "solved": 7914,
        "avg_par2": 46.00612449304946,
        "sbs_name": "Bitwuzla",
        "sbs_solved": 7865,
        "sbs_avg_par2": 60.975859810918074,
        "vbs_solved": 7921,
        "vbs_avg_par2": 40.68144053542927,
        "gap_cls_solved": 0.875,
        "gap_cls_par2": 0.7376281683481704
      },
      "test_metrics": {
        "solved": 2633,
        "avg_par2": 51.065469504123456,
        "sbs_name": "Bitwuzla",
        "sbs_solved": 2624,
        "sbs_avg_par2": 60.50388783897062,
        "vbs_solved": 2639,
        "vbs_avg_par2": 43.76793462175265,
        "gap_cls_solved": 0.6,
        "gap_cls_par2": 0.5639606069845432
      }
    },
    {
      "seed": 30,
      "train_size": 8027,
      "test_size": 2676,
      "train_metrics": {
        "solved": 7917,
        "avg_par2": 45.11077426765114,
        "sbs_name": "Bitwuzla",
        "sbs_solved": 7870,
        "sbs_avg_par2": 59.73287903806865,
        "vbs_solved": 7928,
        "vbs_avg_par2": 38.991442906889496,
        "gap_cls_solved": 0.8103448275862069,
        "gap_cls_par2": 0.7049707010613948
      },
      "test_metrics": {
        "solved": 2627,
        "avg_par2": 56.19665972210172,
        "sbs_name": "Bitwuzla",
        "sbs_solved": 2619,
        "sbs_avg_par2": 64.2323656654513,
        "vbs_solved": 2632,
        "vbs_avg_par2": 48.837295968646785,
        "gap_cls_solved": 0.6153846153846154,
        "gap_cls_par2": 0.5219661944770223
      }
    },
    {
      "seed": 40,
      "train_size": 8027,
      "test_size": 2676,
      "train_metrics": {
        "solved": 7915,
        "avg_par2": 45.20075440973125,
        "sbs_name": "Bitwuzla",
        "sbs_solved": 7868,
        "sbs_avg_par2": 59.7629644565803,
        "vbs_solved": 7924,
        "vbs_avg_par2": 40.0005839586007,
        "gap_cls_solved": 0.8392857142857143,
        "gap_cls_par2": 0.7368651791892079
      },
      "test_metrics": {
        "solved": 2629,
        "avg_par2": 55.422809132994054,
        "sbs_name": "Bitwuzla",
        "sbs_solved": 2621,
        "sbs_avg_par2": 64.14212065259892,
        "vbs_solved": 2636,
        "vbs_avg_par2": 45.810249921529525,
        "gap_cls_solved": 0.5333333333333333,
        "gap_cls_par2": 0.47563675565457264
      }
    }
  ],
  "aggregated": {
    "train": {
      "gap_cls_solved_mean": 0.8385617848672036,
      "gap_cls_solved_std": 0.023645281500982936,
      "gap_cls_par2_mean": 0.7191196247288099,
      "gap_cls_par2_std": 0.018485387199061388
    },
    "test": {
      "gap_cls_solved_mean": 0.6147590696197507,
      "gap_cls_solved_std": 0.06701664007114232,
      "gap_cls_par2_mean": 0.5554222934157138,
      "gap_cls_par2_std": 0.072965915330192
    }
  }
}