{
  "n_splits": 4,
  "n_instances": 5023,
  "model_type": "SVM",
  "folds_dir": "data/perf_data/folds/UFNIA",
  "feature_csv_path": "data/features/path_emb/all_mpnet_base_v2/UFNIA.csv",
  "folds": [
    {
      "fold": 1,
      "train_size": 3767,
      "test_size": 1256,
      "train_metrics": {
        "total_instances": 3767,
        "solved": 2253,
        "solve_rate": 59.808866471993625,
        "avg_par2": 998.7045080979884,
        "sbs_name": "cvc5",
        "sbs_solved": 2203,
        "sbs_solve_rate": 58.48155030528272,
        "sbs_avg_par2": 1030.3522538040027,
        "vbs_solved": 2253,
        "vbs_solve_rate": 59.808866471993625,
        "vbs_avg_par2": 998.1763156709371,
        "gap_cls_solved": 1.0,
        "gap_cls_par2": 0.9835842415886392
      },
      "test_metrics": {
        "total_instances": 1256,
        "solved": 737,
        "solve_rate": 58.67834394904459,
        "avg_par2": 1024.9939352873896,
        "sbs_name": "cvc5",
        "sbs_solved": 743,
        "sbs_solve_rate": 59.15605095541401,
        "sbs_avg_par2": 1015.9259653061569,
        "vbs_solved": 753,
        "vbs_solve_rate": 59.952229299363054,
        "vbs_avg_par2": 992.6894929228075,
        "gap_cls_solved": -0.6,
        "gap_cls_par2": -0.39024727297808876
      }
    },
    {
      "fold": 2,
      "train_size": 3767,
      "test_size": 1256,
      "train_metrics": {
        "total_instances": 3767,
        "solved": 2248,
        "solve_rate": 59.67613485532254,
        "avg_par2": 1001.5993728605705,
        "sbs_name": "cvc5",
        "sbs_solved": 2211,
        "sbs_solve_rate": 58.693920891956466,
        "sbs_avg_par2": 1026.7160563484888,
        "vbs_solved": 2248,
        "vbs_solve_rate": 59.67613485532254,
        "vbs_avg_par2": 1001.1611010856225,
        "gap_cls_solved": 1.0,
        "gap_cls_par2": 0.9828498320407991
      },
      "test_metrics": {
        "total_instances": 1256,
        "solved": 737,
        "solve_rate": 58.67834394904459,
        "avg_par2": 1022.791621593323,
        "sbs_name": "cvc5",
        "sbs_solved": 735,
        "sbs_solve_rate": 58.51910828025477,
        "sbs_avg_par2": 1026.8316626110384,
        "vbs_solved": 758,
        "vbs_solve_rate": 60.35031847133758,
        "vbs_avg_par2": 983.7375131002618,
        "gap_cls_solved": 0.08695652173913043,
        "gap_cls_par2": 0.09374917624734758
      }
    },
    {
      "fold": 3,
      "train_size": 3767,
      "test_size": 1256,
      "train_metrics": {
        "total_instances": 3767,
        "solved": 2251,
        "solve_rate": 59.7557738253252,
        "avg_par2": 999.2197361367347,
        "sbs_name": "cvc5",
        "sbs_solved": 2203,
        "sbs_solve_rate": 58.48155030528272,
        "sbs_avg_par2": 1031.2871364571993,
        "vbs_solved": 2251,
        "vbs_solve_rate": 59.7557738253252,
        "vbs_avg_par2": 998.9003883136314,
        "gap_cls_solved": 1.0,
        "gap_cls_par2": 0.9901395527057045
      },
      "test_metrics": {
        "total_instances": 1256,
        "solved": 743,
        "solve_rate": 59.15605095541401,
        "avg_par2": 1013.6874311079172,
        "sbs_name": "cvc5",
        "sbs_solved": 743,
        "sbs_solve_rate": 59.15605095541401,
        "sbs_avg_par2": 1013.1220616798942,
        "vbs_solved": 755,
        "vbs_solve_rate": 60.11146496815286,
        "vbs_avg_par2": 990.5178514856824,
        "gap_cls_solved": 0.0,
        "gap_cls_par2": -0.025011686901044303
      }
    },
    {
      "fold": 4,
      "train_size": 3768,
      "test_size": 1255,
      "train_metrics": {
        "total_instances": 3768,
        "solved": 2266,
        "solve_rate": 60.1380042462845,
        "avg_par2": 989.2919305526887,
        "sbs_name": "cvc5",
        "sbs_solved": 2221,
        "sbs_solve_rate": 58.94373673036093,
        "sbs_avg_par2": 1018.6265631990286,
        "vbs_solved": 2266,
        "vbs_solve_rate": 60.1380042462845,
        "vbs_avg_par2": 988.9816191695832,
        "gap_cls_solved": 1.0,
        "gap_cls_par2": 0.9895324011137523
      },
      "test_metrics": {
        "total_instances": 1255,
        "solved": 728,
        "solve_rate": 58.00796812749004,
        "avg_par2": 1046.5832007479194,
        "sbs_name": "cvc5",
        "sbs_solved": 725,
        "sbs_solve_rate": 57.76892430278885,
        "sbs_avg_par2": 1051.11957160978,
        "vbs_solved": 740,
        "vbs_solve_rate": 58.964143426294825,
        "vbs_avg_par2": 1020.2911898107383,
        "gap_cls_solved": 0.2,
        "gap_cls_par2": 0.14714917219565649
      }
    }
  ],
  "aggregated": {
    "test_solve_rate_mean": 58.630176745248306,
    "test_solve_rate_std": 0.4087564702769738,
    "test_avg_par2_mean": 1027.0140471841373,
    "test_avg_par2_std": 12.067106086290922,
    "test_sbs_solve_rate_mean": 58.650033623467905,
    "test_sbs_solve_rate_std": 0.5713147470840171,
    "test_sbs_avg_par2_mean": 1026.7498153017173,
    "test_sbs_avg_par2_std": 14.973001694716329,
    "test_vbs_solve_rate_mean": 59.84453904128708,
    "test_vbs_solve_rate_std": 0.5276731736779464,
    "test_vbs_avg_par2_mean": 996.8090118298725,
    "test_vbs_avg_par2_std": 13.95372617139636,
    "test_gap_cls_solved_mean": -0.07826086956521737,
    "test_gap_cls_solved_std": 0.3094601678134651,
    "test_gap_cls_par2_mean": -0.043590152859032255,
    "test_gap_cls_par2_std": 0.20961864168550154,
    "train_solve_rate_mean": 59.84469484973147,
    "train_solve_rate_std": 0.17580777503727596,
    "train_avg_par2_mean": 997.2038869119956,
    "train_avg_par2_std": 4.696670687743306,
    "train_sbs_solve_rate_mean": 58.65018955822071,
    "train_sbs_solve_rate_std": 0.19036856823330772,
    "train_sbs_avg_par2_mean": 1026.7455024521798,
    "train_sbs_avg_par2_std": 4.988815902065507,
    "train_vbs_solve_rate_mean": 59.84469484973147,
    "train_vbs_solve_rate_std": 0.17580777503727596,
    "train_vbs_avg_par2_mean": 996.8048560599435,
    "train_vbs_avg_par2_std": 4.648980077857965,
    "train_gap_cls_solved_mean": 1.0,
    "train_gap_cls_solved_std": 0.0,
    "train_gap_cls_par2_mean": 0.9865265068622238,
    "train_gap_cls_par2_std": 0.003326573432268757
  }
}