{
  "division": "QF_SLIA",
  "n_seeds": 5,
  "seed_values": [
    0,
    10,
    20,
    30,
    40
  ],
  "model_type": "fusion_pwc",
  "splits_dir": "/home/john-lu/Desktop/smt-select/data/cp26/performance_splits/smtcomp24/QF_SLIA",
  "benchmark_root": "/home/john-lu/Desktop/smt_data/smtlib25/non-incremental",
  "seeds": [
    {
      "seed": 0,
      "train_size": 17791,
      "test_size": 5931,
      "train_metrics": {
        "total_count": 17791,
        "solved": 17772,
        "avg_par2": 4.5280997971884425,
        "sbs_solved": 17469,
        "sbs_avg_par2": 44.65992063788583,
        "vbs_solved": 17774,
        "vbs_avg_par2": 4.040609480991914,
        "gap_cls_solved": 0.9934426229508196,
        "gap_cls_par2": 0.9879985577718543
      },
      "test_metrics": {
        "total_count": 5931,
        "solved": 5921,
        "avg_par2": 6.537691868868645,
        "sbs_solved": 5807,
        "sbs_avg_par2": 51.47958290425829,
        "vbs_solved": 5926,
        "vbs_avg_par2": 4.233040090213708,
        "gap_cls_solved": 0.957983193277311,
        "gap_cls_par2": 0.9512207319014704
      }
    },
    {
      "seed": 10,
      "train_size": 17791,
      "test_size": 5931,
      "train_metrics": {
        "total_count": 17791,
        "solved": 17772,
        "avg_par2": 4.6519298454680165,
        "sbs_solved": 17471,
        "sbs_avg_par2": 44.37160102340151,
        "vbs_solved": 17774,
        "vbs_avg_par2": 4.118191644449987,
        "gap_cls_solved": 0.9933993399339934,
        "gap_cls_par2": 0.9867405467200718
      },
      "test_metrics": {
        "total_count": 5931,
        "solved": 5919,
        "avg_par2": 7.011605677414257,
        "sbs_solved": 5805,
        "sbs_avg_par2": 52.344444523089955,
        "vbs_solved": 5926,
        "vbs_avg_par2": 4.000319761418804,
        "gap_cls_solved": 0.9421487603305785,
        "gap_cls_par2": 0.9377114399972981
      }
    },
    {
      "seed": 20,
      "train_size": 17791,
      "test_size": 5931,
      "train_metrics": {
        "total_count": 17791,
        "solved": 17771,
        "avg_par2": 4.952732613261392,
        "sbs_solved": 17454,
        "sbs_avg_par2": 46.47006104267027,
        "vbs_solved": 17772,
        "vbs_avg_par2": 4.49120287077834,
        "gap_cls_solved": 0.9968553459119497,
        "gap_cls_par2": 0.9890056623123665
      },
      "test_metrics": {
        "total_count": 5931,
        "solved": 5921,
        "avg_par2": 6.1999684732357245,
        "sbs_solved": 5822,
        "sbs_avg_par2": 46.04977208963684,
        "vbs_solved": 5928,
        "vbs_avg_par2": 2.8814118660204353,
        "gap_cls_solved": 0.9339622641509434,
        "gap_cls_par2": 0.9231252567847185
      }
    },
    {
      "seed": 30,
      "train_size": 17791,
      "test_size": 5931,
      "train_metrics": {
        "total_count": 17791,
        "solved": 17773,
        "avg_par2": 4.640373229464008,
        "sbs_solved": 17458,
        "sbs_avg_par2": 46.17579783379222,
        "vbs_solved": 17775,
        "vbs_avg_par2": 4.124909975178831,
        "gap_cls_solved": 0.9936908517350158,
        "gap_cls_par2": 0.9877419174591912
      },
      "test_metrics": {
        "total_count": 5931,
        "solved": 5921,
        "avg_par2": 6.017656299047312,
        "sbs_solved": 5818,
        "sbs_avg_par2": 46.93246248740271,
        "vbs_solved": 5925,
        "vbs_avg_par2": 3.980167034729063,
        "gap_cls_solved": 0.9626168224299065,
        "gap_cls_par2": 0.9525639027473346
      }
    },
    {
      "seed": 40,
      "train_size": 17791,
      "test_size": 5931,
      "train_metrics": {
        "total_count": 17791,
        "solved": 17775,
        "avg_par2": 4.260599218638921,
        "sbs_solved": 17461,
        "sbs_avg_par2": 45.611314943571195,
        "vbs_solved": 17776,
        "vbs_avg_par2": 3.966576320268525,
        "gap_cls_solved": 0.9968253968253968,
        "gap_cls_par2": 0.9929397348118815
      },
      "test_metrics": {
        "total_count": 5931,
        "solved": 5915,
        "avg_par2": 8.427791379819976,
        "sbs_solved": 5815,
        "sbs_avg_par2": 48.625720808077496,
        "vbs_solved": 5924,
        "vbs_avg_par2": 4.455114607568255,
        "gap_cls_solved": 0.9174311926605505,
        "gap_cls_par2": 0.9100606237048674
      }
    }
  ],
  "aggregated": {
    "train": {
      "gap_cls_solved_mean": 0.9948427114714351,
      "gap_cls_solved_std": 0.0016341412862417777,
      "gap_cls_par2_mean": 0.9888852838150731,
      "gap_cls_par2_std": 0.0021515822445024365
    },
    "test": {
      "gap_cls_solved_mean": 0.942828446569858,
      "gap_cls_solved_std": 0.01640327916697621,
      "gap_cls_par2_mean": 0.9349363910271379,
      "gap_cls_par2_std": 0.01638240834497852
    }
  }
}