{
  "division": "QF_LIA",
  "n_seeds": 5,
  "seed_values": [
    0,
    10,
    20,
    30,
    40
  ],
  "model_type": "gin_pwc_fb",
  "splits_dir": "/home/john-lu/Desktop/smt-select/data/cp26/performance_splits/smtcomp24/QF_LIA",
  "benchmark_root": "/home/john-lu/Desktop/smt_data/smtlib25/non-incremental",
  "seeds": [
    {
      "seed": 0,
      "train_size": 3618,
      "test_size": 1207,
      "train_metrics": {
        "total_count": 3618,
        "solved": 3534,
        "avg_par2": 66.35409868471551,
        "sbs_solved": 3390,
        "sbs_avg_par2": 211.21875675864814,
        "vbs_solved": 3544,
        "vbs_avg_par2": 57.76171831546939,
        "gap_cls_solved": 0.935064935064935,
        "gap_cls_par2": 0.9440079095985703
      },
      "test_metrics": {
        "total_count": 1207,
        "solved": 1179,
        "avg_par2": 66.59579980519511,
        "sbs_solved": 1124,
        "sbs_avg_par2": 221.90117742543984,
        "vbs_solved": 1182,
        "vbs_avg_par2": 56.74290921905257,
        "gap_cls_solved": 0.9482758620689655,
        "gap_cls_par2": 0.9403427349224196
      }
    },
    {
      "seed": 10,
      "train_size": 3618,
      "test_size": 1207,
      "train_metrics": {
        "total_count": 3618,
        "solved": 3535,
        "avg_par2": 65.88834194622652,
        "sbs_solved": 3385,
        "sbs_avg_par2": 214.80620765811412,
        "vbs_solved": 3543,
        "vbs_avg_par2": 57.38506665321782,
        "gap_cls_solved": 0.9493670886075949,
        "gap_cls_par2": 0.9459839050922377
      },
      "test_metrics": {
        "total_count": 1207,
        "solved": 1178,
        "avg_par2": 67.44639742673755,
        "sbs_solved": 1129,
        "sbs_avg_par2": 211.14774134071087,
        "vbs_solved": 1183,
        "vbs_avg_par2": 57.871928037632664,
        "gap_cls_solved": 0.9074074074074074,
        "gap_cls_par2": 0.9375343755627451
      }
    },
    {
      "seed": 20,
      "train_size": 3618,
      "test_size": 1207,
      "train_metrics": {
        "total_count": 3618,
        "solved": 3538,
        "avg_par2": 62.65951691542583,
        "sbs_solved": 3384,
        "sbs_avg_par2": 215.0290765680648,
        "vbs_solved": 3546,
        "vbs_avg_par2": 55.23112424398988,
        "gap_cls_solved": 0.9506172839506173,
        "gap_cls_par2": 0.9535138431788478
      },
      "test_metrics": {
        "total_count": 1207,
        "solved": 1173,
        "avg_par2": 80.67347978384203,
        "sbs_solved": 1130,
        "sbs_avg_par2": 210.47968855181145,
        "vbs_solved": 1180,
        "vbs_avg_par2": 64.32840163878153,
        "gap_cls_solved": 0.86,
        "gap_cls_par2": 0.8881632964697262
      }
    },
    {
      "seed": 30,
      "train_size": 3618,
      "test_size": 1207,
      "train_metrics": {
        "total_count": 3618,
        "solved": 3538,
        "avg_par2": 62.988730264932514,
        "sbs_solved": 3386,
        "sbs_avg_par2": 210.82636253598452,
        "vbs_solved": 3548,
        "vbs_avg_par2": 54.73785351010224,
        "gap_cls_solved": 0.9382716049382716,
        "gap_cls_par2": 0.9471397554738502
      },
      "test_metrics": {
        "total_count": 1207,
        "solved": 1175,
        "avg_par2": 76.85564988620584,
        "sbs_solved": 1128,
        "sbs_avg_par2": 223.0773847971027,
        "vbs_solved": 1178,
        "vbs_avg_par2": 65.80698781542236,
        "gap_cls_solved": 0.94,
        "gap_cls_par2": 0.9297473505324051
      }
    },
    {
      "seed": 40,
      "train_size": 3618,
      "test_size": 1207,
      "train_metrics": {
        "total_count": 3618,
        "solved": 3527,
        "avg_par2": 71.50477731176366,
        "sbs_solved": 3370,
        "sbs_avg_par2": 224.3013800742982,
        "vbs_solved": 3532,
        "vbs_avg_par2": 65.21746850427438,
        "gap_cls_solved": 0.9691358024691358,
        "gap_cls_par2": 0.9604780348594724
      },
      "test_metrics": {
        "total_count": 1207,
        "solved": 1190,
        "avg_par2": 44.36769076514259,
        "sbs_solved": 1144,
        "sbs_avg_par2": 182.68582435499917,
        "vbs_solved": 1194,
        "vbs_avg_par2": 34.394189928997484,
        "gap_cls_solved": 0.92,
        "gap_cls_par2": 0.9327440089607892
      }
    }
  ],
  "aggregated": {
    "train": {
      "gap_cls_solved_mean": 0.9484913430061109,
      "gap_cls_solved_std": 0.011968222409001594,
      "gap_cls_par2_mean": 0.9502246896405957,
      "gap_cls_par2_std": 0.0060348826942257655
    },
    "test": {
      "gap_cls_solved_mean": 0.9151366538952747,
      "gap_cls_solved_std": 0.03111217474647004,
      "gap_cls_par2_mean": 0.925706353289617,
      "gap_cls_par2_std": 0.0191283305577795
    }
  }
}