{
  "n_splits": 4,
  "n_instances": 2482,
  "fusion_method": "fixed_alpha",
  "model_type": "Fusion_SVM_fixed_alpha",
  "folds_dir": "data/perf_data/folds/QF_NRA",
  "feature_csv_synt": "data/features/syntactic/catalog0/QF_NRA.CSV",
  "feature_csv_desc": "data/features/native_desc/all_mpnet_base_v2/QF_NRA.csv",
  "alpha_candidates": [
    0.0,
    0.05,
    0.1,
    0.15,
    0.2,
    0.25,
    0.3,
    0.35,
    0.4,
    0.45,
    0.5,
    0.55,
    0.6,
    0.65,
    0.7,
    0.75,
    0.8,
    0.85,
    0.9,
    0.95,
    1.0
  ],
  "folds": [
    {
      "fold": 1,
      "train_size": 1861,
      "test_size": 621,
      "best_alpha": 0.75,
      "alpha_tuning_results": {
        "0.0": 0.6490135420922675,
        "0.05": 0.6490072569248706,
        "0.1": 0.6490962208086892,
        "0.15": 0.6491735564605435,
        "0.2": 0.6674817676549232,
        "0.25": 0.6675753142230371,
        "0.3": 0.69662853615147,
        "0.35": 0.709477081490014,
        "0.4": 0.7096521207795139,
        "0.45": 0.7100405383201234,
        "0.5": 0.7122981752876586,
        "0.55": 0.7118314821138236,
        "0.6": 0.7119531062939509,
        "0.65": 0.7114901755447566,
        "0.7": 0.7367068722196474,
        "0.75": 0.7636853922973864,
        "0.8": 0.6598170855443195,
        "0.85": 0.6075640156727312,
        "0.9": 0.5987368214552389,
        "0.95": 0.5786357597856547,
        "1.0": 0.5429767381105376
      },
      "train_metrics": {
        "total_instances": 1861,
        "solved": 1747,
        "solve_rate": 93.8742611499194,
        "avg_par2": 165.44277172278325,
        "sbs_name": "Z3alpha",
        "sbs_solved": 1691,
        "sbs_solve_rate": 90.8651262761956,
        "sbs_avg_par2": 234.63610802478345,
        "vbs_solved": 1758,
        "vbs_solve_rate": 94.46534121440085,
        "vbs_avg_par2": 144.03160386653755,
        "gap_cls_solved": 0.835820895522388,
        "gap_cls_par2": 0.7636853922973864
      },
      "test_metrics": {
        "total_instances": 621,
        "solved": 573,
        "solve_rate": 92.27053140096618,
        "avg_par2": 199.044186579543,
        "sbs_name": "Z3alpha",
        "sbs_solved": 563,
        "sbs_solve_rate": 90.66022544283415,
        "sbs_avg_par2": 243.77966070037502,
        "vbs_solved": 585,
        "vbs_solve_rate": 94.20289855072464,
        "vbs_avg_par2": 147.65383010768562,
        "gap_cls_solved": 0.45454545454545453,
        "gap_cls_par2": 0.46538452614665105
      }
    },
    {
      "fold": 2,
      "train_size": 1861,
      "test_size": 621,
      "best_alpha": 0.75,
      "alpha_tuning_results": {
        "0.0": 0.5938349844025528,
        "0.05": 0.5939273015566456,
        "0.1": 0.5939930538869205,
        "0.15": 0.5944259403997633,
        "0.2": 0.5995223691550107,
        "0.25": 0.6163390308784913,
        "0.3": 0.6182386062781867,
        "0.35": 0.6586356585789497,
        "0.4": 0.6513707625643603,
        "0.45": 0.6532416699933711,
        "0.5": 0.6534811650948095,
        "0.55": 0.6536998022403799,
        "0.6": 0.6418894210762114,
        "0.65": 0.6571491127801008,
        "0.7": 0.6446930313662911,
        "0.75": 0.6912516125451443,
        "0.8": 0.6820084170886518,
        "0.85": 0.6666511750832708,
        "0.9": 0.601373415065367,
        "0.95": 0.6137763017066156,
        "1.0": 0.6089207197810771
      },
      "train_metrics": {
        "total_instances": 1861,
        "solved": 1743,
        "solve_rate": 93.65932294465341,
        "avg_par2": 166.32666187656756,
        "sbs_name": "Z3alpha",
        "sbs_solved": 1698,
        "sbs_solve_rate": 91.24126813541108,
        "sbs_avg_par2": 226.3505737007955,
        "vbs_solved": 1760,
        "vbs_solve_rate": 94.57281031703386,
        "vbs_avg_par2": 139.5169074425372,
        "gap_cls_solved": 0.7258064516129032,
        "gap_cls_par2": 0.6912516125451443
      },
      "test_metrics": {
        "total_instances": 621,
        "solved": 575,
        "solve_rate": 92.5925925925926,
        "avg_par2": 196.7221405875817,
        "sbs_name": "Z3alpha",
        "sbs_solved": 556,
        "sbs_solve_rate": 89.5330112721417,
        "sbs_avg_par2": 268.6095791817622,
        "vbs_solved": 583,
        "vbs_solve_rate": 93.88083735909822,
        "vbs_avg_par2": 161.18337929458508,
        "gap_cls_solved": 0.7037037037037037,
        "gap_cls_par2": 0.6691797594039377
      }
    },
    {
      "fold": 3,
      "train_size": 1862,
      "test_size": 620,
      "best_alpha": 0.8,
      "alpha_tuning_results": {
        "0.0": 0.6563817717649543,
        "0.05": 0.6563817717649543,
        "0.1": 0.6520156113937096,
        "0.15": 0.6520156113937096,
        "0.2": 0.6530223313396134,
        "0.25": 0.6533319246349383,
        "0.3": 0.6672421025530311,
        "0.35": 0.6701212845917354,
        "0.4": 0.6843069145748103,
        "0.45": 0.6848834638365635,
        "0.5": 0.6861902438478811,
        "0.55": 0.6983692168209881,
        "0.6": 0.7097910439369346,
        "0.65": 0.6921189523487962,
        "0.7": 0.7016850408621209,
        "0.75": 0.7127440123893921,
        "0.8": 0.7163731542013355,
        "0.85": 0.6971501628300596,
        "0.9": 0.6364323201975707,
        "0.95": 0.6227946214463749,
        "1.0": 0.5936492524795558
      },
      "train_metrics": {
        "total_instances": 1862,
        "solved": 1736,
        "solve_rate": 93.23308270676691,
        "avg_par2": 180.57244798552824,
        "sbs_name": "Z3alpha",
        "sbs_solved": 1681,
        "sbs_solve_rate": 90.27926960257787,
        "sbs_avg_par2": 250.54956717989668,
        "vbs_solved": 1752,
        "vbs_solve_rate": 94.09237379162191,
        "vbs_avg_par2": 152.8670691912835,
        "gap_cls_solved": 0.7746478873239436,
        "gap_cls_par2": 0.7163731542013355
      },
      "test_metrics": {
        "total_instances": 620,
        "solved": 578,
        "solve_rate": 93.2258064516129,
        "avg_par2": 175.54132284923924,
        "sbs_name": "Z3alpha",
        "sbs_solved": 573,
        "sbs_solve_rate": 92.41935483870968,
        "sbs_avg_par2": 196.0026971614307,
        "vbs_solved": 591,
        "vbs_solve_rate": 95.3225806451613,
        "vbs_avg_par2": 121.12477493278904,
        "gap_cls_solved": 0.2777777777777778,
        "gap_cls_par2": 0.2732631155243881
      }
    },
    {
      "fold": 4,
      "train_size": 1862,
      "test_size": 620,
      "best_alpha": 0.75,
      "alpha_tuning_results": {
        "0.0": 0.6351945234718195,
        "0.05": 0.6351881156400325,
        "0.1": 0.6341612498611487,
        "0.15": 0.63949080949844,
        "0.2": 0.639576244798319,
        "0.25": 0.6403542744449737,
        "0.3": 0.6551084981150475,
        "0.35": 0.6334189948212082,
        "0.4": 0.6491900860826573,
        "0.45": 0.650544280407462,
        "0.5": 0.683197053353657,
        "0.55": 0.7063230140009525,
        "0.6": 0.7068302675898951,
        "0.65": 0.7178888975193335,
        "0.7": 0.702880073524667,
        "0.75": 0.7612206007071903,
        "0.8": 0.7225593125548568,
        "0.85": 0.7401784534669128,
        "0.9": 0.7385307728343103,
        "0.95": 0.6160807759916348,
        "1.0": 0.49367140797481773
      },
      "train_metrics": {
        "total_instances": 1862,
        "solved": 1747,
        "solve_rate": 93.82384532760473,
        "avg_par2": 165.49599375804374,
        "sbs_name": "Z3alpha",
        "sbs_solved": 1692,
        "sbs_solve_rate": 90.87003222341569,
        "sbs_avg_par2": 236.1521966739499,
        "vbs_solved": 1759,
        "vbs_solve_rate": 94.46831364124597,
        "vbs_avg_par2": 143.33258189964528,
        "gap_cls_solved": 0.8208955223880597,
        "gap_cls_par2": 0.7612206007071903
      },
      "test_metrics": {
        "total_instances": 620,
        "solved": 571,
        "solve_rate": 92.0967741935484,
        "avg_par2": 204.952505233299,
        "sbs_name": "Z3alpha",
        "sbs_solved": 562,