{
  "n_splits": 4,
  "n_instances": 5023,
  "model_type": "SVM",
  "folds_dir": "data/perf_data/folds/UFNIA",
  "feature_csv_path": [
    "data/features/path_emb/all_mpnet_base_v2/UFNIA.csv",
    "data/features/syntactic/catalog0/UFNIA.CSV"
  ],
  "folds": [
    {
      "fold": 1,
      "train_size": 3767,
      "test_size": 1256,
      "train_metrics": {
        "total_instances": 3767,
        "solved": 2253,
        "solve_rate": 59.808866471993625,
        "avg_par2": 998.6406646171235,
        "sbs_name": "cvc5",
        "sbs_solved": 2203,
        "sbs_solve_rate": 58.48155030528272,
        "sbs_avg_par2": 1030.3522538040024,
        "vbs_solved": 2253,
        "vbs_solve_rate": 59.808866471993625,
        "vbs_avg_par2": 998.1763156709351,
        "gap_cls_solved": 1.0,
        "gap_cls_par2": 0.9855684411044024
      },
      "test_metrics": {
        "total_instances": 1256,
        "solved": 735,
        "solve_rate": 58.51910828025477,
        "avg_par2": 1028.20041189097,
        "sbs_name": "cvc5",
        "sbs_solved": 743,
        "sbs_solve_rate": 59.15605095541401,
        "sbs_avg_par2": 1015.9259653061569,
        "vbs_solved": 753,
        "vbs_solve_rate": 59.952229299363054,
        "vbs_avg_par2": 992.6894929228075,
        "gap_cls_solved": -0.8,
        "gap_cls_par2": -0.5282405342046935
      }
    },
    {
      "fold": 2,
      "train_size": 3767,
      "test_size": 1256,
      "train_metrics": {
        "total_instances": 3767,
        "solved": 2248,
        "solve_rate": 59.67613485532254,
        "avg_par2": 1001.5656753861332,
        "sbs_name": "cvc5",
        "sbs_solved": 2211,
        "sbs_solve_rate": 58.693920891956466,
        "sbs_avg_par2": 1026.716056348487,
        "vbs_solved": 2248,
        "vbs_solve_rate": 59.67613485532254,
        "vbs_avg_par2": 1001.1611010856202,
        "gap_cls_solved": 1.0,
        "gap_cls_par2": 0.9841684598407078
      },
      "test_metrics": {
        "total_instances": 1256,
        "solved": 739,
        "solve_rate": 58.83757961783439,
        "avg_par2": 1020.6110536874471,
        "sbs_name": "cvc5",
        "sbs_solved": 735,
        "sbs_solve_rate": 58.51910828025477,
        "sbs_avg_par2": 1026.8316626110384,
        "vbs_solved": 758,
        "vbs_solve_rate": 60.35031847133758,
        "vbs_avg_par2": 983.7375131002618,
        "gap_cls_solved": 0.17391304347826086,
        "gap_cls_par2": 0.14434926768970538
      }
    },
    {
      "fold": 3,
      "train_size": 3767,
      "test_size": 1256,
      "train_metrics": {
        "total_instances": 3767,
        "solved": 2251,
        "solve_rate": 59.7557738253252,
        "avg_par2": 999.3774365399098,
        "sbs_name": "cvc5",
        "sbs_solved": 2203,
        "sbs_solve_rate": 58.48155030528272,
        "sbs_avg_par2": 1031.2871364571988,
        "vbs_solved": 2251,
        "vbs_solve_rate": 59.7557738253252,
        "vbs_avg_par2": 998.9003883136306,
        "gap_cls_solved": 1.0,
        "gap_cls_par2": 0.9852702647340678
      },
      "test_metrics": {
        "total_instances": 1256,
        "solved": 743,
        "solve_rate": 59.15605095541401,
        "avg_par2": 1013.8590227435619,
        "sbs_name": "cvc5",
        "sbs_solved": 743,
        "sbs_solve_rate": 59.15605095541401,
        "sbs_avg_par2": 1013.1220616798942,
        "vbs_solved": 755,
        "vbs_solve_rate": 60.11146496815286,
        "vbs_avg_par2": 990.5178514856824,
        "gap_cls_solved": 0.0,
        "gap_cls_par2": -0.03260282298456402
      }
    },
    {
      "fold": 4,
      "train_size": 3768,
      "test_size": 1255,
      "train_metrics": {
        "total_instances": 3768,
        "solved": 2266,
        "solve_rate": 60.1380042462845,
        "avg_par2": 989.2738614466984,
        "sbs_name": "cvc5",
        "sbs_solved": 2221,
        "sbs_solve_rate": 58.94373673036093,
        "sbs_avg_par2": 1018.6265631990301,
        "vbs_solved": 2266,
        "vbs_solve_rate": 60.1380042462845,
        "vbs_avg_par2": 988.9816191695824,
        "gap_cls_solved": 1.0,
        "gap_cls_par2": 0.9901419184051827
      },
      "test_metrics": {
        "total_instances": 1255,
        "solved": 727,
        "solve_rate": 57.928286852589636,
        "avg_par2": 1048.9411943741916,
        "sbs_name": "cvc5",
        "sbs_solved": 725,
        "sbs_solve_rate": 57.76892430278885,
        "sbs_avg_par2": 1051.11957160978,
        "vbs_solved": 740,
        "vbs_solve_rate": 58.964143426294825,
        "vbs_avg_par2": 1020.2911898107383,
        "gap_cls_solved": 0.13333333333333333,
        "gap_cls_par2": 0.07066142004430888
      }
    }
  ],
  "aggregated": {
    "test_solve_rate_mean": 58.61025642652321,
    "test_solve_rate_std": 0.4535851588771242,
    "test_avg_par2_mean": 1027.9029206740427,
    "test_avg_par2_std": 13.163394836994842,
    "test_sbs_solve_rate_mean": 58.650033623467905,
    "test_sbs_solve_rate_std": 0.5713147470840171,
    "test_sbs_avg_par2_mean": 1026.7498153017173,
    "test_sbs_avg_par2_std": 14.973001694716329,
    "test_vbs_solve_rate_mean": 59.84453904128708,
    "test_vbs_solve_rate_std": 0.5276731736779464,
    "test_vbs_avg_par2_mean": 996.8090118298725,
    "test_vbs_avg_par2_std": 13.95372617139636,
    "test_gap_cls_solved_mean": -0.12318840579710147,
    "test_gap_cls_solved_std": 0.396018304873122,
    "test_gap_cls_par2_mean": -0.08645816736381083,
    "test_gap_cls_par2_std": 0.26269311686501245,
    "train_solve_rate_mean": 59.84469484973147,
    "train_solve_rate_std": 0.17580777503727596,
    "train_avg_par2_mean": 997.2144094974662,
    "train_avg_par2_std": 4.708999570851533,
    "train_sbs_solve_rate_mean": 58.65018955822071,
    "train_sbs_solve_rate_std": 0.19036856823330772,
    "train_sbs_avg_par2_mean": 1026.7455024521796,
    "train_sbs_avg_par2_std": 4.988815902064765,
    "train_vbs_solve_rate_mean": 59.84469484973147,
    "train_vbs_solve_rate_std": 0.17580777503727596,
    "train_vbs_avg_par2_mean": 996.804856059942,
    "train_vbs_avg_par2_std": 4.6489800778575265,
    "train_gap_cls_solved_mean": 1.0,
    "train_gap_cls_solved_std": 0.0,
    "train_gap_cls_par2_mean": 0.9862872710210902,
    "train_gap_cls_par2_std": 0.0022857540063824368
  }
}