{
  "n_splits": 4,
  "n_instances": 1229,
  "fusion_method": "fixed_alpha",
  "model_type": "Fusion_SVM_fixed_alpha",
  "folds_dir": "data/perf_data/folds/ALIA",
  "feature_csv_synt": "data/features/syntactic/catalog0/ALIA.CSV",
  "feature_csv_desc": "data/features/native_desc/all_mpnet_base_v2/ALIA.csv",
  "alpha_candidates": [
    0.0,
    0.05,
    0.1,
    0.15,
    0.2,
    0.25,
    0.3,
    0.35,
    0.4,
    0.45,
    0.5,
    0.55,
    0.6,
    0.65,
    0.7,
    0.75,
    0.8,
    0.85,
    0.9,
    0.95,
    1.0
  ],
  "folds": [
    {
      "fold": 1,
      "train_size": 921,
      "test_size": 308,
      "best_alpha": 1.0,
      "alpha_tuning_results": {
        "0.0": 0.06387674921312819,
        "0.05": 0.06387674921312819,
        "0.1": 0.06387674921312819,
        "0.15": 0.06387674921312819,
        "0.2": 0.06387674921312819,
        "0.25": 0.06387674921312819,
        "0.3": 0.06387674921312819,
        "0.35": 0.06387674921312819,
        "0.4": 0.06387674921312819,
        "0.45": 0.06387674921312819,
        "0.5": 0.06387674921312819,
        "0.55": 0.06387674921312819,
        "0.6": 0.06387674921312819,
        "0.65": 0.06387674921312819,
        "0.7": 0.11186354607611186,
        "0.75": 0.19280534641088343,
        "0.8": 0.23762969195527522,
        "0.85": 0.3185950502763626,
        "0.9": 0.47921629850040875,
        "0.95": 0.9784411520582832,
        "1.0": 0.9798218330975411
      },
      "train_metrics": {
        "total_instances": 921,
        "solved": 241,
        "solve_rate": 26.167209554831704,
        "avg_par2": 1792.7504606488635,
        "sbs_name": "iProver",
        "sbs_solved": 180,
        "sbs_solve_rate": 19.54397394136808,
        "sbs_avg_par2": 1953.5690891485224,
        "vbs_solved": 242,
        "vbs_solve_rate": 26.275787187839306,
        "vbs_avg_par2": 1789.4386084148384,
        "gap_cls_solved": 0.9838709677419355,
        "gap_cls_par2": 0.9798218330975411
      },
      "test_metrics": {
        "total_instances": 308,
        "solved": 67,
        "solve_rate": 21.753246753246753,
        "avg_par2": 1885.2171181871256,
        "sbs_name": "cvc5",
        "sbs_solved": 56,
        "sbs_solve_rate": 18.181818181818183,
        "sbs_avg_par2": 1969.3521766652013,
        "vbs_solved": 70,
        "vbs_solve_rate": 22.727272727272727,
        "vbs_avg_par2": 1856.3420551593606,
        "gap_cls_solved": 0.7857142857142857,
        "gap_cls_par2": 0.7444913549068908
      }
    },
    {
      "fold": 2,
      "train_size": 922,
      "test_size": 307,
      "best_alpha": 0.95,
      "alpha_tuning_results": {
        "0.0": -0.0,
        "0.05": -0.0,
        "0.1": -0.0,
        "0.15": -0.0,
        "0.2": -0.0,
        "0.25": -0.0,
        "0.3": -0.0003427571413169452,
        "0.35": 0.0365411828599289,
        "0.4": 0.09145594246193028,
        "0.45": 0.11286761706567044,
        "0.5": 0.2066249169329628,
        "0.55": 0.34686376772507765,
        "0.6": 0.41508838035414153,
        "0.65": 0.6841407238343624,
        "0.7": 0.6838484114105999,
        "0.75": 0.6376391959739345,
        "0.8": 0.6371171576948762,
        "0.85": 0.6561783365919872,
        "0.9": 0.7290907523940309,
        "0.95": 0.9963993825508861,
        "1.0": 0.9951624081310265
      },
      "train_metrics": {
        "total_instances": 922,
        "solved": 229,
        "solve_rate": 24.837310195227765,
        "avg_par2": 1818.215351112062,
        "sbs_name": "cvc5",
        "sbs_solved": 174,
        "sbs_solve_rate": 18.872017353579178,
        "sbs_avg_par2": 1958.3074398385388,
        "vbs_solved": 229,
        "vbs_solve_rate": 24.837310195227765,
        "vbs_avg_par2": 1817.7091103134578,
        "gap_cls_solved": 1.0,
        "gap_cls_par2": 0.9963993825508861
      },
      "test_metrics": {
        "total_instances": 307,
        "solved": 75,
        "solve_rate": 24.429967426710096,
        "avg_par2": 1827.7362042355924,
        "sbs_name": "iProver",
        "sbs_solved": 64,
        "sbs_solve_rate": 20.846905537459286,
        "sbs_avg_par2": 1921.2797647369055,
        "vbs_solved": 83,
        "vbs_solve_rate": 27.035830618892508,
        "vbs_avg_par2": 1771.6563896747277,
        "gap_cls_solved": 0.5789473684210527,
        "gap_cls_par2": 0.625193493078471
      }
    },
    {
      "fold": 3,
      "train_size": 922,
      "test_size": 307,
      "best_alpha": 1.0,
      "alpha_tuning_results": {
        "0.0": -0.0,
        "0.05": -0.0,
        "0.1": -0.0,
        "0.15": -0.0,
        "0.2": -0.0,
        "0.25": 0.012562851747467216,
        "0.3": 0.005764452037301493,
        "0.35": 0.05479316458593467,
        "0.4": 0.11305230655967857,
        "0.45": 0.16660249468089092,
        "0.5": 0.21974770877597455,
        "0.55": 0.26870239619640074,
        "0.6": 0.37868953361099666,
        "0.65": 0.7136070775281094,
        "0.7": 0.6821840782168069,
        "0.75": 0.6637944509300382,
        "0.8": 0.6641160649874274,
        "0.85": 0.674124803172696,
        "0.9": 0.7661220816390412,
        "0.95": 0.9921098133624823,
        "1.0": 0.9924401221537227
      },
      "train_metrics": {
        "total_instances": 922,
        "solved": 226,
        "solve_rate": 24.5119305856833,
        "avg_par2": 1823.4168312777392,
        "sbs_name": "cvc5",
        "sbs_solved": 171,
        "sbs_solve_rate": 18.546637744034708,
        "sbs_avg_par2": 1962.6144040106262,
        "vbs_solved": 226,
        "vbs_solve_rate": 24.5119305856833,
        "vbs_avg_par2": 1822.3564986462095,
        "gap_cls_solved": 1.0,
        "gap_cls_par2": 0.9924401221537227
      },
      "test_metrics": {
        "total_instances": 307,
        "solved": 76,
        "solve_rate": 24.7557003257329,
        "avg_par2": 1824.219211121409,
        "sbs_name": "iProver",
        "sbs_solved": 65,
        "sbs_solve_rate": 21.172638436482085,
        "sbs_avg_par2": 1920.6906921108964,
        "vbs_solved": 86,
        "vbs_solve_rate": 28.013029315960914,
        "vbs_avg_par2": 1757.6990866037283,
        "gap_cls_solved": 0.5238095238095238,
        "gap_cls_par2": 0.5918800584196023
      }
    },
    {
      "fold": 4,
      "train_size": 922,
      "test_size": 307,
      "best_alpha": 0.95,
      "alpha_tuning_results": {
        "0.0": 0.07330679026904136,
        "0.05": 0.07330679026904136,
        "0.1": 0.07330679026904136,
        "0.15": 0.07330679026904136,
        "0.2": 0.07330679026904136,
        "0.25": 0.07330679026904136,
        "0.3": 0.07330679026904136,
        "0.35": 0.07330679026904136,
        "0.4": 0.07330679026904136,
        "0.45": 0.07330679026904136,
        "0.5": 0.07330679026904136,
        "0.55": 0.07330679026904136,
        "0.6": 0.07330679026904136,
        "0.65": 0.09150710229938806,
        "0.7": 0.10972275891914407,
        "0.75": 0.10977999669329211,
        "0.8": 0.18372282342962523,
        "0.85": 0.2723579675719176,
        "0.9": 0.4566400951953088,
        "0.95": 0.9785931466348906,
        "1.0": 0.9780322339971785
      },
      "train_metrics": {
        "total_instances": 922,
        "solved": 238,
        "solve_rate": 25.813449023861175,
        "avg_par2": 1798.3569333285468,
        "sbs_name": "iProver",
        "sbs_solved": 185,
        "sbs_solve_rate": 20.065075921908893,
        "sbs_avg_par2": 1938.1569420349908,
        "vbs_solved": 239,
        "vbs_solve_rate": 25.92190889370933,
        "vbs_avg_par2": 1795.2987898118965,
        "gap_cls_solved": 0.9814814814814815,
        "gap_cls_par2": 0.9785931466348906
      },
      "test_metrics": {
        "total_instances": 307,
        "solved": 68,
        "solve_rate": 22.149837133550488,
        "avg_par2": 1883.3334495967272,
        "sbs_name": "cvc5",
        "sbs_solved": 59,
        "sbs_solve_rate": 19.218241042345277,
        "sbs_avg_par2": 1946.4070319564398,
        "vbs_solved": 73,
        "vbs_solve_rate": 23.778501628664493,