{
  "division": "QF_NRA",
  "n_seeds": 5,
  "seed_values": [
    0,
    10,
    20,
    30,
    40
  ],
  "model_type": "SVM",
  "splits_dir": "/home/john-lu/Desktop/smt-select/data/cp26/performance_splits/smtcomp24/QF_NRA",
  "feature_csv_path": [
    "/home/john-lu/Desktop/smt-select/data/features/syntactic/QF_NRA/features.csv",
    "/home/john-lu/Desktop/smt-select/data/features/desc/Qwen3-Embedding-0.6B/QF_NRA/features.csv"
  ],
  "seeds": [
    {
      "seed": 0,
      "train_size": 2328,
      "test_size": 776,
      "train_metrics": {
        "total_count": 2328,
        "solved": 2182,
        "avg_par2": 167.7384490067862,
        "sbs_solved": 2123,
        "sbs_avg_par2": 228.44645983119491,
        "vbs_solved": 2200,
        "vbs_avg_par2": 141.66833103795628,
        "gap_cls_solved": 0.7662337662337663,
        "gap_cls_par2": 0.6995773205602794
      },
      "test_metrics": {
        "total_count": 776,
        "solved": 715,
        "avg_par2": 205.43505131443547,
        "sbs_solved": 690,
        "sbs_avg_par2": 282.29691496267446,
        "vbs_solved": 733,
        "vbs_avg_par2": 146.11193702943822,
        "gap_cls_solved": 0.5813953488372093,
        "gap_cls_par2": 0.5643931130636156
      }
    },
    {
      "seed": 10,
      "train_size": 2328,
      "test_size": 776,
      "train_metrics": {
        "total_count": 2328,
        "solved": 2174,
        "avg_par2": 176.63379631997265,
        "sbs_solved": 2105,
        "sbs_avg_par2": 246.44067750611893,
        "vbs_solved": 2196,
        "vbs_avg_par2": 147.03318296207544,
        "gap_cls_solved": 0.7582417582417582,
        "gap_cls_par2": 0.7022295603196965
      },
      "test_metrics": {
        "total_count": 776,
        "solved": 725,
        "avg_par2": 174.91760723877817,
        "sbs_solved": 708,
        "sbs_avg_par2": 228.3142619379025,
        "vbs_solved": 737,
        "vbs_avg_par2": 130.01738125708076,
        "gap_cls_solved": 0.5862068965517241,
        "gap_cls_par2": 0.5432182011198073
      }
    },
    {
      "seed": 20,
      "train_size": 2328,
      "test_size": 776,
      "train_metrics": {
        "total_count": 2328,
        "solved": 2177,
        "avg_par2": 173.40554487224608,
        "sbs_solved": 2107,
        "sbs_avg_par2": 244.52493277170873,
        "vbs_solved": 2195,
        "vbs_avg_par2": 147.71797247858814,
        "gap_cls_solved": 0.7954545454545454,
        "gap_cls_par2": 0.7346515961674774
      },
      "test_metrics": {
        "total_count": 776,
        "solved": 725,
        "avg_par2": 176.1139759258718,
        "sbs_solved": 706,
        "sbs_avg_par2": 234.06149614113298,
        "vbs_solved": 738,
        "vbs_avg_par2": 127.96301270754263,
        "gap_cls_solved": 0.59375,
        "gap_cls_par2": 0.5461672810010705
      }
    },
    {
      "seed": 30,
      "train_size": 2328,
      "test_size": 776,
      "train_metrics": {
        "total_count": 2328,
        "solved": 2168,
        "avg_par2": 181.95455607256753,
        "sbs_solved": 2101,
        "sbs_avg_par2": 250.74497346834673,
        "vbs_solved": 2189,
        "vbs_avg_par2": 153.12528382377576,
        "gap_cls_solved": 0.7613636363636364,
        "gap_cls_par2": 0.7046776899849007
      },
      "test_metrics": {
        "total_count": 776,
        "solved": 732,
        "avg_par2": 155.0008278978372,
        "sbs_solved": 712,
        "sbs_avg_par2": 215.4013740512191,
        "vbs_solved": 744,
        "vbs_avg_par2": 111.7410786719798,
        "gap_cls_solved": 0.625,
        "gap_cls_par2": 0.5826777353123257
      }
    },
    {
      "seed": 40,
      "train_size": 2328,
      "test_size": 776,
      "train_metrics": {
        "total_count": 2328,
        "solved": 2184,
        "avg_par2": 166.20565050440334,
        "sbs_solved": 2113,
        "sbs_avg_par2": 238.19431467228736,
        "vbs_solved": 2206,
        "vbs_avg_par2": 136.00099773590352,
        "gap_cls_solved": 0.7634408602150538,
        "gap_cls_par2": 0.7044361248465744
      },
      "test_metrics": {
        "total_count": 776,
        "solved": 714,
        "avg_par2": 211.36798854536764,
        "sbs_solved": 700,
        "sbs_avg_par2": 253.05335043939718,
        "vbs_solved": 727,
        "vbs_avg_par2": 163.1139369355965,
        "gap_cls_solved": 0.5185185185185185,
        "gap_cls_par2": 0.46348269651845125
      }
    }
  ],
  "aggregated": {
    "train": {
      "gap_cls_solved_mean": 0.7689469133017519,
      "gap_cls_solved_std": 0.013508802936844798,
      "gap_cls_par2_mean": 0.7091144583757856,
      "gap_cls_par2_std": 0.01290020111402493
    },
    "test": {
      "gap_cls_solved_mean": 0.5809741527814904,
      "gap_cls_solved_std": 0.03472682755487645,
      "gap_cls_par2_mean": 0.5399878054030541,
      "gap_cls_par2_std": 0.040791426104669154
    }
  }
}