{
  "division": "QF_SLIA",
  "n_seeds": 5,
  "seed_values": [
    0,
    10,
    20,
    30,
    40
  ],
  "model_type": "SVM",
  "splits_dir": "/home/john-lu/Desktop/smt-select/data/cp26/performance_splits/smtcomp24/QF_SLIA",
  "feature_csv_path": [
    "data/features/syntactic/catalog_all/QF_SLIA.csv",
    "data/features/smtlib_desc/minilm/QF_SLIA.csv"
  ],
  "seeds": [
    {
      "seed": 0,
      "train_size": 17791,
      "test_size": 5931,
      "train_metrics": {
        "solved": 17768,
        "avg_par2": 5.343143312463736,
        "sbs_name": "Z3-Noodler",
        "sbs_solved": 17469,
        "sbs_avg_par2": 44.65992063788583,
        "vbs_solved": 17774,
        "vbs_avg_par2": 4.040609480991914,
        "gap_cls_solved": 0.980327868852459,
        "gap_cls_par2": 0.9679331383429736
      },
      "test_metrics": {
        "solved": 5920,
        "avg_par2": 6.8900042222364855,
        "sbs_name": "Z3-Noodler",
        "sbs_solved": 5807,
        "sbs_avg_par2": 51.47958290425829,
        "vbs_solved": 5926,
        "vbs_avg_par2": 4.233040090213708,
        "gap_cls_solved": 0.9495798319327731,
        "gap_cls_par2": 0.9437638401929175
      }
    },
    {
      "seed": 10,
      "train_size": 17791,
      "test_size": 5931,
      "train_metrics": {
        "solved": 17767,
        "avg_par2": 5.401111303607054,
        "sbs_name": "Z3-Noodler",
        "sbs_solved": 17471,
        "sbs_avg_par2": 44.37160102340151,
        "vbs_solved": 17774,
        "vbs_avg_par2": 4.118191644449987,
        "gap_cls_solved": 0.976897689768977,
        "gap_cls_par2": 0.9681289192903023
      },
      "test_metrics": {
        "solved": 5917,
        "avg_par2": 7.7331368251553485,
        "sbs_name": "Z3-Noodler",
        "sbs_solved": 5805,
        "sbs_avg_par2": 52.344444523089955,
        "vbs_solved": 5926,
        "vbs_avg_par2": 4.000319761418804,
        "gap_cls_solved": 0.9256198347107438,
        "gap_cls_par2": 0.9227865416503299
      }
    },
    {
      "seed": 20,
      "train_size": 17791,
      "test_size": 5931,
      "train_metrics": {
        "solved": 17771,
        "avg_par2": 5.600898583876213,
        "sbs_name": "Z3-Noodler",
        "sbs_solved": 17454,
        "sbs_avg_par2": 46.47006104267027,
        "vbs_solved": 17772,
        "vbs_avg_par2": 4.49120287077834,
        "gap_cls_solved": 0.9968553459119497,
        "gap_cls_par2": 0.9735653669150796
      },
      "test_metrics": {
        "solved": 5921,
        "avg_par2": 6.325180812074732,
        "sbs_name": "Z3-Noodler",
        "sbs_solved": 5822,
        "sbs_avg_par2": 46.04977208963684,
        "vbs_solved": 5928,
        "vbs_avg_par2": 2.8814118660204353,
        "gap_cls_solved": 0.9339622641509434,
        "gap_cls_par2": 0.9202246986400402
      }
    },
    {
      "seed": 30,
      "train_size": 17791,
      "test_size": 5931,
      "train_metrics": {
        "solved": 17771,
        "avg_par2": 5.40618264826778,
        "sbs_name": "Z3-Noodler",
        "sbs_solved": 17458,
        "sbs_avg_par2": 46.17579783379222,
        "vbs_solved": 17775,
        "vbs_avg_par2": 4.124909975178831,
        "gap_cls_solved": 0.9873817034700315,
        "gap_cls_par2": 0.969530425198228
      },
      "test_metrics": {
        "solved": 5921,
        "avg_par2": 6.7855949643642495,
        "sbs_name": "Z3-Noodler",
        "sbs_solved": 5818,
        "sbs_avg_par2": 46.93246248740271,
        "vbs_solved": 5925,
        "vbs_avg_par2": 3.980167034729063,
        "gap_cls_solved": 0.9626168224299065,
        "gap_cls_par2": 0.9346850290521421
      }
    },
    {
      "seed": 40,
      "train_size": 17791,
      "test_size": 5931,
      "train_metrics": {
        "solved": 17769,
        "avg_par2": 5.281261694517467,
        "sbs_name": "Z3-Noodler",
        "sbs_solved": 17461,
        "sbs_avg_par2": 45.611314943571195,
        "vbs_solved": 17776,
        "vbs_avg_par2": 3.966576320268525,
        "gap_cls_solved": 0.9777777777777777,
        "gap_cls_par2": 0.9684309370712846
      },
      "test_metrics": {
        "solved": 5919,
        "avg_par2": 7.150228778543674,
        "sbs_name": "Z3-Noodler",
        "sbs_solved": 5815,
        "sbs_avg_par2": 48.625720808077496,
        "vbs_solved": 5924,
        "vbs_avg_par2": 4.455114607568255,
        "gap_cls_solved": 0.9541284403669725,
        "gap_cls_par2": 0.9389839895168941
      }
    }
  ],
  "aggregated": {
    "train": {
      "gap_cls_solved_mean": 0.983848077156239,
      "gap_cls_solved_std": 0.0074729357188185975,
      "gap_cls_par2_mean": 0.9695177573635736,
      "gap_cls_par2_std": 0.002097826043189643
    },
    "test": {
      "gap_cls_solved_mean": 0.945181438718268,
      "gap_cls_solved_std": 0.013504914186048609,
      "gap_cls_par2_mean": 0.9320888198104648,
      "gap_cls_par2_std": 0.00914198576626278
    }
  }
}