{
  "division": "QF_IDL",
  "n_seeds": 5,
  "seed_values": [
    0,
    10,
    20,
    30,
    40
  ],
  "model_type": "SVM",
  "splits_dir": "/home/john-lu/Desktop/smt-select/data/cp26/performance_splits/smtcomp24/QF_IDL",
  "feature_csv_path": [
    "/home/john-lu/Desktop/smt-select/data/features/syntactic/QF_IDL/features.csv",
    "/home/john-lu/Desktop/smt-select/data/features/desc/Qwen3-Embedding-0.6B/QF_IDL/features.csv"
  ],
  "seeds": [
    {
      "seed": 0,
      "train_size": 906,
      "test_size": 302,
      "train_metrics": {
        "total_count": 906,
        "solved": 824,
        "avg_par2": 265.4582988620803,
        "sbs_solved": 779,
        "sbs_avg_par2": 385.52494302540623,
        "vbs_solved": 825,
        "vbs_avg_par2": 258.1692248171203,
        "gap_cls_solved": 0.9782608695652174,
        "gap_cls_par2": 0.9427660245844717
      },
      "test_metrics": {
        "total_count": 302,
        "solved": 273,
        "avg_par2": 270.43640006540465,
        "sbs_solved": 268,
        "sbs_avg_par2": 307.6482111294636,
        "vbs_solved": 276,
        "vbs_avg_par2": 237.45217402473602,
        "gap_cls_solved": 0.625,
        "gap_cls_par2": 0.5301127043474197
      }
    },
    {
      "seed": 10,
      "train_size": 906,
      "test_size": 302,
      "train_metrics": {
        "total_count": 906,
        "solved": 829,
        "avg_par2": 246.84487372952142,
        "sbs_solved": 796,
        "sbs_avg_par2": 339.86632585396376,
        "vbs_solved": 829,
        "vbs_avg_par2": 242.34921080836904,
        "gap_cls_solved": 1.0,
        "gap_cls_par2": 0.9538987292738264
      },
      "test_metrics": {
        "total_count": 302,
        "solved": 268,
        "avg_par2": 321.54743289098775,
        "sbs_solved": 251,
        "sbs_avg_par2": 444.624062643791,
        "vbs_solved": 272,
        "vbs_avg_par2": 284.9122160509899,
        "gap_cls_solved": 0.8095238095238095,
        "gap_cls_par2": 0.7706167850315924
      }
    },
    {
      "seed": 20,
      "train_size": 906,
      "test_size": 302,
      "train_metrics": {
        "total_count": 906,
        "solved": 826,
        "avg_par2": 259.58316000757105,
        "sbs_solved": 787,
        "sbs_avg_par2": 363.56257697702324,
        "vbs_solved": 826,
        "vbs_avg_par2": 254.78138303258658,
        "gap_cls_solved": 1.0,
        "gap_cls_par2": 0.955858390583237
      },
      "test_metrics": {
        "total_count": 302,
        "solved": 271,
        "avg_par2": 287.8100687882254,
        "sbs_solved": 260,
        "sbs_avg_par2": 373.5353092746125,
        "vbs_solved": 275,
        "vbs_avg_par2": 247.61569937833735,
        "gap_cls_solved": 0.7333333333333333,
        "gap_cls_par2": 0.6807934090409133
      }
    },
    {
      "seed": 30,
      "train_size": 906,
      "test_size": 302,
      "train_metrics": {
        "total_count": 906,
        "solved": 827,
        "avg_par2": 255.8703870262827,
        "sbs_solved": 788,
        "sbs_avg_par2": 360.6810026018898,
        "vbs_solved": 828,
        "vbs_avg_par2": 248.38410483384916,
        "gap_cls_solved": 0.975,
        "gap_cls_par2": 0.9333349153785429
      },
      "test_metrics": {
        "total_count": 302,
        "solved": 270,
        "avg_par2": 294.47768718669124,
        "sbs_solved": 259,
        "sbs_avg_par2": 382.18003240001286,
        "vbs_solved": 273,
        "vbs_avg_par2": 266.80753397454953,
        "gap_cls_solved": 0.7857142857142857,
        "gap_cls_par2": 0.7601668197380844
      }
    },
    {
      "seed": 40,
      "train_size": 906,
      "test_size": 302,
      "train_metrics": {
        "total_count": 906,
        "solved": 830,
        "avg_par2": 248.22837422852774,
        "sbs_solved": 792,
        "sbs_avg_par2": 346.2876760473596,
        "vbs_solved": 831,
        "vbs_avg_par2": 240.84734760780836,
        "gap_cls_solved": 0.9743589743589743,
        "gap_cls_par2": 0.9299980687659664
      },
      "test_metrics": {
        "total_count": 302,
        "solved": 267,
        "avg_par2": 317.7333990830765,
        "sbs_solved": 255,
        "sbs_avg_par2": 425.36001206360356,
        "vbs_solved": 270,
        "vbs_avg_par2": 289.417805652672,
        "gap_cls_solved": 0.8,
        "gap_cls_par2": 0.7917085931001369
      }
    }
  ],
  "aggregated": {
    "train": {
      "gap_cls_solved_mean": 0.9855239687848384,
      "gap_cls_solved_std": 0.011893482158498026,
      "gap_cls_par2_mean": 0.9431712257172089,
      "gap_cls_par2_std": 0.010454594568835338
    },
    "test": {
      "gap_cls_solved_mean": 0.7507142857142857,
      "gap_cls_solved_std": 0.06814516983862907,
      "gap_cls_par2_mean": 0.7066796622516293,
      "gap_cls_par2_std": 0.09594241970623568
    }
  }
}