{
  "division": "ABV",
  "n_seeds": 5,
  "seed_values": [
    0,
    10,
    20,
    30,
    40
  ],
  "model_type": "machsmt_pwc",
  "splits_dir": "/lustre06/project/6001884/jchen688/SMT_AS_LM/data/cp26/performance_splits/smtcomp24/ABV",
  "benchmark_root": "/lustre07/scratch/jchen688/smtlib24/non-incremental",
  "seeds": [
    {
      "seed": 0,
      "train_size": 1865,
      "test_size": 622,
      "train_metrics": {
        "total_count": 1865,
        "solved": 663,
        "avg_par2": 1548.682662840941,
        "sbs_solved": 621,
        "sbs_avg_par2": 1603.2889194204813,
        "vbs_solved": 722,
        "vbs_avg_par2": 1473.0782783448085,
        "gap_cls_solved": 0.4158415841584158,
        "gap_cls_par2": 0.4193686178674559
      },
      "test_metrics": {
        "total_count": 622,
        "solved": 226,
        "avg_par2": 1530.346407852246,
        "sbs_solved": 216,
        "sbs_avg_par2": 1568.1989067370248,
        "vbs_solved": 249,
        "vbs_avg_par2": 1441.4982744351364,
        "gap_cls_solved": 0.30303030303030304,
        "gap_cls_par2": 0.29875540632337105
      },
      "train_eval_stats": {
        "total": 1865,
        "file_not_found": 0,
        "feature_timeout": 0,
        "parse_fail": 0
      },
      "test_eval_stats": {
        "total": 622,
        "file_not_found": 0,
        "feature_timeout": 0,
        "parse_fail": 0
      },
      "train_stats": {
        "parsing_time": 2429.544050693512,
        "training_time": 0.8454999923706055,
        "total_benchmarks": 1865,
        "loaded_benchmarks": 1865,
        "skipped_benchmarks": 0,
        "feature_timeout_count": 0
      }
    },
    {
      "seed": 10,
      "train_size": 1865,
      "test_size": 622,
      "train_metrics": {
        "total_count": 1865,
        "solved": 674,
        "avg_par2": 1534.5119581544202,
        "sbs_solved": 632,
        "sbs_avg_par2": 1588.857754428787,
        "vbs_solved": 736,
        "vbs_avg_par2": 1455.235929221567,
        "gap_cls_solved": 0.40384615384615385,
        "gap_cls_par2": 0.4067134705732964
      },
      "test_metrics": {
        "total_count": 622,
        "solved": 216,
        "avg_par2": 1568.8116146136135,
        "sbs_solved": 205,
        "sbs_avg_par2": 1611.469200482215,
        "vbs_solved": 235,
        "vbs_avg_par2": 1494.9966363561089,
        "gap_cls_solved": 0.36666666666666664,
        "gap_cls_par2": 0.3662457866250427
      },
      "train_eval_stats": {
        "total": 1865,
        "file_not_found": 0,
        "feature_timeout": 0,
        "parse_fail": 0
      },
      "test_eval_stats": {
        "total": 622,
        "file_not_found": 0,
        "feature_timeout": 0,
        "parse_fail": 0
      },
      "train_stats": {
        "parsing_time": 2.4725563526153564,
        "training_time": 0.9853870868682861,
        "total_benchmarks": 1865,
        "loaded_benchmarks": 1865,
        "skipped_benchmarks": 0,
        "feature_timeout_count": 0
      }
    },
    {
      "seed": 20,
      "train_size": 1865,
      "test_size": 622,
      "train_metrics": {
        "total_count": 1865,
        "solved": 650,
        "avg_par2": 1564.977152034496,
        "sbs_solved": 609,
        "sbs_avg_par2": 1618.3334846126231,
        "vbs_solved": 710,
        "vbs_avg_par2": 1488.5088358280161,
        "gap_cls_solved": 0.40594059405940597,
        "gap_cls_par2": 0.41098769053210427
      },
      "test_metrics": {
        "total_count": 622,
        "solved": 238,
        "avg_par2": 1484.3076843825165,
        "sbs_solved": 228,
        "sbs_avg_par2": 1523.0893985644411,
        "vbs_solved": 261,
        "vbs_avg_par2": 1395.2314099557505,
        "gap_cls_solved": 0.30303030303030304,
        "gap_cls_par2": 0.30331866318197775
      },
      "train_eval_stats": {
        "total": 1865,
        "file_not_found": 0,
        "feature_timeout": 0,
        "parse_fail": 0
      },
      "test_eval_stats": {
        "total": 622,
        "file_not_found": 0,
        "feature_timeout": 0,
        "parse_fail": 0
      },
      "train_stats": {
        "parsing_time": 2.0586042404174805,
        "training_time": 0.5939064025878906,
        "total_benchmarks": 1865,
        "loaded_benchmarks": 1865,
        "skipped_benchmarks": 0,
        "feature_timeout_count": 0
      }
    },
    {
      "seed": 30,
      "train_size": 1865,
      "test_size": 622,
      "train_metrics": {
        "total_count": 1865,
        "solved": 679,
        "avg_par2": 1528.023308457211,
        "sbs_solved": 635,
        "sbs_avg_par2": 1585.3660500218632,
        "vbs_solved": 732,
        "vbs_avg_par2": 1460.3725213420064,
        "gap_cls_solved": 0.4536082474226804,
        "gap_cls_par2": 0.4587656830740648
      },
      "test_metrics": {
        "total_count": 622,
        "solved": 217,
        "avg_par2": 1563.9025712669368,
        "sbs_solved": 202,
        "sbs_avg_par2": 1621.9387000303082,
        "vbs_solved": 239,
        "vbs_avg_par2": 1479.5951181814892,
        "gap_cls_solved": 0.40540540540540543,
        "gap_cls_par2": 0.4077186200429514
      },
      "train_eval_stats": {
        "total": 1865,
        "file_not_found": 0,
        "feature_timeout": 0,
        "parse_fail": 0
      },
      "test_eval_stats": {
        "total": 622,
        "file_not_found": 0,
        "feature_timeout": 0,
        "parse_fail": 0
      },
      "train_stats": {
        "parsing_time": 1.9536151885986328,
        "training_time": 0.7444057464599609,
        "total_benchmarks": 1865,
        "loaded_benchmarks": 1865,
        "skipped_benchmarks": 0,
        "feature_timeout_count": 0
      }
    },
    {
      "seed": 40,
      "train_size": 1865,
      "test_size": 622,
      "train_metrics": {
        "total_count": 1865,
        "solved": 641,
        "avg_par2": 1576.7181267528802,
        "sbs_solved": 629,
        "sbs_avg_par2": 1592.8500082670414,
        "vbs_solved": 722,
        "vbs_avg_par2": 1473.140066661356,
        "gap_cls_solved": 0.12903225806451613,
        "gap_cls_par2": 0.13475807687968253
      },
      "test_metrics": {
        "total_count": 622,
        "solved": 216,
        "avg_par2": 1568.2107137644855,
        "sbs_solved": 208,
        "sbs_avg_par2": 1599.4988573819894,
        "vbs_solved": 249,
        "vbs_avg_par2": 1441.3130088236276,
        "gap_cls_solved": 0.1951219512195122,
        "gap_cls_par2": 0.1977935694162953
      },
      "train_eval_stats": {
        "total": 1865,
        "file_not_found": 0,
        "feature_timeout": 0,
        "parse_fail": 0
      },
      "test_eval_stats": {
        "total": 622,
        "file_not_found": 0,
        "feature_timeout": 0,
        "parse_fail": 0
      },
      "train_stats": {
        "parsing_time": 1.6418321132659912,
        "training_time": 0.7260360717773438,
        "total_benchmarks": 1865,
        "loaded_benchmarks": 1865,
        "skipped_benchmarks": 0,
        "feature_timeout_count": 0
      }
    }
  ],
  "aggregated": {
    "train": {
      "gap_cls_solved_mean": 0.3616537675102345,
      "gap_cls_solved_std": 0.11768282200592035,
      "gap_cls_par2_mean": 0.36611870778532074,
      "gap_cls_par2_std": 0.11713916242274124
    },
    "test": {
      "gap_cls_solved_mean": 0.3146509258704381,
      "gap_cls_solved_std": 0.07141325700138632,
      "gap_cls_par2_mean": 0.31476640911792764,
      "gap_cls_par2_std": 0.07121837986044796
    }
  }
}