{
  "division": "QF_NRA",
  "n_seeds": 5,
  "seed_values": [
    0,
    10,
    20,
    30,
    40
  ],
  "model_type": "SVM",
  "splits_dir": "/home/john-lu/Desktop/smt-select/data/cp26/performance_splits/smtcomp24/QF_NRA",
  "feature_csv_path": [
    "/home/john-lu/Desktop/smt-select/data/features/syntactic/QF_NRA/features.csv",
    "/home/john-lu/Desktop/smt-select/data/features/desc/all-mpnet-base-v2/QF_NRA/features.csv"
  ],
  "seeds": [
    {
      "seed": 0,
      "train_size": 2328,
      "test_size": 776,
      "train_metrics": {
        "total_count": 2328,
        "solved": 2188,
        "avg_par2": 161.77593269520062,
        "sbs_solved": 2123,
        "sbs_avg_par2": 228.44645983119491,
        "vbs_solved": 2200,
        "vbs_avg_par2": 141.66833103795628,
        "gap_cls_solved": 0.8441558441558441,
        "gap_cls_par2": 0.7682872177947787
      },
      "test_metrics": {
        "total_count": 776,
        "solved": 715,
        "avg_par2": 206.54592761160987,
        "sbs_solved": 690,
        "sbs_avg_par2": 282.29691496267446,
        "vbs_solved": 733,
        "vbs_avg_par2": 146.11193702943822,
        "gap_cls_solved": 0.5813953488372093,
        "gap_cls_par2": 0.5562359997458824
      }
    },
    {
      "seed": 10,
      "train_size": 2328,
      "test_size": 776,
      "train_metrics": {
        "total_count": 2328,
        "solved": 2180,
        "avg_par2": 171.24216860020772,
        "sbs_solved": 2105,
        "sbs_avg_par2": 246.44067750611893,
        "vbs_solved": 2196,
        "vbs_avg_par2": 147.03318296207544,
        "gap_cls_solved": 0.8241758241758241,
        "gap_cls_par2": 0.7564671984826431
      },
      "test_metrics": {
        "total_count": 776,
        "solved": 724,
        "avg_par2": 178.1888403934252,
        "sbs_solved": 708,
        "sbs_avg_par2": 228.3142619379025,
        "vbs_solved": 737,
        "vbs_avg_par2": 130.01738125708076,
        "gap_cls_solved": 0.5517241379310345,
        "gap_cls_par2": 0.5099390865437404
      }
    },
    {
      "seed": 20,
      "train_size": 2328,
      "test_size": 776,
      "train_metrics": {
        "total_count": 2328,
        "solved": 2182,
        "avg_par2": 168.37514351851073,
        "sbs_solved": 2107,
        "sbs_avg_par2": 244.52493277170873,
        "vbs_solved": 2195,
        "vbs_avg_par2": 147.71797247858814,
        "gap_cls_solved": 0.8522727272727273,
        "gap_cls_par2": 0.7866148159453101
      },
      "test_metrics": {
        "total_count": 776,
        "solved": 724,
        "avg_par2": 179.2630730396744,
        "sbs_solved": 706,
        "sbs_avg_par2": 234.06149614113298,
        "vbs_solved": 738,
        "vbs_avg_par2": 127.96301270754263,
        "gap_cls_solved": 0.5625,
        "gap_cls_par2": 0.5164863938489589
      }
    },
    {
      "seed": 30,
      "train_size": 2328,
      "test_size": 776,
      "train_metrics": {
        "total_count": 2328,
        "solved": 2173,
        "avg_par2": 177.26568389978866,
        "sbs_solved": 2101,
        "sbs_avg_par2": 250.74497346834673,
        "vbs_solved": 2189,
        "vbs_avg_par2": 153.12528382377576,
        "gap_cls_solved": 0.8181818181818182,
        "gap_cls_par2": 0.7527097231725788
      },
      "test_metrics": {
        "total_count": 776,
        "solved": 730,
        "avg_par2": 162.16171026066237,
        "sbs_solved": 712,
        "sbs_avg_par2": 215.4013740512191,
        "vbs_solved": 744,
        "vbs_avg_par2": 111.7410786719798,
        "gap_cls_solved": 0.5625,
        "gap_cls_par2": 0.5135974540278937
      }
    },
    {
      "seed": 40,
      "train_size": 2328,
      "test_size": 776,
      "train_metrics": {
        "total_count": 2328,
        "solved": 2190,
        "avg_par2": 160.56808459207585,
        "sbs_solved": 2113,
        "sbs_avg_par2": 238.19431467228736,
        "vbs_solved": 2206,
        "vbs_avg_par2": 136.00099773590352,
        "gap_cls_solved": 0.8279569892473119,
        "gap_cls_par2": 0.7596018253183275
      },
      "test_metrics": {
        "total_count": 776,
        "solved": 713,
        "avg_par2": 213.49041117840335,
        "sbs_solved": 700,
        "sbs_avg_par2": 253.05335043939718,
        "vbs_solved": 727,
        "vbs_avg_par2": 163.1139369355965,
        "gap_cls_solved": 0.48148148148148145,
        "gap_cls_par2": 0.4398843367965923
      }
    }
  ],
  "aggregated": {
    "train": {
      "gap_cls_solved_mean": 0.8333486406067051,
      "gap_cls_solved_std": 0.012791869861905095,
      "gap_cls_par2_mean": 0.7647361561427276,
      "gap_cls_par2_std": 0.012088489545000617
    },
    "test": {
      "gap_cls_solved_mean": 0.547920193649945,
      "gap_cls_solved_std": 0.03456674699163697,
      "gap_cls_par2_mean": 0.5072286541926135,
      "gap_cls_par2_std": 0.03760476247001203
    }
  }
}