{
  "division": "QF_SLIA",
  "n_seeds": 5,
  "seed_values": [
    0,
    10,
    20,
    30,
    40
  ],
  "model_type": "SVM",
  "splits_dir": "/home/john-lu/Desktop/smt-select/data/cp26/performance_splits/smtcomp24/QF_SLIA",
  "feature_csv_path": [
    "/home/john-lu/Desktop/smt-select/data/features/syntactic/QF_SLIA/features.csv",
    "/home/john-lu/Desktop/smt-select/data/features/desc/setfit_mpnet/QF_SLIA/seed0/features.csv"
  ],
  "feature_csv_path_per_seed": true,
  "seeds": [
    {
      "seed": 0,
      "train_size": 17791,
      "test_size": 5931,
      "train_metrics": {
        "total_count": 17791,
        "solved": 17770,
        "avg_par2": 5.591245312563213,
        "sbs_solved": 17469,
        "sbs_avg_par2": 44.65992063788583,
        "vbs_solved": 17774,
        "vbs_avg_par2": 4.040609480991914,
        "gap_cls_solved": 0.9868852459016394,
        "gap_cls_par2": 0.9618251568673357
      },
      "test_metrics": {
        "total_count": 5931,
        "solved": 5922,
        "avg_par2": 6.385999490827977,
        "sbs_solved": 5807,
        "sbs_avg_par2": 51.47958290425829,
        "vbs_solved": 5926,
        "vbs_avg_par2": 4.233040090213708,
        "gap_cls_solved": 0.9663865546218487,
        "gap_cls_par2": 0.954431387517855
      }
    },
    {
      "seed": 10,
      "train_size": 17791,
      "test_size": 5931,
      "train_metrics": {
        "total_count": 17791,
        "solved": 17768,
        "avg_par2": 5.763429458632855,
        "sbs_solved": 17471,
        "sbs_avg_par2": 44.37160102340151,
        "vbs_solved": 17774,
        "vbs_avg_par2": 4.118191644449987,
        "gap_cls_solved": 0.9801980198019802,
        "gap_cls_par2": 0.959127988422189
      },
      "test_metrics": {
        "total_count": 5931,
        "solved": 5919,
        "avg_par2": 7.5242537481084835,
        "sbs_solved": 5805,
        "sbs_avg_par2": 52.344444523089955,
        "vbs_solved": 5926,
        "vbs_avg_par2": 4.000319761418804,
        "gap_cls_solved": 0.9421487603305785,
        "gap_cls_par2": 0.927107295786983
      }
    },
    {
      "seed": 20,
      "train_size": 17791,
      "test_size": 5931,
      "train_metrics": {
        "total_count": 17791,
        "solved": 17771,
        "avg_par2": 5.701289174207356,
        "sbs_solved": 17454,
        "sbs_avg_par2": 46.47006104267027,
        "vbs_solved": 17772,
        "vbs_avg_par2": 4.49120287077834,
        "gap_cls_solved": 0.9968553459119497,
        "gap_cls_par2": 0.9711739109607497
      },
      "test_metrics": {
        "total_count": 5931,
        "solved": 5921,
        "avg_par2": 6.368836212360534,
        "sbs_solved": 5822,
        "sbs_avg_par2": 46.04977208963684,
        "vbs_solved": 5928,
        "vbs_avg_par2": 2.8814118660204353,
        "gap_cls_solved": 0.9339622641509434,
        "gap_cls_par2": 0.9192134163013167
      }
    },
    {
      "seed": 30,
      "train_size": 17791,
      "test_size": 5931,
      "train_metrics": {
        "total_count": 17791,
        "solved": 17771,
        "avg_par2": 5.464691236807804,
        "sbs_solved": 17458,
        "sbs_avg_par2": 46.17579783379222,
        "vbs_solved": 17775,
        "vbs_avg_par2": 4.124909975178831,
        "gap_cls_solved": 0.9873817034700315,
        "gap_cls_par2": 0.9681390493790837
      },
      "test_metrics": {
        "total_count": 5931,
        "solved": 5920,
        "avg_par2": 7.214827876172937,
        "sbs_solved": 5818,
        "sbs_avg_par2": 46.93246248740271,
        "vbs_solved": 5925,
        "vbs_avg_par2": 3.980167034729063,
        "gap_cls_solved": 0.9532710280373832,
        "gap_cls_par2": 0.9246917817230993
      }
    },
    {
      "seed": 40,
      "train_size": 17791,
      "test_size": 5931,
      "train_metrics": {
        "total_count": 17791,
        "solved": 17771,
        "avg_par2": 5.492578633302023,
        "sbs_solved": 17461,
        "sbs_avg_par2": 45.611314943571195,
        "vbs_solved": 17776,
        "vbs_avg_par2": 3.966576320268525,
        "gap_cls_solved": 0.9841269841269841,
        "gap_cls_par2": 0.9633566600852763
      },
      "test_metrics": {
        "total_count": 5931,
        "solved": 5920,
        "avg_par2": 7.116747751705845,
        "sbs_solved": 5815,
        "sbs_avg_par2": 48.625720808077496,
        "vbs_solved": 5924,
        "vbs_avg_par2": 4.455114607568255,
        "gap_cls_solved": 0.963302752293578,
        "gap_cls_par2": 0.9397419828911721
      }
    }
  ],
  "aggregated": {
    "train": {
      "gap_cls_solved_mean": 0.9870894598425171,
      "gap_cls_solved_std": 0.005509407383558551,
      "gap_cls_par2_mean": 0.964724553142927,
      "gap_cls_par2_std": 0.004355506116687906
    },
    "test": {
      "gap_cls_solved_mean": 0.9518142718868663,
      "gap_cls_solved_std": 0.01231726461917514,
      "gap_cls_par2_mean": 0.9330371728440852,
      "gap_cls_par2_std": 0.012637817367751233
    }
  }
}