{
  "division": "ABV",
  "n_seeds": 5,
  "seed_values": [
    0,
    10,
    20,
    30,
    40
  ],
  "model_type": "WL",
  "splits_dir": "/home/john-lu/Desktop/smt-select/data/cp26/performance_splits/smtcomp24/ABV",
  "wl_dir": "/home/john-lu/Desktop/smt-select/data/features/wl/ABV",
  "wl_iter": 1,
  "seeds": [
    {
      "seed": 0,
      "train_size": 1865,
      "test_size": 622,
      "train_metrics": {
        "solved": 722,
        "avg_par2": 1473.0794474944787,
        "sbs_name": "cvc5",
        "sbs_solved": 621,
        "sbs_avg_par2": 1603.2889194204809,
        "vbs_solved": 722,
        "vbs_avg_par2": 1473.078278344809,
        "gap_cls_solved": 1.0,
        "gap_cls_par2": 0.9999910210896736
      },
      "test_metrics": {
        "solved": 245,
        "avg_par2": 1456.980968455139,
        "sbs_name": "cvc5",
        "sbs_solved": 216,
        "sbs_avg_par2": 1568.1989067370248,
        "vbs_solved": 249,
        "vbs_avg_par2": 1441.4982744351369,
        "gap_cls_solved": 0.8787878787878788,
        "gap_cls_par2": 0.877800972744069
      }
    },
    {
      "seed": 10,
      "train_size": 1865,
      "test_size": 622,
      "train_metrics": {
        "solved": 736,
        "avg_par2": 1455.2377248148061,
        "sbs_name": "cvc5",
        "sbs_solved": 632,
        "sbs_avg_par2": 1588.8577544287875,
        "vbs_solved": 736,
        "vbs_avg_par2": 1455.235929221568,
        "gap_cls_solved": 1.0,
        "gap_cls_par2": 0.9999865621260953
      },
      "test_metrics": {
        "solved": 231,
        "avg_par2": 1510.4397425865793,
        "sbs_name": "cvc5",
        "sbs_solved": 205,
        "sbs_avg_par2": 1611.469200482215,
        "vbs_solved": 235,
        "vbs_avg_par2": 1494.9966363561089,
        "gap_cls_solved": 0.8666666666666667,
        "gap_cls_par2": 0.8674099231321977
      }
    },
    {
      "seed": 20,
      "train_size": 1865,
      "test_size": 622,
      "train_metrics": {
        "solved": 710,
        "avg_par2": 1488.5108503315685,
        "sbs_name": "cvc5",
        "sbs_solved": 609,
        "sbs_avg_par2": 1618.333484612624,
        "vbs_solved": 710,
        "vbs_avg_par2": 1488.5088358280148,
        "gap_cls_solved": 1.0,
        "gap_cls_par2": 0.9999844828884763
      },
      "test_metrics": {
        "solved": 254,
        "avg_par2": 1422.366819941873,
        "sbs_name": "cvc5",
        "sbs_solved": 228,
        "sbs_avg_par2": 1523.0893985644411,
        "vbs_solved": 261,
        "vbs_avg_par2": 1395.2314099557502,
        "gap_cls_solved": 0.7878787878787878,
        "gap_cls_par2": 0.7877691469934611
      }
    },
    {
      "seed": 30,
      "train_size": 1865,
      "test_size": 622,
      "train_metrics": {
        "solved": 732,
        "avg_par2": 1460.3752928907086,
        "sbs_name": "cvc5",
        "sbs_solved": 635,
        "sbs_avg_par2": 1585.3660500218632,
        "vbs_solved": 732,
        "vbs_avg_par2": 1460.3725213420041,
        "gap_cls_solved": 1.0,
        "gap_cls_par2": 0.9999778264624278
      },
      "test_metrics": {
        "solved": 230,
        "avg_par2": 1514.3169104846909,
        "sbs_name": "cvc5",
        "sbs_solved": 202,
        "sbs_avg_par2": 1621.9387000303082,
        "vbs_solved": 239,
        "vbs_avg_par2": 1479.595118181489,
        "gap_cls_solved": 0.7567567567567568,
        "gap_cls_par2": 0.7560705452805074
      }
    },
    {
      "seed": 40,
      "train_size": 1865,
      "test_size": 622,
      "train_metrics": {
        "solved": 722,
        "avg_par2": 1473.1421112834346,
        "sbs_name": "cvc5",
        "sbs_solved": 629,
        "sbs_avg_par2": 1592.8500082670396,
        "vbs_solved": 722,
        "vbs_avg_par2": 1473.1400666613551,
        "gap_cls_solved": 1.0,
        "gap_cls_par2": 0.9999829201981723
      },
      "test_metrics": {
        "solved": 243,
        "avg_par2": 1464.408928930197,
        "sbs_name": "cvc5",
        "sbs_solved": 208,
        "sbs_avg_par2": 1599.4988573819894,
        "vbs_solved": 249,
        "vbs_avg_par2": 1441.3130088236273,
        "gap_cls_solved": 0.8536585365853658,
        "gap_cls_par2": 0.8539950297889738
      }
    }
  ],
  "aggregated": {
    "train": {
      "gap_cls_solved_mean": 1.0,
      "gap_cls_solved_std": 0.0,
      "gap_cls_par2_mean": 0.9999845625529691,
      "gap_cls_par2_std": 4.331040995904896e-06
    },
    "test": {
      "gap_cls_solved_mean": 0.8287497253350912,
      "gap_cls_solved_std": 0.04778154700736838,
      "gap_cls_par2_mean": 0.8286091235878417,
      "gap_cls_par2_std": 0.047957342156174185
    }
  }
}