{
  "n_splits": 4,
  "n_instances": 1537,
  "model_type": "SVM",
  "folds_dir": "data/foiks26/perf_data/folds/ALIA",
  "feature_csv_path": "data/features/native_desc/all_mpnet_base_v2/ALIA.CSV",
  "svm_c": 1.0,
  "folds": [
    {
      "fold": 1,
      "train_size": 1152,
      "test_size": 385,
      "train_metrics": {
        "total_instances": 1152,
        "solved": 224,
        "solve_rate": 19.444444444444446,
        "avg_par2": 1951.3744920377992,
        "sbs_name": "iProver",
        "sbs_solved": 219,
        "sbs_solve_rate": 19.010416666666664,
        "sbs_avg_par2": 1961.8155879599112,
        "vbs_solved": 290,
        "vbs_solve_rate": 25.17361111111111,
        "vbs_avg_par2": 1810.2036086274977,
        "gap_cls_solved": 0.07042253521126761,
        "gap_cls_par2": 0.06886722255119189
      },
      "test_metrics": {
        "total_instances": 385,
        "solved": 83,
        "solve_rate": 21.558441558441558,
        "avg_par2": 1911.9415251705325,
        "sbs_name": "iProver",
        "sbs_solved": 79,
        "sbs_solve_rate": 20.51948051948052,
        "sbs_avg_par2": 1936.977077292184,
        "vbs_solved": 100,
        "vbs_solve_rate": 25.97402597402597,
        "vbs_avg_par2": 1801.819572665035,
        "gap_cls_solved": 0.19047619047619047,
        "gap_cls_par2": 0.18523242339162468
      }
    },
    {
      "fold": 2,
      "train_size": 1153,
      "test_size": 384,
      "train_metrics": {
        "total_instances": 1153,
        "solved": 235,
        "solve_rate": 20.38161318300087,
        "avg_par2": 1932.1803298482484,
        "sbs_name": "iProver",
        "sbs_solved": 226,
        "sbs_solve_rate": 19.601040763226365,
        "sbs_avg_par2": 1950.972029821457,
        "vbs_solved": 290,
        "vbs_solve_rate": 25.151777970511706,
        "vbs_avg_par2": 1812.5716901339645,
        "gap_cls_solved": 0.140625,
        "gap_cls_par2": 0.13577784574546667
      },
      "test_metrics": {
        "total_instances": 384,
        "solved": 72,
        "solve_rate": 18.75,
        "avg_par2": 1969.4713065186697,
        "sbs_name": "cvc5",
        "sbs_solved": 73,
        "sbs_solve_rate": 19.010416666666664,
        "sbs_avg_par2": 1955.8252313488774,
        "vbs_solved": 100,
        "vbs_solve_rate": 26.041666666666668,
        "vbs_avg_par2": 1794.6873278397268,
        "gap_cls_solved": -0.037037037037037035,
        "gap_cls_par2": -0.0846856938846631
      }
    },
    {
      "fold": 3,
      "train_size": 1153,
      "test_size": 384,
      "train_metrics": {
        "total_instances": 1153,
        "solved": 226,
        "solve_rate": 19.601040763226365,
        "avg_par2": 1949.4794645934064,
        "sbs_name": "iProver",
        "sbs_solved": 221,
        "sbs_solve_rate": 19.1673894189072,
        "sbs_avg_par2": 1959.920415409452,
        "vbs_solved": 288,
        "vbs_solve_rate": 24.978317432784042,
        "vbs_avg_par2": 1818.240175768375,
        "gap_cls_solved": 0.07462686567164178,
        "gap_cls_par2": 0.07369376874641108
      },
      "test_metrics": {
        "total_instances": 384,
        "solved": 81,
        "solve_rate": 21.09375,
        "avg_par2": 1917.5288524531309,
        "sbs_name": "cvc5",
        "sbs_solved": 76,
        "sbs_solve_rate": 19.791666666666664,
        "sbs_avg_par2": 1936.846946924835,
        "vbs_solved": 102,
        "vbs_solve_rate": 26.5625,
        "vbs_avg_par2": 1777.6671092551553,
        "gap_cls_solved": 0.19230769230769232,
        "gap_cls_par2": 0.1213601845215592
      }
    },
    {
      "fold": 4,
      "train_size": 1153,
      "test_size": 384,
      "train_metrics": {
        "total_instances": 1153,
        "solved": 236,
        "solve_rate": 20.4683434518647,
        "avg_par2": 1932.9623141681059,
        "sbs_name": "iProver",
        "sbs_solved": 228,
        "sbs_solve_rate": 19.774501300954032,
        "sbs_avg_par2": 1949.6727229669305,
        "vbs_solved": 302,
        "vbs_solve_rate": 26.192541196877713,
        "vbs_avg_par2": 1791.4003810238275,
        "gap_cls_solved": 0.10810810810810811,
        "gap_cls_par2": 0.10558009437196408
      },
      "test_metrics": {
        "total_instances": 384,
        "solved": 71,
        "solve_rate": 18.489583333333336,
        "avg_par2": 1967.123317141597,
        "sbs_name": "iProver",
        "sbs_solved": 70,
        "sbs_solve_rate": 18.229166666666664,
        "sbs_avg_par2": 1973.3726106938495,
        "vbs_solved": 88,
        "vbs_solve_rate": 22.916666666666664,
        "vbs_avg_par2": 1858.2563887876113,
        "gap_cls_solved": 0.05555555555555555,
        "gap_cls_par2": 0.054286819431431356
      }
    }
  ],
  "aggregated": {
    "test_solve_rate_mean": 19.972943722943725,
    "test_solve_rate_std": 1.3661954007397337,
    "test_avg_par2_mean": 1941.5162503209824,
    "test_avg_par2_std": 26.86664596840542,
    "test_sbs_solve_rate_mean": 19.387682629870127,
    "test_sbs_solve_rate_std": 0.8556661745245704,
    "test_sbs_avg_par2_mean": 1950.7554665649363,
    "test_sbs_avg_par2_std": 15.170107556005503,
    "test_vbs_solve_rate_mean": 25.373714826839823,
    "test_vbs_solve_rate_std": 1.4367349253689587,
    "test_vbs_avg_par2_mean": 1808.107599636882,
    "test_vbs_avg_par2_std": 30.25379102803686,
    "test_gap_cls_solved_mean": 0.10032560032560034,
    "test_gap_cls_solved_std": 0.09677381515915467,
    "test_gap_cls_par2_mean": 0.06904843336498803,
    "test_gap_cls_par2_std": 0.10010909795656928,
    "train_solve_rate_mean": 19.973860460634096,
    "train_solve_rate_std": 0.45553582630436246,
    "train_avg_par2_mean": 1941.49915016189,
    "train_avg_par2_std": 8.95720068457023,
    "train_sbs_solve_rate_mean": 19.388337037438564,
    "train_sbs_solve_rate_std": 0.3106474569988896,
    "train_sbs_avg_par2_mean": 1955.5951890394376,
    "train_sbs_avg_par2_std": 5.335029320830749,
    "train_vbs_solve_rate_mean": 25.374061927821142,
    "train_vbs_solve_rate_std": 0.47856888397189207,
    "train_vbs_avg_par2_mean": 1808.103963888416,
    "train_vbs_avg_par2_std": 10.07622892784187,
    "train_gap_cls_solved_mean": 0.09844562724775438,
    "train_gap_cls_solved_std": 0.028394938424192297,
    "train_gap_cls_par2_mean": 0.09597973285375844,
    "train_gap_cls_par2_std": 0.026962052695047853
  }
}