{
  "division": "QF_SLIA",
  "n_seeds": 5,
  "seed_values": [
    0,
    10,
    20,
    30,
    40
  ],
  "model_type": "SVM",
  "splits_dir": "/home/john-lu/Desktop/smt-select/data/cp26/performance_splits/smtcomp24/QF_SLIA",
  "feature_csv_path": "/home/john-lu/Desktop/smt-select/data/features/desc/Qwen3-Embedding-0.6B/QF_SLIA/features.csv",
  "seeds": [
    {
      "seed": 0,
      "train_size": 17791,
      "test_size": 5931,
      "train_metrics": {
        "total_count": 17791,
        "solved": 17759,
        "avg_par2": 9.51306385651643,
        "sbs_solved": 17469,
        "sbs_avg_par2": 44.65992063788583,
        "vbs_solved": 17774,
        "vbs_avg_par2": 4.040609480991914,
        "gap_cls_solved": 0.9508196721311475,
        "gap_cls_par2": 0.8652745647412159
      },
      "test_metrics": {
        "total_count": 5931,
        "solved": 5919,
        "avg_par2": 10.141692240992196,
        "sbs_solved": 5807,
        "sbs_avg_par2": 51.47958290425829,
        "vbs_solved": 5926,
        "vbs_avg_par2": 4.233040090213708,
        "gap_cls_solved": 0.9411764705882353,
        "gap_cls_par2": 0.8749400104461809
      }
    },
    {
      "seed": 10,
      "train_size": 17791,
      "test_size": 5931,
      "train_metrics": {
        "total_count": 17791,
        "solved": 17757,
        "avg_par2": 9.776712329885731,
        "sbs_solved": 17471,
        "sbs_avg_par2": 44.37160102340151,
        "vbs_solved": 17774,
        "vbs_avg_par2": 4.118191644449987,
        "gap_cls_solved": 0.9438943894389439,
        "gap_cls_par2": 0.8594275423439143
      },
      "test_metrics": {
        "total_count": 5931,
        "solved": 5921,
        "avg_par2": 9.349292530226283,
        "sbs_solved": 5805,
        "sbs_avg_par2": 52.344444523089955,
        "vbs_solved": 5926,
        "vbs_avg_par2": 4.000319761418804,
        "gap_cls_solved": 0.9586776859504132,
        "gap_cls_par2": 0.8893563014083496
      }
    },
    {
      "seed": 20,
      "train_size": 17791,
      "test_size": 5931,
      "train_metrics": {
        "total_count": 17791,
        "solved": 17755,
        "avg_par2": 10.276656738110992,
        "sbs_solved": 17454,
        "sbs_avg_par2": 46.47006104267027,
        "vbs_solved": 17772,
        "vbs_avg_par2": 4.49120287077834,
        "gap_cls_solved": 0.9465408805031447,
        "gap_cls_par2": 0.8621817238657896
      },
      "test_metrics": {
        "total_count": 5931,
        "solved": 5923,
        "avg_par2": 7.8515096330643965,
        "sbs_solved": 5822,
        "sbs_avg_par2": 46.04977208963684,
        "vbs_solved": 5928,
        "vbs_avg_par2": 2.8814118660204353,
        "gap_cls_solved": 0.9528301886792453,
        "gap_cls_par2": 0.8848671169973018
      }
    },
    {
      "seed": 30,
      "train_size": 17791,
      "test_size": 5931,
      "train_metrics": {
        "total_count": 17791,
        "solved": 17761,
        "avg_par2": 9.390963683837041,
        "sbs_solved": 17458,
        "sbs_avg_par2": 46.17579783379222,
        "vbs_solved": 17775,
        "vbs_avg_par2": 4.124909975178831,
        "gap_cls_solved": 0.9558359621451105,
        "gap_cls_par2": 0.8747695000789489
      },
      "test_metrics": {
        "total_count": 5931,
        "solved": 5917,
        "avg_par2": 10.50584259155743,
        "sbs_solved": 5818,
        "sbs_avg_par2": 46.93246248740271,
        "vbs_solved": 5925,
        "vbs_avg_par2": 3.980167034729063,
        "gap_cls_solved": 0.9252336448598131,
        "gap_cls_par2": 0.848071552682939
      }
    },
    {
      "seed": 40,
      "train_size": 17791,
      "test_size": 5931,
      "train_metrics": {
        "total_count": 17791,
        "solved": 17759,
        "avg_par2": 9.483094557933835,
        "sbs_solved": 17461,
        "sbs_avg_par2": 45.611314943571195,
        "vbs_solved": 17776,
        "vbs_avg_par2": 3.966576320268525,
        "gap_cls_solved": 0.946031746031746,
        "gap_cls_par2": 0.8675338489319154
      },
      "test_metrics": {
        "total_count": 5931,
        "solved": 5919,
        "avg_par2": 10.234075530980958,
        "sbs_solved": 5815,
        "sbs_avg_par2": 48.625720808077496,
        "vbs_solved": 5924,
        "vbs_avg_par2": 4.455114607568255,
        "gap_cls_solved": 0.9541284403669725,
        "gap_cls_par2": 0.8691672716199652
      }
    }
  ],
  "aggregated": {
    "train": {
      "gap_cls_solved_mean": 0.9486245300500185,
      "gap_cls_solved_std": 0.004248805860911979,
      "gap_cls_par2_mean": 0.8658374359923569,
      "gap_cls_par2_std": 0.005242659201026251
    },
    "test": {
      "gap_cls_solved_mean": 0.9464092860889359,
      "gap_cls_solved_std": 0.012059163383355992,
      "gap_cls_par2_mean": 0.8732804506309474,
      "gap_cls_par2_std": 0.014476496342778094
    }
  }
}