{
  "division": "UFNIA",
  "n_seeds": 5,
  "seed_values": [
    0,
    10,
    20,
    30,
    40
  ],
  "model_type": "SVM",
  "splits_dir": "/home/john-lu/Desktop/smt-select/data/cp26/performance_splits/smtcomp24/UFNIA",
  "feature_csv_path": [
    "/home/john-lu/Desktop/smt-select/data/features/syntactic/catalog_all/UFNIA.csv"
  ],
  "seeds": [
    {
      "seed": 0,
      "train_size": 4709,
      "test_size": 1570,
      "train_metrics": {
        "solved": 2814,
        "avg_par2": 997.5508015050684,
        "sbs_name": "cvc5",
        "sbs_solved": 2775,
        "sbs_avg_par2": 1018.7174375948581,
        "vbs_solved": 2830,
        "vbs_avg_par2": 988.6280494388842,
        "gap_cls_solved": 0.7090909090909091,
        "gap_cls_par2": 0.7034585076994093
      },
      "test_metrics": {
        "solved": 917,
        "avg_par2": 1035.6940290902721,
        "sbs_name": "cvc5",
        "sbs_solved": 913,
        "sbs_avg_par2": 1042.7014970401126,
        "vbs_solved": 929,
        "vbs_avg_par2": 1017.610803086114,
        "gap_cls_solved": 0.25,
        "gap_cls_par2": 0.2792855376056153
      }
    },
    {
      "seed": 10,
      "train_size": 4709,
      "test_size": 1570,
      "train_metrics": {
        "solved": 2786,
        "avg_par2": 1014.4769123256534,
        "sbs_name": "cvc5",
        "sbs_solved": 2748,
        "sbs_avg_par2": 1034.6312495524385,
        "vbs_solved": 2798,
        "vbs_avg_par2": 1007.3756015192909,
        "gap_cls_solved": 0.76,
        "gap_cls_par2": 0.7394554406585332
      },
      "test_metrics": {
        "solved": 947,
        "avg_par2": 982.7234854983793,
        "sbs_name": "cvc5",
        "sbs_solved": 940,
        "sbs_avg_par2": 994.9701973533324,
        "vbs_solved": 961,
        "vbs_avg_par2": 961.3800879608684,
        "gap_cls_solved": 0.3333333333333333,
        "gap_cls_par2": 0.3645927946189028
      }
    },
    {
      "seed": 20,
      "train_size": 4709,
      "test_size": 1570,
      "train_metrics": {
        "solved": 2832,
        "avg_par2": 991.0483984391128,
        "sbs_name": "cvc5",
        "sbs_solved": 2787,
        "sbs_avg_par2": 1015.003855059455,
        "vbs_solved": 2847,
        "vbs_avg_par2": 982.3129877004264,
        "gap_cls_solved": 0.75,
        "gap_cls_par2": 0.7327874282823568
      },
      "test_metrics": {
        "solved": 897,
        "avg_par2": 1058.309699700134,
        "sbs_name": "cvc5",
        "sbs_solved": 901,
        "sbs_avg_par2": 1053.8398793071274,
        "vbs_solved": 912,
        "vbs_avg_par2": 1036.551965969169,
        "gap_cls_solved": -0.36363636363636365,
        "gap_cls_par2": -0.2585517584237515
      }
    },
    {
      "seed": 30,
      "train_size": 4709,
      "test_size": 1570,
      "train_metrics": {
        "solved": 2810,
        "avg_par2": 1000.0091876439304,
        "sbs_name": "cvc5",
        "sbs_solved": 2773,
        "sbs_avg_par2": 1019.4431263228626,
        "vbs_solved": 2825,
        "vbs_avg_par2": 991.6683168039527,
        "gap_cls_solved": 0.7115384615384616,
        "gap_cls_par2": 0.699696560140259
      },
      "test_metrics": {
        "solved": 916,
        "avg_par2": 1035.424964036597,
        "sbs_name": "cvc5",
        "sbs_solved": 915,
        "sbs_avg_par2": 1040.5248930782193,
        "vbs_solved": 934,
        "vbs_avg_par2": 1008.491937466937,
        "gap_cls_solved": 0.05263157894736842,
        "gap_cls_par2": 0.15920881930189648
      }
    },
    {
      "seed": 40,
      "train_size": 4709,
      "test_size": 1570,
      "train_metrics": {
        "solved": 2782,
        "avg_par2": 1013.7641388163173,
        "sbs_name": "cvc5",
        "sbs_solved": 2742,
        "sbs_avg_par2": 1034.1507362187206,
        "vbs_solved": 2798,
        "vbs_avg_par2": 1004.9774707652005,
        "gap_cls_solved": 0.7142857142857143,
        "gap_cls_par2": 0.6988109519273359
      },
      "test_metrics": {
        "solved": 947,
        "avg_par2": 990.9660042879858,
        "sbs_name": "cvc5",
        "sbs_solved": 946,
        "sbs_avg_par2": 996.411431295037,
        "vbs_solved": 961,
        "vbs_avg_par2": 968.5729527513217,
        "gap_cls_solved": 0.06666666666666667,
        "gap_cls_par2": 0.19560792442374828
      }
    }
  ],
  "aggregated": {
    "train": {
      "gap_cls_solved_mean": 0.728983016983017,
      "gap_cls_solved_std": 0.02153966568095956,
      "gap_cls_par2_mean": 0.7148417777415789,
      "gap_cls_par2_std": 0.017571696587706357
    },
    "test": {
      "gap_cls_solved_mean": 0.06779904306220094,
      "gap_cls_solved_std": 0.2408624057074808,
      "gap_cls_par2_mean": 0.14802866350528227,
      "gap_cls_par2_std": 0.2153252476291451
    }
  }
}