{
  "division": "QF_LIA",
  "n_seeds": 5,
  "seed_values": [
    0,
    10,
    20,
    30,
    40
  ],
  "model_type": "fusion_pwc",
  "splits_dir": "/home/john-lu/Desktop/smt-select/data/cp26/performance_splits/smtcomp24/QF_LIA",
  "benchmark_root": "/home/john-lu/Desktop/smt_data/smtlib25/non-incremental",
  "seeds": [
    {
      "seed": 0,
      "train_size": 3618,
      "test_size": 1207,
      "train_metrics": {
        "total_count": 3618,
        "solved": 3533,
        "avg_par2": 65.3239559444487,
        "sbs_solved": 3390,
        "sbs_avg_par2": 211.21875675864814,
        "vbs_solved": 3544,
        "vbs_avg_par2": 57.76171831546939,
        "gap_cls_solved": 0.9285714285714286,
        "gap_cls_par2": 0.9507208160296967
      },
      "test_metrics": {
        "total_count": 1207,
        "solved": 1171,
        "avg_par2": 81.55796983363568,
        "sbs_solved": 1124,
        "sbs_avg_par2": 221.90117742543984,
        "vbs_solved": 1182,
        "vbs_avg_par2": 56.74290921905257,
        "gap_cls_solved": 0.8103448275862069,
        "gap_cls_par2": 0.849749813411864
      }
    },
    {
      "seed": 10,
      "train_size": 3618,
      "test_size": 1207,
      "train_metrics": {
        "total_count": 3618,
        "solved": 3535,
        "avg_par2": 64.0220110095594,
        "sbs_solved": 3385,
        "sbs_avg_par2": 214.80620765811412,
        "vbs_solved": 3543,
        "vbs_avg_par2": 57.38506665321782,
        "gap_cls_solved": 0.9493670886075949,
        "gap_cls_par2": 0.9578395613576759
      },
      "test_metrics": {
        "total_count": 1207,
        "solved": 1172,
        "avg_par2": 77.46850892946853,
        "sbs_solved": 1129,
        "sbs_avg_par2": 211.14774134071087,
        "vbs_solved": 1183,
        "vbs_avg_par2": 57.871928037632664,
        "gap_cls_solved": 0.7962962962962963,
        "gap_cls_par2": 0.8721482504673664
      }
    },
    {
      "seed": 20,
      "train_size": 3618,
      "test_size": 1207,
      "train_metrics": {
        "total_count": 3618,
        "solved": 3536,
        "avg_par2": 62.553419287162384,
        "sbs_solved": 3384,
        "sbs_avg_par2": 215.0290765680648,
        "vbs_solved": 3546,
        "vbs_avg_par2": 55.23112424398988,
        "gap_cls_solved": 0.9382716049382716,
        "gap_cls_par2": 0.9541777917884536
      },
      "test_metrics": {
        "total_count": 1207,
        "solved": 1172,
        "avg_par2": 81.88251638985257,
        "sbs_solved": 1130,
        "sbs_avg_par2": 210.47968855181145,
        "vbs_solved": 1180,
        "vbs_avg_par2": 64.32840163878153,
        "gap_cls_solved": 0.84,
        "gap_cls_par2": 0.8798907958879832
      }
    },
    {
      "seed": 30,
      "train_size": 3618,
      "test_size": 1207,
      "train_metrics": {
        "total_count": 3618,
        "solved": 3540,
        "avg_par2": 61.306017664301166,
        "sbs_solved": 3386,
        "sbs_avg_par2": 210.82636253598452,
        "vbs_solved": 3548,
        "vbs_avg_par2": 54.73785351010224,
        "gap_cls_solved": 0.9506172839506173,
        "gap_cls_par2": 0.9579202582227894
      },
      "test_metrics": {
        "total_count": 1207,
        "solved": 1172,
        "avg_par2": 83.09126320823339,
        "sbs_solved": 1128,
        "sbs_avg_par2": 223.0773847971027,
        "vbs_solved": 1178,
        "vbs_avg_par2": 65.80698781542236,
        "gap_cls_solved": 0.88,
        "gap_cls_par2": 0.8900983546520558
      }
    },
    {
      "seed": 40,
      "train_size": 3618,
      "test_size": 1207,
      "train_metrics": {
        "total_count": 3618,
        "solved": 3521,
        "avg_par2": 73.10285204230445,
        "sbs_solved": 3370,
        "sbs_avg_par2": 224.3013800742982,
        "vbs_solved": 3532,
        "vbs_avg_par2": 65.21746850427438,
        "gap_cls_solved": 0.9320987654320988,
        "gap_cls_par2": 0.9504325518513596
      },
      "test_metrics": {
        "total_count": 1207,
        "solved": 1187,
        "avg_par2": 48.117159879822104,
        "sbs_solved": 1144,
        "sbs_avg_par2": 182.68582435499917,
        "vbs_solved": 1194,
        "vbs_avg_par2": 34.394189928997484,
        "gap_cls_solved": 0.86,
        "gap_cls_par2": 0.9074595812235622
      }
    }
  ],
  "aggregated": {
    "train": {
      "gap_cls_solved_mean": 0.9397852343000022,
      "gap_cls_solved_std": 0.008902444024260466,
      "gap_cls_par2_mean": 0.9542181958499951,
      "gap_cls_par2_std": 0.003267535846239611
    },
    "test": {
      "gap_cls_solved_mean": 0.8373282247765006,
      "gap_cls_solved_std": 0.030834237639638176,
      "gap_cls_par2_mean": 0.8798693591285662,
      "gap_cls_par2_std": 0.01914500309398773
    }
  }
}