{
  "division": "QF_LIA",
  "n_seeds": 5,
  "seed_values": [
    0,
    10,
    20,
    30,
    40
  ],
  "model_type": "SVM",
  "splits_dir": "/home/john-lu/Desktop/smt-select/data/cp26/performance_splits/smtcomp24/QF_LIA",
  "feature_csv_path": [
    "data/features/syntactic/catalog_all/QF_LIA.csv",
    "data/features/smtlib_desc/minilm/QF_LIA.csv"
  ],
  "seeds": [
    {
      "seed": 0,
      "train_size": 3618,
      "test_size": 1207,
      "train_metrics": {
        "solved": 3536,
        "avg_par2": 64.64503384095806,
        "sbs_name": "OpenSMT",
        "sbs_solved": 3390,
        "sbs_avg_par2": 211.21875675864814,
        "vbs_solved": 3544,
        "vbs_avg_par2": 57.76171831546939,
        "gap_cls_solved": 0.948051948051948,
        "gap_cls_par2": 0.9551449995691309
      },
      "test_metrics": {
        "solved": 1179,
        "avg_par2": 67.94053441285607,
        "sbs_name": "OpenSMT",
        "sbs_solved": 1124,
        "sbs_avg_par2": 221.90117742543984,
        "vbs_solved": 1182,
        "vbs_avg_par2": 56.74290921905257,
        "gap_cls_solved": 0.9482758620689655,
        "gap_cls_par2": 0.9322006381187614
      }
    },
    {
      "seed": 10,
      "train_size": 3618,
      "test_size": 1207,
      "train_metrics": {
        "solved": 3536,
        "avg_par2": 64.69989866894026,
        "sbs_name": "OpenSMT",
        "sbs_solved": 3385,
        "sbs_avg_par2": 214.80620765811412,
        "vbs_solved": 3543,
        "vbs_avg_par2": 57.38506665321782,
        "gap_cls_solved": 0.9556962025316456,
        "gap_cls_par2": 0.9535333566442963
      },
      "test_metrics": {
        "solved": 1176,
        "avg_par2": 71.40856926202622,
        "sbs_name": "OpenSMT",
        "sbs_solved": 1129,
        "sbs_avg_par2": 211.14774134071087,
        "vbs_solved": 1183,
        "vbs_avg_par2": 57.871928037632664,
        "gap_cls_solved": 0.8703703703703703,
        "gap_cls_par2": 0.9116844273556257
      }
    },
    {
      "seed": 20,
      "train_size": 3618,
      "test_size": 1207,
      "train_metrics": {
        "solved": 3538,
        "avg_par2": 62.53759299334679,
        "sbs_name": "OpenSMT",
        "sbs_solved": 3384,
        "sbs_avg_par2": 215.0290765680648,
        "vbs_solved": 3546,
        "vbs_avg_par2": 55.23112424398988,
        "gap_cls_solved": 0.9506172839506173,
        "gap_cls_par2": 0.9542768311915589
      },
      "test_metrics": {
        "solved": 1179,
        "avg_par2": 71.95019806552692,
        "sbs_name": "OpenSMT",
        "sbs_solved": 1130,
        "sbs_avg_par2": 210.47968855181145,
        "vbs_solved": 1180,
        "vbs_avg_par2": 64.32840163878153,
        "gap_cls_solved": 0.98,
        "gap_cls_par2": 0.9478499533754986
      }
    },
    {
      "seed": 30,
      "train_size": 3618,
      "test_size": 1207,
      "train_metrics": {
        "solved": 3545,
        "avg_par2": 59.70006438062467,
        "sbs_name": "OpenSMT",
        "sbs_solved": 3386,
        "sbs_avg_par2": 210.82636253598452,
        "vbs_solved": 3548,
        "vbs_avg_par2": 54.73785351010224,
        "gap_cls_solved": 0.9814814814814815,
        "gap_cls_par2": 0.9682089930803324
      },
      "test_metrics": {
        "solved": 1172,
        "avg_par2": 82.95665725444552,
        "sbs_name": "OpenSMT",
        "sbs_solved": 1128,
        "sbs_avg_par2": 223.0773847971027,
        "vbs_solved": 1178,
        "vbs_avg_par2": 65.80698781542236,
        "gap_cls_solved": 0.88,
        "gap_cls_par2": 0.890954243340399
      }
    },
    {
      "seed": 40,
      "train_size": 3618,
      "test_size": 1207,
      "train_metrics": {
        "solved": 3526,
        "avg_par2": 71.34697175279643,
        "sbs_name": "OpenSMT",
        "sbs_solved": 3370,
        "sbs_avg_par2": 224.3013800742982,
        "vbs_solved": 3532,
        "vbs_avg_par2": 65.21746850427438,
        "gap_cls_solved": 0.9629629629629629,
        "gap_cls_par2": 0.9614699991468086
      },
      "test_metrics": {
        "solved": 1187,
        "avg_par2": 51.60318599590127,
        "sbs_name": "OpenSMT",
        "sbs_solved": 1144,
        "sbs_avg_par2": 182.68582435499917,
        "vbs_solved": 1194,
        "vbs_avg_par2": 34.394189928997484,
        "gap_cls_solved": 0.86,
        "gap_cls_par2": 0.8839516731101162
      }
    }
  ],
  "aggregated": {
    "train": {
      "gap_cls_solved_mean": 0.9597619757957311,
      "gap_cls_solved_std": 0.011993864239813124,
      "gap_cls_par2_mean": 0.9585268359264255,
      "gap_cls_par2_std": 0.005600724410819151
    },
    "test": {
      "gap_cls_solved_mean": 0.9077292464878672,
      "gap_cls_solved_std": 0.047559999062531055,
      "gap_cls_par2_mean": 0.91332818706008,
      "gap_cls_par2_std": 0.024142065503550244
    }
  }
}