{
  "n_splits": 4,
  "n_instances": 1989,
  "fusion_method": "fixed_alpha",
  "model_type": "Fusion_SVM_fixed_alpha",
  "folds_dir": "data/perf_data/folds/ABV",
  "feature_csv_synt": "data/features/syntactic/catalog0/ABV.CSV",
  "feature_csv_desc": "data/features/native_desc/all_mpnet_base_v2/ABV.csv",
  "alpha_candidates": [
    0.0,
    0.05,
    0.1,
    0.15,
    0.2,
    0.25,
    0.3,
    0.35,
    0.4,
    0.45,
    0.5,
    0.55,
    0.6,
    0.65,
    0.7,
    0.75,
    0.8,
    0.85,
    0.9,
    0.95,
    1.0
  ],
  "folds": [
    {
      "fold": 1,
      "train_size": 1491,
      "test_size": 498,
      "best_alpha": 1.0,
      "alpha_tuning_results": {
        "0.0": 0.03774353889820196,
        "0.05": 0.03774353889820196,
        "0.1": 0.03774353889820196,
        "0.15": 0.03774353889820196,
        "0.2": 0.03774353889820196,
        "0.25": 0.03774353889820196,
        "0.3": 0.03774353889820196,
        "0.35": 0.03774353889820196,
        "0.4": 0.03774353889820196,
        "0.45": 0.03774353889820196,
        "0.5": 0.35387676831222414,
        "0.55": 0.3918130354754021,
        "0.6": 0.4044585824977897,
        "0.65": 0.45326624478036737,
        "0.7": 0.6540686224350153,
        "0.75": 0.8413584232802144,
        "0.8": 0.9962340990473293,
        "0.85": 0.9964650266598248,
        "0.9": 0.9968629936366832,
        "0.95": 0.9970213800900204,
        "1.0": 0.9973482528612984
      },
      "train_metrics": {
        "total_instances": 1491,
        "solved": 588,
        "solve_rate": 39.436619718309856,
        "avg_par2": 1456.2853828687248,
        "sbs_name": "cvc5",
        "sbs_solved": 509,
        "sbs_solve_rate": 34.13816230717639,
        "sbs_avg_par2": 1583.2272692572092,
        "vbs_solved": 588,
        "vbs_solve_rate": 39.436619718309856,
        "vbs_avg_par2": 1455.9478700861573,
        "gap_cls_solved": 1.0,
        "gap_cls_par2": 0.9973482528612984
      },
      "test_metrics": {
        "total_instances": 498,
        "solved": 192,
        "solve_rate": 38.55421686746988,
        "avg_par2": 1476.63582546804,
        "sbs_name": "cvc5",
        "sbs_solved": 172,
        "sbs_solve_rate": 34.53815261044177,
        "sbs_avg_par2": 1572.9839009019133,
        "vbs_solved": 200,
        "vbs_solve_rate": 40.16064257028113,
        "vbs_avg_par2": 1438.0856133601828,
        "gap_cls_solved": 0.7142857142857143,
        "gap_cls_par2": 0.7142275650020268
      }
    },
    {
      "fold": 2,
      "train_size": 1492,
      "test_size": 497,
      "best_alpha": 0.95,
      "alpha_tuning_results": {
        "0.0": 0.011953832350905273,
        "0.05": 0.011953832350905273,
        "0.1": 0.011953832350905273,
        "0.15": 0.011953832350905273,
        "0.2": 0.011953832350905273,
        "0.25": 0.011953832350905273,
        "0.3": 0.011953832350905273,
        "0.35": 0.011953832350905273,
        "0.4": 0.011953832350905273,
        "0.45": 0.011953832350905273,
        "0.5": 0.25027945227378556,
        "0.55": 0.32177114154082537,
        "0.6": 0.3459993316222204,
        "0.65": 0.37579491610827054,
        "0.7": 0.48252304216429676,
        "0.75": 0.6137446939414526,
        "0.8": 0.9971449667318485,
        "0.85": 0.9972762908314933,
        "0.9": 0.9974405792015166,
        "0.95": 0.997720093853933,
        "1.0": 0.9977162192790393
      },
      "train_metrics": {
        "total_instances": 1492,
        "solved": 599,
        "solve_rate": 40.147453083109916,
        "avg_par2": 1439.497253759802,
        "sbs_name": "cvc5",
        "sbs_solved": 515,
        "sbs_solve_rate": 34.51742627345845,
        "sbs_avg_par2": 1574.1657108109996,
        "vbs_solved": 599,
        "vbs_solve_rate": 40.147453083109916,
        "vbs_avg_par2": 1439.1895207144282,
        "gap_cls_solved": 1.0,
        "gap_cls_par2": 0.997720093853933
      },
      "test_metrics": {
        "total_instances": 497,
        "solved": 183,
        "solve_rate": 36.820925553319924,
        "avg_par2": 1517.9779711448948,
        "sbs_name": "cvc5",
        "sbs_solved": 166,
        "sbs_solve_rate": 33.400402414486926,
        "sbs_avg_par2": 1600.1661983533993,
        "vbs_solved": 189,
        "vbs_solve_rate": 38.028169014084504,
        "vbs_avg_par2": 1488.35844033381,
        "gap_cls_solved": 0.7391304347826086,
        "gap_cls_par2": 0.7350851914417663
      }
    },
    {
      "fold": 3,
      "train_size": 1492,
      "test_size": 497,
      "best_alpha": 1.0,
      "alpha_tuning_results": {
        "0.0": 0.012510224824526408,
        "0.05": 0.012510224824526408,
        "0.1": 0.012510224824526408,
        "0.15": 0.012510224824526408,
        "0.2": 0.012510224824526408,
        "0.25": 0.012510224824526408,
        "0.3": 0.012510224824526408,
        "0.35": 0.012510224824526408,
        "0.4": 0.012510224824526408,
        "0.45": 0.025153098851295852,
        "0.5": 0.025153098851295852,
        "0.55": 0.037796467598477906,
        "0.6": 0.26541531039192257,
        "0.65": 0.35021762627084047,
        "0.7": 0.7807606524289419,
        "0.75": 0.7807716260063615,
        "0.8": 0.9947840726659374,
        "0.85": 0.9959186380558248,
        "0.9": 0.9959937531980403,
        "0.95": 0.9962832748912956,
        "1.0": 0.9963616760891498
      },
      "train_metrics": {
        "total_instances": 1492,
        "solved": 601,
        "solve_rate": 40.28150134048257,
        "avg_par2": 1435.477764201821,
        "sbs_name": "cvc5",
        "sbs_solved": 522,
        "sbs_solve_rate": 34.98659517426274,
        "sbs_avg_par2": 1562.21060281243,
        "vbs_solved": 601,
        "vbs_solve_rate": 40.28150134048257,
        "vbs_avg_par2": 1435.0149853454354,
        "gap_cls_solved": 1.0,
        "gap_cls_par2": 0.9963616760891498
      },
      "test_metrics": {
        "total_instances": 497,
        "solved": 179,
        "solve_rate": 36.016096579476866,
        "avg_par2": 1539.8852009552425,
        "sbs_name": "cvc5",
        "sbs_solved": 159,
        "sbs_solve_rate": 31.991951710261567,
        "sbs_avg_par2": 1636.055576892363,
        "vbs_solved": 187,
        "vbs_solve_rate": 37.62575452716298,
        "vbs_avg_par2": 1500.8904459083326,
        "gap_cls_solved": 0.7142857142857143,
        "gap_cls_par2": 0.711502850158026
      }
    },
    {
      "fold": 4,
      "train_size": 1492,
      "test_size": 497,
      "best_alpha": 1.0,
      "alpha_tuning_results": {
        "0.0": 0.012501630284689636,
        "0.05": 0.012501630284689636,
        "0.1": 0.012501630284689636,
        "0.15": 0.012501630284689636,
        "0.2": 0.012501630284689636,
        "0.25": 0.012501630284689636,
        "0.3": 0.012501630284689636,
        "0.35": 0.012501630284689636,
        "0.4": 0.012501630284689636,
        "0.45": 0.012501630284689636,
        "0.5": 0.012501630284689636,
        "0.55": 0.012501630284689636,
        "0.6": 0.05041205037700829,
        "0.65": 0.3915679535627706,
        "0.7": 0.4523973758968255,
        "0.75": 0.5788487602108642,
        "0.8": 0.9967401194082912,
        "0.85": 0.9969184002925757,
        "0.9": 0.9971108167059144,
        "0.95": 0.9973108954621881,
        "1.0": 0.9979324176687989
      },
      "train_metrics": {
        "total_instances": 1492,
        "solved": 576,
        "solve_rate": 38.605898123324394,
        "avg_par2": 1476.016097337433,
        "sbs_name": "cvc5",
        "sbs_solved": 497,
        "sbs_solve_rate": 33.310991957104555,
        "sbs_avg_par2": 1603.0483947361245,
        "vbs_solved": 576,
        "vbs_solve_rate": 38.605898123324394,
        "vbs_avg_par2": 1475.7529034287643,
        "gap_cls_solved": 1.0,
        "gap_cls_par2": 0.9979324176687989
      },
      "test_metrics": {
        "total_instances": 497,
        "solved": 204,
        "solve_rate": 41.04627766599598,
        "avg_par2": 1417.6492609250345,
        "sbs_name": "cvc5",
        "sbs_solved": 184,