{
  "division": "UFNIA",
  "n_seeds": 5,
  "seed_values": [
    0,
    10,
    20,
    30,
    40
  ],
  "model_type": "machsmt_pwc",
  "splits_dir": "/lustre06/project/6001884/jchen688/SMT_AS_LM/data/cp26/performance_splits/smtcomp24/UFNIA",
  "benchmark_root": "/lustre07/scratch/jchen688/smtlib24/non-incremental",
  "seeds": [
    {
      "seed": 0,
      "train_size": 4709,
      "test_size": 1570,
      "train_metrics": {
        "total_count": 4709,
        "solved": 745,
        "avg_par2": 2021.3956769946947,
        "sbs_solved": 2775,
        "sbs_avg_par2": 1018.7174375948565,
        "vbs_solved": 2830,
        "vbs_avg_par2": 988.6280494388818,
        "gap_cls_solved": -36.90909090909091,
        "gap_cls_par2": -33.3233176494731
      },
      "test_metrics": {
        "total_count": 1570,
        "solved": 265,
        "avg_par2": 1996.0874974529702,
        "sbs_solved": 913,
        "sbs_avg_par2": 1042.7014970401126,
        "vbs_solved": 929,
        "vbs_avg_par2": 1017.610803086114,
        "gap_cls_solved": -40.5,
        "gap_cls_par2": -37.99759393505808
      },
      "train_eval_stats": {
        "total": 4709,
        "file_not_found": 0,
        "feature_timeout": 0,
        "parse_fail": 0
      },
      "test_eval_stats": {
        "total": 1570,
        "file_not_found": 0,
        "feature_timeout": 0,
        "parse_fail": 0
      },
      "train_stats": {
        "parsing_time": 134.31099390983582,
        "training_time": 1.571291208267212,
        "total_benchmarks": 4709,
        "loaded_benchmarks": 4709,
        "skipped_benchmarks": 0,
        "feature_timeout_count": 0
      }
    },
    {
      "seed": 10,
      "train_size": 4709,
      "test_size": 1570,
      "train_metrics": {
        "total_count": 4709,
        "solved": 752,
        "avg_par2": 2018.0784095714387,
        "sbs_solved": 2748,
        "sbs_avg_par2": 1034.6312495524396,
        "vbs_solved": 2798,
        "vbs_avg_par2": 1007.3756015192923,
        "gap_cls_solved": -39.92,
        "gap_cls_par2": -36.08232535227077
      },
      "test_metrics": {
        "total_count": 1570,
        "solved": 258,
        "avg_par2": 2006.0335263665713,
        "sbs_solved": 940,
        "sbs_avg_par2": 994.9701973533324,
        "vbs_solved": 961,
        "vbs_avg_par2": 961.3800879608684,
        "gap_cls_solved": -32.476190476190474,
        "gap_cls_par2": -30.100030851345565
      },
      "train_eval_stats": {
        "total": 4709,
        "file_not_found": 0,
        "feature_timeout": 0,
        "parse_fail": 0
      },
      "test_eval_stats": {
        "total": 1570,
        "file_not_found": 0,
        "feature_timeout": 0,
        "parse_fail": 0
      },
      "train_stats": {
        "parsing_time": 102.63343071937561,
        "training_time": 1.6605055332183838,
        "total_benchmarks": 4709,
        "loaded_benchmarks": 4709,
        "skipped_benchmarks": 0,
        "feature_timeout_count": 0
      }
    },
    {
      "seed": 20,
      "train_size": 4709,
      "test_size": 1570,
      "train_metrics": {
        "total_count": 4709,
        "solved": 740,
        "avg_par2": 2024.0379630493585,
        "sbs_solved": 2787,
        "sbs_avg_par2": 1015.0038550594526,
        "vbs_solved": 2847,
        "vbs_avg_par2": 982.3129877004255,
        "gap_cls_solved": -34.11666666666667,
        "gap_cls_par2": -30.865932583195224
      },
      "test_metrics": {
        "total_count": 1570,
        "solved": 270,
        "avg_par2": 1988.158574701925,
        "sbs_solved": 901,
        "sbs_avg_par2": 1053.8398793071274,
        "vbs_solved": 912,
        "vbs_avg_par2": 1036.5519659691693,
        "gap_cls_solved": -57.36363636363637,
        "gap_cls_par2": -54.04461933201422
      },
      "train_eval_stats": {
        "total": 4709,
        "file_not_found": 0,
        "feature_timeout": 0,
        "parse_fail": 0
      },
      "test_eval_stats": {
        "total": 1570,
        "file_not_found": 0,
        "feature_timeout": 0,
        "parse_fail": 0
      },
      "train_stats": {
        "parsing_time": 97.4023208618164,
        "training_time": 1.7632405757904053,
        "total_benchmarks": 4709,
        "loaded_benchmarks": 4709,
        "skipped_benchmarks": 0,
        "feature_timeout_count": 0
      }
    },
    {
      "seed": 30,
      "train_size": 4709,
      "test_size": 1570,
      "train_metrics": {
        "total_count": 4709,
        "solved": 771,
        "avg_par2": 2008.3567173358288,
        "sbs_solved": 2773,
        "sbs_avg_par2": 1019.4431263228606,
        "vbs_solved": 2825,
        "vbs_avg_par2": 991.6683168039525,
        "gap_cls_solved": -38.5,
        "gap_cls_par2": -35.604693898611636
      },
      "test_metrics": {
        "total_count": 1570,
        "solved": 239,
        "avg_par2": 2035.1923546037526,
        "sbs_solved": 915,
        "sbs_avg_par2": 1040.5248930782193,
        "vbs_solved": 934,
        "vbs_avg_par2": 1008.491937466937,
        "gap_cls_solved": -35.578947368421055,
        "gap_cls_par2": -31.05137951039403
      },
      "train_eval_stats": {
        "total": 4709,
        "file_not_found": 0,
        "feature_timeout": 0,
        "parse_fail": 0
      },
      "test_eval_stats": {
        "total": 1570,
        "file_not_found": 0,
        "feature_timeout": 0,
        "parse_fail": 0
      },
      "train_stats": {
        "parsing_time": 93.78058862686157,
        "training_time": 1.5683209896087646,
        "total_benchmarks": 4709,
        "loaded_benchmarks": 4709,
        "skipped_benchmarks": 0,
        "feature_timeout_count": 0
      }
    },
    {
      "seed": 40,
      "train_size": 4709,
      "test_size": 1570,
      "train_metrics": {
        "total_count": 4709,
        "solved": 764,
        "avg_par2": 2011.668361789398,
        "sbs_solved": 2742,
        "sbs_avg_par2": 1034.150736218721,
        "vbs_solved": 2798,
        "vbs_avg_par2": 1004.9774707652,
        "gap_cls_solved": -35.32142857142857,
        "gap_cls_par2": -33.50730918786114
      },
      "test_metrics": {
        "total_count": 1570,
        "solved": 246,
        "avg_par2": 2025.2595447881974,
        "sbs_solved": 946,
        "sbs_avg_par2": 996.411431295037,
        "vbs_solved": 961,
        "vbs_avg_par2": 968.5729527513217,
        "gap_cls_solved": -46.666666666666664,
        "gap_cls_par2": -36.95777094561908
      },
      "train_eval_stats": {
        "total": 4709,
        "file_not_found": 0,
        "feature_timeout": 0,
        "parse_fail": 0
      },
      "test_eval_stats": {
        "total": 1570,
        "file_not_found": 0,
        "feature_timeout": 0,
        "parse_fail": 0
      },
      "train_stats": {
        "parsing_time": 95.37817192077637,
        "training_time": 1.6135647296905518,
        "total_benchmarks": 4709,
        "loaded_benchmarks": 4709,
        "skipped_benchmarks": 0,
        "feature_timeout_count": 0
      }
    }
  ],
  "aggregated": {
    "train": {
      "gap_cls_solved_mean": -36.95343722943723,
      "gap_cls_solved_std": 2.0930856244657057,
      "gap_cls_par2_mean": -33.87671573428237,
      "gap_cls_par2_std": 1.8632309649123673
    },
    "test": {
      "gap_cls_solved_mean": -42.51708817498291,
      "gap_cls_solved_std": 8.839288024853625,
      "gap_cls_par2_mean": -38.030278914886196,
      "gap_cls_par2_std": 8.593070602468236
    }
  }
}