{
  "n_splits": 4,
  "n_instances": 23722,
  "model_type": "SVM",
  "folds_dir": "data/foiks26/perf_data/folds/QF_SLIA",
  "feature_csv_path": "data/features/native_desc/all_mpnet_base_v2/QF_SLIA.CSV",
  "svm_c": 1.0,
  "folds": [
    {
      "fold": 1,
      "train_size": 17791,
      "test_size": 5931,
      "train_metrics": {
        "total_instances": 17791,
        "solved": 17754,
        "solve_rate": 99.79202967792705,
        "avg_par2": 10.157351844303294,
        "sbs_name": "Z3-Noodler",
        "sbs_solved": 17455,
        "sbs_solve_rate": 98.11140464279691,
        "sbs_avg_par2": 46.67261042537393,
        "vbs_solved": 17773,
        "vbs_solve_rate": 99.89882524872127,
        "vbs_avg_par2": 4.346176728866276,
        "gap_cls_solved": 0.940251572327044,
        "gap_cls_par2": 0.862705770178873
      },
      "test_metrics": {
        "total_instances": 5931,
        "solved": 5924,
        "solve_rate": 99.88197605800033,
        "avg_par2": 8.158545672101562,
        "sbs_name": "Z3-Noodler",
        "sbs_solved": 5821,
        "sbs_solve_rate": 98.145338054291,
        "sbs_avg_par2": 45.44219224345897,
        "vbs_solved": 5927,
        "vbs_solve_rate": 99.93255774742876,
        "vbs_avg_par2": 3.3164413873081666,
        "gap_cls_solved": 0.9716981132075472,
        "gap_cls_par2": 0.8850559530362319
      }
    },
    {
      "fold": 2,
      "train_size": 17791,
      "test_size": 5931,
      "train_metrics": {
        "total_instances": 17791,
        "solved": 17761,
        "solve_rate": 99.83137541453544,
        "avg_par2": 9.183477806812574,
        "sbs_name": "Z3-Noodler",
        "sbs_solved": 17444,
        "sbs_solve_rate": 98.04957562812659,
        "sbs_avg_par2": 48.12435089666354,
        "vbs_solved": 17775,
        "vbs_solve_rate": 99.91006688775224,
        "vbs_avg_par2": 3.984671164412496,
        "gap_cls_solved": 0.9577039274924471,
        "gap_cls_par2": 0.8822192033577098
      },
      "test_metrics": {
        "total_instances": 5931,
        "solved": 5917,
        "solve_rate": 99.76395211600068,
        "avg_par2": 11.0819568624022,
        "sbs_name": "Z3-Noodler",
        "sbs_solved": 5832,
        "sbs_solve_rate": 98.33080424886191,
        "sbs_avg_par2": 41.087460372827806,
        "vbs_solved": 5925,
        "vbs_solve_rate": 99.89883662114315,
        "vbs_avg_par2": 4.400836176921587,
        "gap_cls_solved": 0.9139784946236559,
        "gap_cls_par2": 0.8178867412328947
      }
    },
    {
      "fold": 3,
      "train_size": 17792,
      "test_size": 5930,
      "train_metrics": {
        "total_instances": 17792,
        "solved": 17760,
        "solve_rate": 99.82014388489209,
        "avg_par2": 9.468107533879971,
        "sbs_name": "Z3-Noodler",
        "sbs_solved": 17466,
        "sbs_solve_rate": 98.16771582733813,
        "sbs_avg_par2": 45.1134572928908,
        "vbs_solved": 17776,
        "vbs_solve_rate": 99.91007194244604,
        "vbs_avg_par2": 4.020469461297586,
        "gap_cls_solved": 0.9483870967741935,
        "gap_cls_par2": 0.8674314436587617
      },
      "test_metrics": {
        "total_instances": 5930,
        "solved": 5918,
        "solve_rate": 99.79763912310287,
        "avg_par2": 10.226173996701828,
        "sbs_name": "Z3-Noodler",
        "sbs_solved": 5810,
        "sbs_solve_rate": 97.97639123102867,
        "sbs_avg_par2": 50.11997000314833,
        "vbs_solved": 5924,
        "vbs_solve_rate": 99.89881956155143,
        "vbs_avg_par2": 4.293499392239121,
        "gap_cls_solved": 0.9473684210526315,
        "gap_cls_par2": 0.8705404425570055
      }
    },
    {
      "fold": 4,
      "train_size": 17792,
      "test_size": 5930,
      "train_metrics": {
        "total_instances": 17792,
        "solved": 17759,
        "solve_rate": 99.81452338129496,
        "avg_par2": 9.82189008880363,
        "sbs_name": "Z3-Noodler",
        "sbs_solved": 17463,
        "sbs_solve_rate": 98.15085431654677,
        "sbs_avg_par2": 45.54961734407973,
        "vbs_solved": 17776,
        "vbs_solve_rate": 99.91007194244604,
        "vbs_avg_par2": 4.003576024585469,
        "gap_cls_solved": 0.9456869009584664,
        "gap_cls_par2": 0.8599550311069448
      },
      "test_metrics": {
        "total_instances": 5930,
        "solved": 5919,
        "solve_rate": 99.81450252951096,
        "avg_par2": 9.16470701235078,
        "sbs_name": "Z3-Noodler",
        "sbs_solved": 5813,
        "sbs_solve_rate": 98.02698145025295,
        "sbs_avg_par2": 48.81134274669752,
        "vbs_solved": 5924,
        "vbs_solve_rate": 99.89881956155143,
        "vbs_avg_par2": 4.344185399993254,
        "gap_cls_solved": 0.954954954954955,
        "gap_cls_par2": 0.8915936637286572
      }
    }
  ],
  "aggregated": {
    "test_solve_rate_mean": 99.8145174566537,
    "test_solve_rate_std": 0.042989518889121635,
    "test_avg_par2_mean": 9.657845885889092,
    "test_avg_par2_std": 1.1002472443300026,
    "test_sbs_solve_rate_mean": 98.11987874610864,
    "test_sbs_solve_rate_std": 0.13634177518828222,
    "test_sbs_avg_par2_mean": 46.36524134153315,
    "test_sbs_avg_par2_std": 3.4924343586453244,
    "test_vbs_solve_rate_mean": 99.90725837291869,
    "test_vbs_solve_rate_std": 0.014606602344093276,
    "test_vbs_avg_par2_mean": 4.088740589115532,
    "test_vbs_avg_par2_std": 0.4475008189660831,
    "test_gap_cls_solved_mean": 0.9469999959596974,
    "test_gap_cls_solved_std": 0.020999009832251968,
    "test_gap_cls_par2_mean": 0.8662692001386973,
    "test_gap_cls_par2_std": 0.02895417233370632,
    "train_solve_rate_mean": 99.81451808966239,
    "train_solve_rate_std": 0.01433132638856108,
    "train_avg_par2_mean": 9.657706818449867,
    "train_avg_par2_std": 0.36655229582967713,
    "train_sbs_solve_rate_mean": 98.1198876037021,
    "train_sbs_solve_rate_std": 0.0454483520483203,
    "train_sbs_avg_par2_mean": 46.365008989752006,
    "train_sbs_avg_par2_std": 1.164167918983351,
    "train_vbs_solve_rate_mean": 99.9072590053414,
    "train_vbs_solve_rate_std": 0.0048692320921792645,
    "train_vbs_avg_par2_mean": 4.088723344790457,
    "train_vbs_avg_par2_std": 0.14917922104254994,
    "train_gap_cls_solved_mean": 0.9480073743880377,
    "train_gap_cls_solved_std": 0.006318710187685463,
    "train_gap_cls_par2_mean": 0.8680778620755722,
    "train_gap_cls_par2_std": 0.008591203994769205
  }
}