{
  "division": "QF_BV",
  "n_seeds": 5,
  "seed_values": [
    0,
    10,
    20,
    30,
    40
  ],
  "model_type": "machsmt_ehm",
  "splits_dir": "/lustre06/project/6001884/jchen688/SMT_AS_LM/data/cp26/performance_splits/smtcomp24/QF_BV",
  "benchmark_root": "/lustre07/scratch/jchen688/smtlib24/non-incremental",
  "seeds": [
    {
      "seed": 0,
      "train_size": 8027,
      "test_size": 2676,
      "train_metrics": {
        "total_count": 8027,
        "solved": 7872,
        "avg_par2": 57.67443550603814,
        "sbs_solved": 7864,
        "sbs_avg_par2": 61.77599266787249,
        "vbs_solved": 7918,
        "vbs_avg_par2": 41.85153200714887,
        "gap_cls_solved": 0.14814814814814814,
        "gap_cls_par2": 0.20585536701224763
      },
      "test_metrics": {
        "total_count": 2676,
        "solved": 2619,
        "avg_par2": 62.08458427269421,
        "sbs_solved": 2625,
        "sbs_avg_par2": 58.10378827141716,
        "vbs_solved": 2642,
        "vbs_avg_par2": 40.25809746050704,
        "gap_cls_solved": -0.35294117647058826,
        "gap_cls_par2": -0.22306763259864137
      },
      "train_eval_stats": {
        "total": 8027,
        "file_not_found": 0,
        "feature_timeout": 0,
        "parse_fail": 0
      },
      "test_eval_stats": {
        "total": 2676,
        "file_not_found": 0,
        "feature_timeout": 0,
        "parse_fail": 0
      },
      "train_stats": {
        "parsing_time": 4519.502153873444,
        "training_time": 4.099205732345581,
        "total_benchmarks": 8027,
        "loaded_benchmarks": 8027,
        "skipped_benchmarks": 0,
        "feature_timeout_count": 0
      }
    },
    {
      "seed": 10,
      "train_size": 8027,
      "test_size": 2676,
      "train_metrics": {
        "total_count": 8027,
        "solved": 7881,
        "avg_par2": 55.94582623151722,
        "sbs_solved": 7865,
        "sbs_avg_par2": 61.78417641632123,
        "vbs_solved": 7914,
        "vbs_avg_par2": 43.20045916735318,
        "gap_cls_solved": 0.32653061224489793,
        "gap_cls_par2": 0.31416482001889096
      },
      "test_metrics": {
        "total_count": 2676,
        "solved": 2635,
        "avg_par2": 47.75056932971382,
        "sbs_solved": 2627,
        "sbs_avg_par2": 57.66332678096884,
        "vbs_solved": 2646,
        "vbs_avg_par2": 36.211820063287306,
        "gap_cls_solved": 0.42105263157894735,
        "gap_cls_par2": 0.4621007550525283
      },
      "train_eval_stats": {
        "total": 8027,
        "file_not_found": 0,
        "feature_timeout": 0,
        "parse_fail": 0
      },
      "test_eval_stats": {
        "total": 2676,
        "file_not_found": 0,
        "feature_timeout": 0,
        "parse_fail": 0
      },
      "train_stats": {
        "parsing_time": 4232.045949459076,
        "training_time": 4.247692823410034,
        "total_benchmarks": 8027,
        "loaded_benchmarks": 8027,
        "skipped_benchmarks": 0,
        "feature_timeout_count": 0
      }
    },
    {
      "seed": 20,
      "train_size": 8027,
      "test_size": 2676,
      "train_metrics": {
        "total_count": 8027,
        "solved": 7887,
        "avg_par2": 53.36097002753291,
        "sbs_solved": 7865,
        "sbs_avg_par2": 60.975859810918074,
        "vbs_solved": 7921,
        "vbs_avg_par2": 40.68144053542927,
        "gap_cls_solved": 0.39285714285714285,
        "gap_cls_par2": 0.37522087624267614
      },
      "test_metrics": {
        "total_count": 2676,
        "solved": 2628,
        "avg_par2": 57.10542786341026,
        "sbs_solved": 2624,
        "sbs_avg_par2": 60.50388783897062,
        "vbs_solved": 2639,
        "vbs_avg_par2": 43.76793462175265,
        "gap_cls_solved": 0.26666666666666666,
        "gap_cls_par2": 0.20306342467927177
      },
      "train_eval_stats": {
        "total": 8027,
        "file_not_found": 0,
        "feature_timeout": 0,
        "parse_fail": 0
      },
      "test_eval_stats": {
        "total": 2676,
        "file_not_found": 0,
        "feature_timeout": 0,
        "parse_fail": 0
      },
      "train_stats": {
        "parsing_time": 4053.897849082947,
        "training_time": 4.505656480789185,
        "total_benchmarks": 8027,
        "loaded_benchmarks": 8027,
        "skipped_benchmarks": 0,
        "feature_timeout_count": 0
      }
    },
    {
      "seed": 30,
      "train_size": 8027,
      "test_size": 2676,
      "train_metrics": {
        "total_count": 8027,
        "solved": 7882,
        "avg_par2": 54.26850753348267,
        "sbs_solved": 7870,
        "sbs_avg_par2": 59.73287903806865,
        "vbs_solved": 7928,
        "vbs_avg_par2": 38.991442906889496,
        "gap_cls_solved": 0.20689655172413793,
        "gap_cls_par2": 0.2634519360195977
      },
      "test_metrics": {
        "total_count": 2676,
        "solved": 2618,
        "avg_par2": 64.88752442174176,
        "sbs_solved": 2619,
        "sbs_avg_par2": 64.2323656654513,
        "vbs_solved": 2632,
        "vbs_avg_par2": 48.837295968646785,
        "gap_cls_solved": -0.07692307692307693,
        "gap_cls_par2": -0.042556400795408546
      },
      "train_eval_stats": {
        "total": 8027,
        "file_not_found": 0,
        "feature_timeout": 0,
        "parse_fail": 0
      },
      "test_eval_stats": {
        "total": 2676,
        "file_not_found": 0,
        "feature_timeout": 0,
        "parse_fail": 0
      },
      "train_stats": {
        "parsing_time": 4226.04208779335,
        "training_time": 4.001573801040649,
        "total_benchmarks": 8027,
        "loaded_benchmarks": 8027,
        "skipped_benchmarks": 0,
        "feature_timeout_count": 0
      }
    },
    {
      "seed": 40,
      "train_size": 8027,
      "test_size": 2676,
      "train_metrics": {
        "total_count": 8027,
        "solved": 7860,
        "avg_par2": 60.06119254254211,
        "sbs_solved": 7868,
        "sbs_avg_par2": 59.7629644565803,
        "vbs_solved": 7924,
        "vbs_avg_par2": 40.0005839586007,
        "gap_cls_solved": -0.14285714285714285,
        "gap_cls_par2": -0.015090696487313322
      },
      "test_metrics": {
        "total_count": 2676,
        "solved": 2617,
        "avg_par2": 64.73067408101817,
        "sbs_solved": 2621,
        "sbs_avg_par2": 64.14212065259892,
        "vbs_solved": 2636,
        "vbs_avg_par2": 45.810249921529525,
        "gap_cls_solved": -0.26666666666666666,
        "gap_cls_par2": -0.03210547559784765
      },
      "train_eval_stats": {
        "total": 8027,
        "file_not_found": 0,
        "feature_timeout": 0,
        "parse_fail": 0
      },
      "test_eval_stats": {
        "total": 2676,
        "file_not_found": 0,
        "feature_timeout": 0,
        "parse_fail": 0
      },
      "train_stats": {
        "parsing_time": 4164.546259403229,
        "training_time": 3.8645360469818115,
        "total_benchmarks": 8027,
        "loaded_benchmarks": 8027,
        "skipped_benchmarks": 0,
        "feature_timeout_count": 0
      }
    }
  ],
  "aggregated": {
    "train": {
      "gap_cls_solved_mean": 0.18631506242343682,
      "gap_cls_solved_std": 0.18577119431065212,
      "gap_cls_par2_mean": 0.2287204605612198,
      "gap_cls_par2_std": 0.13411642595136125
    },
    "test": {
      "gap_cls_solved_mean": -0.001762324362943568,
      "gap_cls_solved_std": 0.2999922151182375,
      "gap_cls_par2_mean": 0.07348693414798049,
      "gap_cls_par2_std": 0.23679999676327226
    }
  }
}