{
  "n_splits": 4,
  "n_instances": 966,
  "fusion_method": "fixed_alpha",
  "model_type": "Fusion_SVM_fixed_alpha",
  "folds_dir": "data/perf_data/folds/QF_IDL",
  "feature_csv_synt": "data/features/syntactic/catalog0/QF_IDL.CSV",
  "feature_csv_desc": "data/features/native_desc/all_mpnet_base_v2/QF_IDL.csv",
  "alpha_candidates": [
    0.0,
    0.05,
    0.1,
    0.15,
    0.2,
    0.25,
    0.3,
    0.35,
    0.4,
    0.45,
    0.5,
    0.55,
    0.6,
    0.65,
    0.7,
    0.75,
    0.8,
    0.85,
    0.9,
    0.95,
    1.0
  ],
  "folds": [
    {
      "fold": 1,
      "train_size": 724,
      "test_size": 242,
      "best_alpha": 1.0,
      "alpha_tuning_results": {
        "0.0": 0.7343537188942902,
        "0.05": 0.7343537188942902,
        "0.1": 0.7343537188942902,
        "0.15": 0.734591697360601,
        "0.2": 0.734591697360601,
        "0.25": 0.7338147609543162,
        "0.3": 0.7338147609543162,
        "0.35": 0.7347104532545559,
        "0.4": 0.7347074590654227,
        "0.45": 0.736961929303933,
        "0.5": 0.7421851609140176,
        "0.55": 0.7429268077695778,
        "0.6": 0.7324488549154929,
        "0.65": 0.723713900627441,
        "0.7": 0.6958126253217679,
        "0.75": 0.7020755074952282,
        "0.8": 0.8834682136663508,
        "0.85": 0.8923404357353796,
        "0.9": 0.8938511140873416,
        "0.95": 0.9023790534209458,
        "1.0": 0.9025769441495217
      },
      "train_metrics": {
        "total_instances": 724,
        "solved": 658,
        "solve_rate": 90.88397790055248,
        "avg_par2": 267.53248695394757,
        "sbs_name": "Z3alpha",
        "sbs_solved": 624,
        "sbs_solve_rate": 86.1878453038674,
        "sbs_avg_par2": 375.8697894916229,
        "vbs_solved": 660,
        "vbs_solve_rate": 91.16022099447514,
        "vbs_avg_par2": 255.8386904923468,
        "gap_cls_solved": 0.9444444444444444,
        "gap_cls_par2": 0.9025769441495217
      },
      "test_metrics": {
        "total_instances": 242,
        "solved": 221,
        "solve_rate": 91.32231404958677,
        "avg_par2": 261.99415178721904,
        "sbs_name": "Z3alpha",
        "sbs_solved": 213,
        "sbs_solve_rate": 88.01652892561982,
        "sbs_avg_par2": 346.4467199106653,
        "vbs_solved": 222,
        "vbs_solve_rate": 91.73553719008265,
        "vbs_avg_par2": 236.31944105414095,
        "gap_cls_solved": 0.8888888888888888,
        "gap_cls_par2": 0.7668632967266219
      }
    },
    {
      "fold": 2,
      "train_size": 724,
      "test_size": 242,
      "best_alpha": 0.85,
      "alpha_tuning_results": {
        "0.0": 0.6817358688010395,
        "0.05": 0.6999207594336694,
        "0.1": 0.6999224563233273,
        "0.15": 0.6736719156120746,
        "0.2": 0.6736719156120746,
        "0.25": 0.6736719156120746,
        "0.3": 0.6736891212342527,
        "0.35": 0.6737380837938823,
        "0.4": 0.6843217995726906,
        "0.45": 0.68903747639709,
        "0.5": 0.6886184178834407,
        "0.55": 0.6889840887314445,
        "0.6": 0.7152744344755654,
        "0.65": 0.7106433689028733,
        "0.7": 0.7028901011942238,
        "0.75": 0.9345422161031024,
        "0.8": 0.9446177020447206,
        "0.85": 0.9554959120048039,
        "0.9": 0.9529910631486922,
        "0.95": 0.9537675078207829,
        "1.0": 0.9530843837677712
      },
      "train_metrics": {
        "total_instances": 724,
        "solved": 658,
        "solve_rate": 90.88397790055248,
        "avg_par2": 266.19316098968784,
        "sbs_name": "Z3alpha",
        "sbs_solved": 628,
        "sbs_solve_rate": 86.74033149171271,
        "sbs_avg_par2": 372.1495483918536,
        "vbs_solved": 658,
        "vbs_solve_rate": 90.88397790055248,
        "vbs_avg_par2": 261.2580353346705,
        "gap_cls_solved": 1.0,
        "gap_cls_par2": 0.9554959120048039
      },
      "test_metrics": {
        "total_instances": 242,
        "solved": 221,
        "solve_rate": 91.32231404958677,
        "avg_par2": 252.61616593465683,
        "sbs_name": "Z3alpha",
        "sbs_solved": 209,
        "sbs_solve_rate": 86.36363636363636,
        "sbs_avg_par2": 357.5766974157603,
        "vbs_solved": 224,
        "vbs_solve_rate": 92.56198347107438,
        "vbs_avg_par2": 220.10619450107356,
        "gap_cls_solved": 0.8,
        "gap_cls_par2": 0.7635131119454859
      }
    },
    {
      "fold": 3,
      "train_size": 725,
      "test_size": 241,
      "best_alpha": 0.95,
      "alpha_tuning_results": {
        "0.0": 0.6758887793814613,
        "0.05": 0.678853513879265,
        "0.1": 0.678853513879265,
        "0.15": 0.678853513879265,
        "0.2": 0.7021624885934649,
        "0.25": 0.7021624885934649,
        "0.3": 0.7105399220873129,
        "0.35": 0.7180284378797376,
        "0.4": 0.7199738591330261,
        "0.45": 0.7193782542867606,
        "0.5": 0.7194128165548397,
        "0.55": 0.7194990483516084,
        "0.6": 0.7202103403937297,
        "0.65": 0.7197860183522888,
        "0.7": 0.7141246103422587,
        "0.75": 0.726110423190151,
        "0.8": 0.7352563636307962,
        "0.85": 0.9024259324885966,
        "0.9": 0.8997446522245954,
        "0.95": 0.9270013974134774,
        "1.0": 0.9018284645014223
      },
      "train_metrics": {
        "total_instances": 725,
        "solved": 658,
        "solve_rate": 90.75862068965517,
        "avg_par2": 275.72118335823194,
        "sbs_name": "Z3alpha",
        "sbs_solved": 623,
        "sbs_solve_rate": 85.93103448275862,
        "sbs_avg_par2": 389.40944606800815,
        "vbs_solved": 659,
        "vbs_solve_rate": 90.89655172413794,
        "vbs_avg_par2": 266.76857084711895,
        "gap_cls_solved": 0.9722222222222222,
        "gap_cls_par2": 0.9270013974134774
      },
      "test_metrics": {
        "total_instances": 241,
        "solved": 223,
        "solve_rate": 92.5311203319502,
        "avg_par2": 208.64242721726535,
        "sbs_name": "Z3alpha",
        "sbs_solved": 214,
        "sbs_solve_rate": 88.79668049792531,
        "sbs_avg_par2": 305.5933004606228,
        "vbs_solved": 223,
        "vbs_solve_rate": 92.5311203319502,
        "vbs_avg_par2": 203.35810285228203,
        "gap_cls_solved": 1.0,
        "gap_cls_par2": 0.9483120834252469
      }
    },
    {
      "fold": 4,
      "train_size": 725,
      "test_size": 241,
      "best_alpha": 1.0,
      "alpha_tuning_results": {
        "0.0": 0.6982063320613238,
        "0.05": 0.6982063320613238,
        "0.1": 0.6982063320613238,
        "0.15": 0.7070154595273389,
        "0.2": 0.7070154595273389,
        "0.25": 0.7070154595273389,
        "0.3": 0.7071481705879479,
        "0.35": 0.7077118104366944,
        "0.4": 0.7077118104366944,
        "0.45": 0.7130632435017971,
        "0.5": 0.7158155877377289,
        "0.55": 0.718883502954214,
        "0.6": 0.719099611972293,
        "0.65": 0.7139119862829886,
        "0.7": 0.8909106196747659,
        "0.75": 0.8887888632425629,
        "0.8": 0.8889138432193303,
        "0.85": 0.8987932066462168,
        "0.9": 0.8987912943113453,
        "0.95": 0.926305706488617,
        "1.0": 0.9272122563204319
      },
      "train_metrics": {
        "total_instances": 725,
        "solved": 668,
        "solve_rate": 92.13793103448276,
        "avg_par2": 228.440062075818,
        "sbs_name": "Z3alpha",
        "sbs_solved": 636,
        "sbs_solve_rate": 87.72413793103449,
        "sbs_avg_par2": 336.5815895227656,
        "vbs_solved": 669,
        "vbs_solve_rate": 92.27586206896552,
        "vbs_avg_par2": 219.95076771277502,
        "gap_cls_solved": 0.9696969696969697,
        "gap_cls_par2": 0.9272122563204319
      },
      "test_metrics": {
        "total_instances": 241,
        "solved": 207,
        "solve_rate": 85.89211618257261,
        "avg_par2": 397.34176113858535,
        "sbs_name": "Z3alpha",
        "sbs_solved": 201,
        "sbs_solve_rate": 83.40248962655602,
        "sbs_avg_par2": 464.51527554485807,