{
  "division": "BV",
  "n_seeds": 5,
  "seed_values": [
    0,
    10,
    20,
    30,
    40
  ],
  "model_type": "SVM",
  "splits_dir": "/home/john-lu/Desktop/smt-select/data/cp26/performance_splits/smtcomp24/BV",
  "feature_csv_path": [
    "data/features/syntactic/catalog_all/BV.csv",
    "data/features/smtlib_desc/minilm_setfit_BV_seed0/BV.csv"
  ],
  "seeds": [
    {
      "seed": 0,
      "train_size": 780,
      "test_size": 260,
      "train_metrics": {
        "solved": 752,
        "avg_par2": 103.11425561195192,
        "sbs_name": "cvc5",
        "sbs_solved": 717,
        "sbs_avg_par2": 228.02426085833085,
        "vbs_solved": 756,
        "vbs_avg_par2": 84.73612726397263,
        "gap_cls_solved": 0.8974358974358975,
        "gap_cls_par2": 0.8717400535064064
      },
      "test_metrics": {
        "solved": 242,
        "avg_par2": 185.36649778793262,
        "sbs_name": "cvc5",
        "sbs_solved": 235,
        "sbs_avg_par2": 259.9218850382541,
        "vbs_solved": 246,
        "vbs_avg_par2": 137.09389392141648,
        "gap_cls_solved": 0.6363636363636364,
        "gap_cls_par2": 0.6069902029041752
      }
    },
    {
      "seed": 10,
      "train_size": 780,
      "test_size": 260,
      "train_metrics": {
        "solved": 745,
        "avg_par2": 122.86959177317928,
        "sbs_name": "cvc5",
        "sbs_solved": 712,
        "sbs_avg_par2": 240.39324967535512,
        "vbs_solved": 752,
        "vbs_avg_par2": 97.6815779535473,
        "gap_cls_solved": 0.825,
        "gap_cls_par2": 0.8235041779292465
      },
      "test_metrics": {
        "solved": 242,
        "avg_par2": 176.6204592831245,
        "sbs_name": "cvc5",
        "sbs_solved": 240,
        "sbs_avg_par2": 222.8149185871813,
        "vbs_solved": 250,
        "vbs_avg_par2": 98.25754185269247,
        "gap_cls_solved": 0.2,
        "gap_cls_par2": 0.3708689161182854
      }
    },
    {
      "seed": 20,
      "train_size": 780,
      "test_size": 260,
      "train_metrics": {
        "solved": 747,
        "avg_par2": 112.94158208252301,
        "sbs_name": "cvc5",
        "sbs_solved": 720,
        "sbs_avg_par2": 215.95072717511107,
        "vbs_solved": 752,
        "vbs_avg_par2": 94.11469797483579,
        "gap_cls_solved": 0.84375,
        "gap_cls_par2": 0.8454735907656724
      },
      "test_metrics": {
        "solved": 242,
        "avg_par2": 187.99459400543978,
        "sbs_name": "cvc5",
        "sbs_solved": 232,
        "sbs_avg_par2": 296.1424860879134,
        "vbs_solved": 250,
        "vbs_avg_par2": 108.95818178882698,
        "gap_cls_solved": 0.5555555555555556,
        "gap_cls_par2": 0.5777615408911262
      }
    },
    {
      "seed": 30,
      "train_size": 780,
      "test_size": 260,
      "train_metrics": {
        "solved": 749,
        "avg_par2": 112.72261151250345,
        "sbs_name": "cvc5",
        "sbs_solved": 713,
        "sbs_avg_par2": 238.5362482514528,
        "vbs_solved": 751,
        "vbs_avg_par2": 99.42559507891613,
        "gap_cls_solved": 0.9473684210526315,
        "gap_cls_par2": 0.9044141039500746
      },
      "test_metrics": {
        "solved": 246,
        "avg_par2": 150.10307794717374,
        "sbs_name": "cvc5",
        "sbs_solved": 239,
        "sbs_avg_par2": 228.38592285888825,
        "vbs_solved": 251,
        "vbs_avg_par2": 93.02549047658596,
        "gap_cls_solved": 0.5833333333333334,
        "gap_cls_par2": 0.5783288626813636
      }
    },
    {
      "seed": 40,
      "train_size": 780,
      "test_size": 260,
      "train_metrics": {
        "solved": 742,
        "avg_par2": 131.20673622986695,
        "sbs_name": "cvc5",
        "sbs_solved": 715,
        "sbs_avg_par2": 234.67214455008238,
        "vbs_solved": 748,
        "vbs_avg_par2": 108.70766903136779,
        "gap_cls_solved": 0.8181818181818182,
        "gap_cls_par2": 0.8213856160171408
      },
      "test_metrics": {
        "solved": 248,
        "avg_par2": 132.40094141485707,
        "sbs_name": "cvc5",
        "sbs_solved": 237,
        "sbs_avg_par2": 239.97823396299947,
        "vbs_solved": 254,
        "vbs_avg_par2": 65.17926861923098,
        "gap_cls_solved": 0.6470588235294118,
        "gap_cls_par2": 0.6154343782102797
      }
    }
  ],
  "aggregated": {
    "train": {
      "gap_cls_solved_mean": 0.8663472273340694,
      "gap_cls_solved_std": 0.04913465939739007,
      "gap_cls_par2_mean": 0.8533035084337082,
      "gap_cls_par2_std": 0.031369599085015985
    },
    "test": {
      "gap_cls_solved_mean": 0.5244622697563874,
      "gap_cls_solved_std": 0.1656865654719949,
      "gap_cls_par2_mean": 0.549876780161046,
      "gap_cls_par2_std": 0.09076413167026777
    }
  }
}