{
  "n_splits": 4,
  "n_instances": 3103,
  "model_type": "SVM",
  "folds_dir": "data/foiks26/perf_data/folds/QF_NRA",
  "feature_csv_path": "data/features/native_desc/all_mpnet_base_v2/QF_NRA.CSV",
  "svm_c": 1.0,
  "folds": [
    {
      "fold": 1,
      "train_size": 2327,
      "test_size": 776,
      "train_metrics": {
        "total_instances": 2327,
        "solved": 2167,
        "solve_rate": 93.12419424151268,
        "avg_par2": 182.84491939656112,
        "sbs_name": "Z3alpha",
        "sbs_solved": 2111,
        "sbs_solve_rate": 90.71766222604212,
        "sbs_avg_par2": 238.74181924536455,
        "vbs_solved": 2193,
        "vbs_solve_rate": 94.24151267726687,
        "vbs_avg_par2": 148.73299276760588,
        "gap_cls_solved": 0.6829268292682927,
        "gap_cls_par2": 0.6210157607444826
      },
      "test_metrics": {
        "total_instances": 776,
        "solved": 723,
        "solve_rate": 93.1701030927835,
        "avg_par2": 181.0418427342287,
        "sbs_name": "Z3alpha",
        "sbs_solved": 701,
        "sbs_solve_rate": 90.33505154639175,
        "sbs_avg_par2": 251.71811974002813,
        "vbs_solved": 739,
        "vbs_solve_rate": 95.23195876288659,
        "vbs_avg_par2": 125.10934056010363,
        "gap_cls_solved": 0.5789473684210527,
        "gap_cls_par2": 0.5582257207089956
      }
    },
    {
      "fold": 2,
      "train_size": 2327,
      "test_size": 776,
      "train_metrics": {
        "total_instances": 2327,
        "solved": 2167,
        "solve_rate": 93.12419424151268,
        "avg_par2": 181.9705352639318,
        "sbs_name": "Z3alpha",
        "sbs_solved": 2098,
        "sbs_solve_rate": 90.15900300816502,
        "sbs_avg_par2": 252.5320478174938,
        "vbs_solved": 2194,
        "vbs_solve_rate": 94.28448646325741,
        "vbs_avg_par2": 147.9983619135928,
        "gap_cls_solved": 0.71875,
        "gap_cls_par2": 0.6750121928966515
      },
      "test_metrics": {
        "total_instances": 776,
        "solved": 720,
        "solve_rate": 92.78350515463917,
        "avg_par2": 192.5303694066361,
        "sbs_name": "Z3alpha",
        "sbs_solved": 714,
        "sbs_solve_rate": 92.0103092783505,
        "sbs_avg_par2": 210.36520493674882,
        "vbs_solved": 738,
        "vbs_solve_rate": 95.10309278350515,
        "vbs_avg_par2": 127.31228643289803,
        "gap_cls_solved": 0.25,
        "gap_cls_par2": 0.21474062382631132
      }
    },
    {
      "fold": 3,
      "train_size": 2327,
      "test_size": 776,
      "train_metrics": {
        "total_instances": 2327,
        "solved": 2186,
        "solve_rate": 93.94069617533304,
        "avg_par2": 167.15575611532574,
        "sbs_name": "Z3alpha",
        "sbs_solved": 2111,
        "sbs_solve_rate": 90.71766222604212,
        "sbs_avg_par2": 240.32897614862324,
        "vbs_solved": 2210,
        "vbs_solve_rate": 94.97206703910615,
        "vbs_avg_par2": 131.53637690692668,
        "gap_cls_solved": 0.7575757575757576,
        "gap_cls_par2": 0.6725937291996664
      },
      "test_metrics": {
        "total_instances": 776,
        "solved": 707,
        "solve_rate": 91.1082474226804,
        "avg_par2": 232.96612154184118,
        "sbs_name": "Z3alpha",
        "sbs_solved": 701,
        "sbs_solve_rate": 90.33505154639175,
        "sbs_avg_par2": 246.9586943355398,
        "vbs_solved": 722,
        "vbs_solve_rate": 93.04123711340206,
        "vbs_avg_par2": 176.6770275546919,
        "gap_cls_solved": 0.2857142857142857,
        "gap_cls_par2": 0.1990927852825436
      }
    },
    {
      "fold": 4,
      "train_size": 2328,
      "test_size": 775,
      "train_metrics": {
        "total_instances": 2328,
        "solved": 2173,
        "solve_rate": 93.34192439862544,
        "avg_par2": 178.31591687860728,
        "sbs_name": "Z3alpha",
        "sbs_solved": 2116,
        "sbs_solve_rate": 90.893470790378,
        "sbs_avg_par2": 236.34733967077224,
        "vbs_solved": 2199,
        "vbs_solve_rate": 94.45876288659794,
        "vbs_avg_par2": 143.03288484923118,
        "gap_cls_solved": 0.6867469879518072,
        "gap_cls_par2": 0.6218910339576754
      },
      "test_metrics": {
        "total_instances": 775,
        "solved": 719,
        "solve_rate": 92.7741935483871,
        "avg_par2": 192.87411505772928,
        "sbs_name": "cvc5",
        "sbs_solved": 707,
        "sbs_solve_rate": 91.2258064516129,
        "sbs_avg_par2": 246.73795833696784,
        "vbs_solved": 733,
        "vbs_solve_rate": 94.58064516129032,
        "vbs_avg_par2": 142.20124711722463,
        "gap_cls_solved": 0.46153846153846156,
        "gap_cls_par2": 0.5152624628300495
      }
    }
  ],
  "aggregated": {
    "test_solve_rate_mean": 92.45901230462255,
    "test_solve_rate_std": 0.7960607234106616,
    "test_avg_par2_mean": 199.85311218510884,
    "test_avg_par2_std": 19.701930170140095,
    "test_sbs_solve_rate_mean": 90.97655470568674,
    "test_sbs_solve_rate_std": 0.6988969087285654,
    "test_sbs_avg_par2_mean": 238.94499433732116,
    "test_sbs_avg_par2_std": 16.620068970190705,
    "test_vbs_solve_rate_mean": 94.48923345527103,
    "test_vbs_solve_rate_std": 0.8708492497981416,
    "test_vbs_avg_par2_mean": 142.82497541622956,
    "test_vbs_avg_par2_std": 20.62060685834265,
    "test_gap_cls_solved_mean": 0.39405002891845,
    "test_gap_cls_solved_std": 0.13344358244184268,
    "test_gap_cls_par2_mean": 0.371830398161975,
    "test_gap_cls_par2_std": 0.16570414414436696,
    "train_solve_rate_mean": 93.38275226424597,
    "train_solve_rate_std": 0.33416793112511717,
    "train_avg_par2_mean": 177.5717819136065,
    "train_avg_par2_std": 6.249046731856908,
    "train_sbs_solve_rate_mean": 90.62194956265681,
    "train_sbs_solve_rate_std": 0.2767512950663775,
    "train_sbs_avg_par2_mean": 241.98754572056347,
    "train_sbs_avg_par2_std": 6.25068080558116,
    "train_vbs_solve_rate_mean": 94.48920726655709,
    "train_vbs_solve_rate_std": 0.2904064552848928,
    "train_vbs_avg_par2_mean": 142.82515410933914,
    "train_vbs_avg_par2_std": 6.876486737137382,
    "train_gap_cls_solved_mean": 0.7114998936989644,
    "train_gap_cls_solved_std": 0.03001947545867537,
    "train_gap_cls_par2_mean": 0.647628179199619,
    "train_gap_cls_par2_std": 0.026190572512835193
  }
}