{
  "division": "QF_IDL",
  "n_seeds": 5,
  "seed_values": [
    0,
    10,
    20,
    30,
    40
  ],
  "model_type": "SVM",
  "splits_dir": "/home/john-lu/Desktop/smt-select/data/cp26/performance_splits/smtcomp24/QF_IDL",
  "feature_csv_path": [
    "data/features/smtlib_desc/gemma300/QF_IDL.csv"
  ],
  "seeds": [
    {
      "seed": 0,
      "train_size": 906,
      "test_size": 302,
      "train_metrics": {
        "solved": 818,
        "avg_par2": 281.6382631240618,
        "sbs_name": "Z3-alpha",
        "sbs_solved": 779,
        "sbs_avg_par2": 385.52494302540623,
        "vbs_solved": 825,
        "vbs_avg_par2": 258.1692248171203,
        "gap_cls_solved": 0.8478260869565217,
        "gap_cls_par2": 0.8157205766877412
      },
      "test_metrics": {
        "solved": 266,
        "avg_par2": 310.2558056595967,
        "sbs_name": "Z3-alpha",
        "sbs_solved": 268,
        "sbs_avg_par2": 307.6482111294636,
        "vbs_solved": 276,
        "vbs_avg_par2": 237.45217402473602,
        "gap_cls_solved": -0.25,
        "gap_cls_par2": -0.03714731824878874
      }
    },
    {
      "seed": 10,
      "train_size": 906,
      "test_size": 302,
      "train_metrics": {
        "solved": 823,
        "avg_par2": 263.2990211944571,
        "sbs_name": "Z3-alpha",
        "sbs_solved": 796,
        "sbs_avg_par2": 339.86632585396376,
        "vbs_solved": 829,
        "vbs_avg_par2": 242.34921080836904,
        "gap_cls_solved": 0.8181818181818182,
        "gap_cls_par2": 0.785167861289858
      },
      "test_metrics": {
        "solved": 259,
        "avg_par2": 385.2383316311558,
        "sbs_name": "Z3-alpha",
        "sbs_solved": 251,
        "sbs_avg_par2": 444.624062643791,
        "vbs_solved": 272,
        "vbs_avg_par2": 284.9122160509899,
        "gap_cls_solved": 0.38095238095238093,
        "gap_cls_par2": 0.3718304701844951
      }
    },
    {
      "seed": 20,
      "train_size": 906,
      "test_size": 302,
      "train_metrics": {
        "solved": 817,
        "avg_par2": 283.1209701163547,
        "sbs_name": "Z3-alpha",
        "sbs_solved": 787,
        "sbs_avg_par2": 363.56257697702324,
        "vbs_solved": 826,
        "vbs_avg_par2": 254.78138303258658,
        "gap_cls_solved": 0.7692307692307693,
        "gap_cls_par2": 0.7394808233283092
      },
      "test_metrics": {
        "solved": 262,
        "avg_par2": 348.6900199647943,
        "sbs_name": "Z3-alpha",
        "sbs_solved": 260,
        "sbs_avg_par2": 373.5353092746125,
        "vbs_solved": 275,
        "vbs_avg_par2": 247.61569937833735,
        "gap_cls_solved": 0.13333333333333333,
        "gap_cls_par2": 0.19731072332803593
      }
    },
    {
      "seed": 30,
      "train_size": 906,
      "test_size": 302,
      "train_metrics": {
        "solved": 818,
        "avg_par2": 278.24289849736675,
        "sbs_name": "Z3-alpha",
        "sbs_solved": 788,
        "sbs_avg_par2": 360.6810026018898,
        "vbs_solved": 828,
        "vbs_avg_par2": 248.38410483384916,
        "gap_cls_solved": 0.75,
        "gap_cls_par2": 0.734108472656176
      },
      "test_metrics": {
        "solved": 266,
        "avg_par2": 323.15465787082127,
        "sbs_name": "Z3-alpha",
        "sbs_solved": 259,
        "sbs_avg_par2": 382.18003240001286,
        "vbs_solved": 273,
        "vbs_avg_par2": 266.80753397454953,
        "gap_cls_solved": 0.5,
        "gap_cls_par2": 0.5116069716330627
      }
    },
    {
      "seed": 40,
      "train_size": 906,
      "test_size": 302,
      "train_metrics": {
        "solved": 822,
        "avg_par2": 267.74926063796914,
        "sbs_name": "Z3-alpha",
        "sbs_solved": 792,
        "sbs_avg_par2": 346.2876760473596,
        "vbs_solved": 831,
        "vbs_avg_par2": 240.84734760780836,
        "gap_cls_solved": 0.7692307692307693,
        "gap_cls_par2": 0.744861255382151
      },
      "test_metrics": {
        "solved": 262,
        "avg_par2": 353.59985212108023,
        "sbs_name": "Z3-alpha",
        "sbs_solved": 255,
        "sbs_avg_par2": 425.36001206360356,
        "vbs_solved": 270,
        "vbs_avg_par2": 289.417805652672,
        "gap_cls_solved": 0.4666666666666667,
        "gap_cls_par2": 0.5278725558242289
      }
    }
  ],
  "aggregated": {
    "train": {
      "gap_cls_solved_mean": 0.7908938887199757,
      "gap_cls_solved_std": 0.03632298973655361,
      "gap_cls_par2_mean": 0.7638677978688471,
      "gap_cls_par2_std": 0.03157212059597263
    },
    "test": {
      "gap_cls_solved_mean": 0.2461904761904762,
      "gap_cls_solved_std": 0.27933188836020006,
      "gap_cls_par2_mean": 0.3142946805442068,
      "gap_cls_par2_std": 0.21215783788253703
    }
  }
}