{
  "division": "BV",
  "n_seeds": 5,
  "seed_values": [
    0,
    10,
    20,
    30,
    40
  ],
  "model_type": "gin_ehm",
  "splits_dir": "/home/john-lu/Desktop/smt-select/data/cp26/performance_splits/smtcomp24/BV",
  "benchmark_root": "/home/john-lu/Desktop/smt_data/smtlib25/non-incremental",
  "seeds": [
    {
      "seed": 0,
      "train_size": 780,
      "test_size": 260,
      "train_metrics": {
        "total_count": 780,
        "solved": 756,
        "avg_par2": 87.28365263735812,
        "sbs_solved": 717,
        "sbs_avg_par2": 228.02426085833085,
        "vbs_solved": 756,
        "vbs_avg_par2": 84.73612726397263,
        "gap_cls_solved": 1.0,
        "gap_cls_par2": 0.9822209605954013
      },
      "test_metrics": {
        "total_count": 260,
        "solved": 238,
        "avg_par2": 219.5473859078076,
        "sbs_solved": 235,
        "sbs_avg_par2": 259.9218850382541,
        "vbs_solved": 246,
        "vbs_avg_par2": 137.09389392141648,
        "gap_cls_solved": 0.2727272727272727,
        "gap_cls_par2": 0.3287076403622126
      }
    },
    {
      "seed": 10,
      "train_size": 780,
      "test_size": 260,
      "train_metrics": {
        "total_count": 780,
        "solved": 752,
        "avg_par2": 99.71805074108248,
        "sbs_solved": 712,
        "sbs_avg_par2": 240.39324967535512,
        "vbs_solved": 752,
        "vbs_avg_par2": 97.6815779535473,
        "gap_cls_solved": 1.0,
        "gap_cls_par2": 0.9857301595380025
      },
      "test_metrics": {
        "total_count": 260,
        "solved": 244,
        "avg_par2": 158.732580855833,
        "sbs_solved": 240,
        "sbs_avg_par2": 222.8149185871813,
        "vbs_solved": 250,
        "vbs_avg_par2": 98.25754185269247,
        "gap_cls_solved": 0.4,
        "gap_cls_par2": 0.514480470056371
      }
    },
    {
      "seed": 20,
      "train_size": 780,
      "test_size": 260,
      "train_metrics": {
        "total_count": 780,
        "solved": 752,
        "avg_par2": 95.4376408322359,
        "sbs_solved": 720,
        "sbs_avg_par2": 215.95072717511107,
        "vbs_solved": 752,
        "vbs_avg_par2": 94.11469797483579,
        "gap_cls_solved": 1.0,
        "gap_cls_par2": 0.989141612164449
      },
      "test_metrics": {
        "total_count": 260,
        "solved": 239,
        "avg_par2": 213.53882292177474,
        "sbs_solved": 232,
        "sbs_avg_par2": 296.1424860879134,
        "vbs_solved": 250,
        "vbs_avg_par2": 108.95818178882698,
        "gap_cls_solved": 0.3888888888888889,
        "gap_cls_par2": 0.44129588469208975
      }
    },
    {
      "seed": 30,
      "train_size": 780,
      "test_size": 260,
      "train_metrics": {
        "total_count": 780,
        "solved": 751,
        "avg_par2": 101.52642787661529,
        "sbs_solved": 713,
        "sbs_avg_par2": 238.5362482514528,
        "vbs_solved": 751,
        "vbs_avg_par2": 99.42559507891613,
        "gap_cls_solved": 1.0,
        "gap_cls_par2": 0.9848981170759544
      },
      "test_metrics": {
        "total_count": 260,
        "solved": 240,
        "avg_par2": 195.00856145329308,
        "sbs_solved": 239,
        "sbs_avg_par2": 228.38592285888825,
        "vbs_solved": 251,
        "vbs_avg_par2": 93.02549047658596,
        "gap_cls_solved": 0.08333333333333333,
        "gap_cls_par2": 0.2465813740261005
      }
    },
    {
      "seed": 40,
      "train_size": 780,
      "test_size": 260,
      "train_metrics": {
        "total_count": 780,
        "solved": 741,
        "avg_par2": 132.0707449946042,
        "sbs_solved": 715,
        "sbs_avg_par2": 234.67214455008238,
        "vbs_solved": 748,
        "vbs_avg_par2": 108.70766903136779,
        "gap_cls_solved": 0.7878787878787878,
        "gap_cls_par2": 0.814526469728639
      },
      "test_metrics": {
        "total_count": 260,
        "solved": 248,
        "avg_par2": 145.77775242185004,
        "sbs_solved": 237,
        "sbs_avg_par2": 239.97823396299947,
        "vbs_solved": 254,
        "vbs_avg_par2": 65.17926861923098,
        "gap_cls_solved": 0.6470588235294118,
        "gap_cls_par2": 0.538907546482841
      }
    }
  ],
  "aggregated": {
    "train": {
      "gap_cls_solved_mean": 0.9575757575757576,
      "gap_cls_solved_std": 0.08484848484848487,
      "gap_cls_par2_mean": 0.9513034638204892,
      "gap_cls_par2_std": 0.0684242081358775
    },
    "test": {
      "gap_cls_solved_mean": 0.35840166369578136,
      "gap_cls_solved_std": 0.18383989558454494,
      "gap_cls_par2_mean": 0.41399458312392295,
      "gap_cls_par2_std": 0.11112791561177919
    }
  }
}