{
  "division": "QF_NRA",
  "n_seeds": 5,
  "seed_values": [
    0,
    10,
    20,
    30,
    40
  ],
  "model_type": "machsmt_ehm",
  "splits_dir": "/lustre06/project/6001884/jchen688/SMT_AS_LM/data/cp26/performance_splits/smtcomp24/QF_NRA",
  "benchmark_root": "/lustre07/scratch/jchen688/smtlib24/non-incremental",
  "seeds": [
    {
      "seed": 0,
      "train_size": 2328,
      "test_size": 776,
      "train_metrics": {
        "total_count": 2328,
        "solved": 2138,
        "avg_par2": 212.88031256689698,
        "sbs_solved": 2123,
        "sbs_avg_par2": 228.44645983119506,
        "vbs_solved": 2200,
        "vbs_avg_par2": 141.6683310379564,
        "gap_cls_solved": 0.19480519480519481,
        "gap_cls_par2": 0.17937869231297507
      },
      "test_metrics": {
        "total_count": 776,
        "solved": 703,
        "avg_par2": 240.8497887472297,
        "sbs_solved": 690,
        "sbs_avg_par2": 282.29691496267446,
        "vbs_solved": 733,
        "vbs_avg_par2": 146.11193702943822,
        "gap_cls_solved": 0.3023255813953488,
        "gap_cls_par2": 0.3043443325721574
      },
      "train_eval_stats": {
        "total": 2328,
        "file_not_found": 0,
        "feature_timeout": 0,
        "parse_fail": 0
      },
      "test_eval_stats": {
        "total": 776,
        "file_not_found": 0,
        "feature_timeout": 0,
        "parse_fail": 0
      },
      "train_stats": {
        "parsing_time": 688.7518692016602,
        "training_time": 0.5095748901367188,
        "total_benchmarks": 2328,
        "loaded_benchmarks": 2328,
        "skipped_benchmarks": 0,
        "feature_timeout_count": 0
      }
    },
    {
      "seed": 10,
      "train_size": 2328,
      "test_size": 776,
      "train_metrics": {
        "total_count": 2328,
        "solved": 2153,
        "avg_par2": 196.9093855725601,
        "sbs_solved": 2105,
        "sbs_avg_par2": 246.440677506119,
        "vbs_solved": 2196,
        "vbs_avg_par2": 147.0331829620754,
        "gap_cls_solved": 0.5274725274725275,
        "gap_cls_par2": 0.49826516763898016
      },
      "test_metrics": {
        "total_count": 776,
        "solved": 716,
        "avg_par2": 201.88480462712403,
        "sbs_solved": 708,
        "sbs_avg_par2": 228.3142619379025,
        "vbs_solved": 737,
        "vbs_avg_par2": 130.01738125708076,
        "gap_cls_solved": 0.27586206896551724,
        "gap_cls_par2": 0.26887381499517926
      },
      "train_eval_stats": {
        "total": 2328,
        "file_not_found": 0,
        "feature_timeout": 0,
        "parse_fail": 0
      },
      "test_eval_stats": {
        "total": 776,
        "file_not_found": 0,
        "feature_timeout": 0,
        "parse_fail": 0
      },
      "train_stats": {
        "parsing_time": 396.42167925834656,
        "training_time": 0.4645357131958008,
        "total_benchmarks": 2328,
        "loaded_benchmarks": 2328,
        "skipped_benchmarks": 0,
        "feature_timeout_count": 0
      }
    },
    {
      "seed": 20,
      "train_size": 2328,
      "test_size": 776,
      "train_metrics": {
        "total_count": 2328,
        "solved": 2139,
        "avg_par2": 210.07144526533966,
        "sbs_solved": 2107,
        "sbs_avg_par2": 244.52493277170882,
        "vbs_solved": 2195,
        "vbs_avg_par2": 147.71797247858828,
        "gap_cls_solved": 0.36363636363636365,
        "gap_cls_par2": 0.35589886721004244
      },
      "test_metrics": {
        "total_count": 776,
        "solved": 710,
        "avg_par2": 225.08387573348097,
        "sbs_solved": 706,
        "sbs_avg_par2": 234.06149614113298,
        "vbs_solved": 738,
        "vbs_avg_par2": 127.96301270754263,
        "gap_cls_solved": 0.125,
        "gap_cls_par2": 0.08461591643080672
      },
      "train_eval_stats": {
        "total": 2328,
        "file_not_found": 0,
        "feature_timeout": 0,
        "parse_fail": 0
      },
      "test_eval_stats": {
        "total": 776,
        "file_not_found": 0,
        "feature_timeout": 0,
        "parse_fail": 0
      },
      "train_stats": {
        "parsing_time": 256.93282866477966,
        "training_time": 0.48115968704223633,
        "total_benchmarks": 2328,
        "loaded_benchmarks": 2328,
        "skipped_benchmarks": 0,
        "feature_timeout_count": 0
      }
    },
    {
      "seed": 30,
      "train_size": 2328,
      "test_size": 776,
      "train_metrics": {
        "total_count": 2328,
        "solved": 2151,
        "avg_par2": 199.08402215728552,
        "sbs_solved": 2101,
        "sbs_avg_par2": 250.74497346834693,
        "vbs_solved": 2189,
        "vbs_avg_par2": 153.1252838237759,
        "gap_cls_solved": 0.5681818181818182,
        "gap_cls_par2": 0.5292062646291609
      },
      "test_metrics": {
        "total_count": 776,
        "solved": 719,
        "avg_par2": 196.94753705345346,
        "sbs_solved": 712,
        "sbs_avg_par2": 215.4013740512191,
        "vbs_solved": 744,
        "vbs_avg_par2": 111.7410786719798,
        "gap_cls_solved": 0.21875,
        "gap_cls_par2": 0.17802223050062344
      },
      "train_eval_stats": {
        "total": 2328,
        "file_not_found": 0,
        "feature_timeout": 0,
        "parse_fail": 0
      },
      "test_eval_stats": {
        "total": 776,
        "file_not_found": 0,
        "feature_timeout": 0,
        "parse_fail": 0
      },
      "train_stats": {
        "parsing_time": 394.338791847229,
        "training_time": 0.4748876094818115,
        "total_benchmarks": 2328,
        "loaded_benchmarks": 2328,
        "skipped_benchmarks": 0,
        "feature_timeout_count": 0
      }
    },
    {
      "seed": 40,
      "train_size": 2328,
      "test_size": 776,
      "train_metrics": {
        "total_count": 2328,
        "solved": 2134,
        "avg_par2": 220.38715846204383,
        "sbs_solved": 2113,
        "sbs_avg_par2": 238.19431467228802,
        "vbs_solved": 2206,
        "vbs_avg_par2": 136.00099773590355,
        "gap_cls_solved": 0.22580645161290322,
        "gap_cls_par2": 0.17424971362196978
      },
      "test_metrics": {
        "total_count": 776,
        "solved": 701,
        "avg_par2": 250.6506847763391,
        "sbs_solved": 700,
        "sbs_avg_par2": 253.05335043939718,
        "vbs_solved": 727,
        "vbs_avg_par2": 163.1139369355965,
        "gap_cls_solved": 0.037037037037037035,
        "gap_cls_par2": 0.026714268744442674
      },
      "train_eval_stats": {
        "total": 2328,
        "file_not_found": 0,
        "feature_timeout": 0,
        "parse_fail": 0
      },
      "test_eval_stats": {
        "total": 776,
        "file_not_found": 0,
        "feature_timeout": 0,
        "parse_fail": 0
      },
      "train_stats": {
        "parsing_time": 402.29436469078064,
        "training_time": 0.6295754909515381,
        "total_benchmarks": 2328,
        "loaded_benchmarks": 2328,
        "skipped_benchmarks": 0,
        "feature_timeout_count": 0
      }
    }
  ],
  "aggregated": {
    "train": {
      "gap_cls_solved_mean": 0.3759804711417615,
      "gap_cls_solved_std": 0.1519343903285404,
      "gap_cls_par2_mean": 0.34739974108262567,
      "gap_cls_par2_std": 0.15106172838830925
    },
    "test": {
      "gap_cls_solved_mean": 0.1917949374795806,
      "gap_cls_solved_std": 0.09840980912335226,
      "gap_cls_par2_mean": 0.17251411264864192,
      "gap_cls_par2_std": 0.10552575596934143
    }
  }
}