{
  "division": "BV",
  "n_seeds": 5,
  "seed_values": [
    0,
    10,
    20,
    30,
    40
  ],
  "model_type": "SVM",
  "splits_dir": "/home/john-lu/Desktop/smt-select/data/cp26/performance_splits/smtcomp24/BV",
  "feature_csv_path": "/home/john-lu/Desktop/smt-select/data/features/desc/embeddinggemma-300m/BV/features.csv",
  "seeds": [
    {
      "seed": 0,
      "train_size": 780,
      "test_size": 260,
      "train_metrics": {
        "total_count": 780,
        "solved": 731,
        "avg_par2": 168.91683391491227,
        "sbs_solved": 717,
        "sbs_avg_par2": 228.02426085833085,
        "vbs_solved": 756,
        "vbs_avg_par2": 84.73612726397263,
        "gap_cls_solved": 0.358974358974359,
        "gap_cls_par2": 0.4125074802826928
      },
      "test_metrics": {
        "total_count": 260,
        "solved": 237,
        "avg_par2": 224.59123332516347,
        "sbs_solved": 235,
        "sbs_avg_par2": 259.9218850382541,
        "vbs_solved": 246,
        "vbs_avg_par2": 137.09389392141648,
        "gap_cls_solved": 0.18181818181818182,
        "gap_cls_par2": 0.28764332455362784
      }
    },
    {
      "seed": 10,
      "train_size": 780,
      "test_size": 260,
      "train_metrics": {
        "total_count": 780,
        "solved": 727,
        "avg_par2": 184.64359359307198,
        "sbs_solved": 712,
        "sbs_avg_par2": 240.39324967535512,
        "vbs_solved": 752,
        "vbs_avg_par2": 97.6815779535473,
        "gap_cls_solved": 0.375,
        "gap_cls_par2": 0.3906453859706558
      },
      "test_metrics": {
        "total_count": 260,
        "solved": 242,
        "avg_par2": 175.676702366736,
        "sbs_solved": 240,
        "sbs_avg_par2": 222.8149185871813,
        "vbs_solved": 250,
        "vbs_avg_par2": 98.25754185269247,
        "gap_cls_solved": 0.2,
        "gap_cls_par2": 0.37844580109395587
      }
    },
    {
      "seed": 20,
      "train_size": 780,
      "test_size": 260,
      "train_metrics": {
        "total_count": 780,
        "solved": 731,
        "avg_par2": 164.25429624042815,
        "sbs_solved": 720,
        "sbs_avg_par2": 215.95072717511107,
        "vbs_solved": 752,
        "vbs_avg_par2": 94.11469797483579,
        "gap_cls_solved": 0.34375,
        "gap_cls_par2": 0.42431152159189145
      },
      "test_metrics": {
        "total_count": 260,
        "solved": 236,
        "avg_par2": 242.94706320760267,
        "sbs_solved": 232,
        "sbs_avg_par2": 296.1424860879134,
        "vbs_solved": 250,
        "vbs_avg_par2": 108.95818178882698,
        "gap_cls_solved": 0.2222222222222222,
        "gap_cls_par2": 0.2841874113297136
      }
    },
    {
      "seed": 30,
      "train_size": 780,
      "test_size": 260,
      "train_metrics": {
        "total_count": 780,
        "solved": 731,
        "avg_par2": 170.45693696083006,
        "sbs_solved": 713,
        "sbs_avg_par2": 238.5362482514528,
        "vbs_solved": 751,
        "vbs_avg_par2": 99.42559507891613,
        "gap_cls_solved": 0.47368421052631576,
        "gap_cls_par2": 0.48938963147693
      },
      "test_metrics": {
        "total_count": 260,
        "solved": 241,
        "avg_par2": 190.53366225110696,
        "sbs_solved": 239,
        "sbs_avg_par2": 228.38592285888825,
        "vbs_solved": 251,
        "vbs_avg_par2": 93.02549047658596,
        "gap_cls_solved": 0.16666666666666666,
        "gap_cls_par2": 0.27964051193981176
      }
    },
    {
      "seed": 40,
      "train_size": 780,
      "test_size": 260,
      "train_metrics": {
        "total_count": 780,
        "solved": 726,
        "avg_par2": 183.47641939155818,
        "sbs_solved": 715,
        "sbs_avg_par2": 234.67214455008238,
        "vbs_solved": 748,
        "vbs_avg_par2": 108.70766903136779,
        "gap_cls_solved": 0.3333333333333333,
        "gap_cls_par2": 0.40642986800606357
      },
      "test_metrics": {
        "total_count": 260,
        "solved": 246,
        "avg_par2": 155.61192932959557,
        "sbs_solved": 237,
        "sbs_avg_par2": 239.97823396299947,
        "vbs_solved": 254,
        "vbs_avg_par2": 65.17926861923098,
        "gap_cls_solved": 0.5294117647058824,
        "gap_cls_par2": 0.48264762018176055
      }
    }
  ],
  "aggregated": {
    "train": {
      "gap_cls_solved_mean": 0.3769483805668016,
      "gap_cls_solved_std": 0.050376755065070604,
      "gap_cls_par2_mean": 0.4246567774656467,
      "gap_cls_par2_std": 0.03413813700827152
    },
    "test": {
      "gap_cls_solved_mean": 0.26002376708259056,
      "gap_cls_solved_std": 0.13596570482053172,
      "gap_cls_par2_mean": 0.34251293381977393,
      "gap_cls_par2_std": 0.07911306251198516
    }
  }
}