{
  "n_splits": 4,
  "n_instances": 6279,
  "model_type": "SVM",
  "folds_dir": "data/foiks26/perf_data/folds/UFNIA",
  "feature_csv_path": "data/features/native_desc/all_mpnet_base_v2/UFNIA.CSV",
  "svm_c": 1.0,
  "folds": [
    {
      "fold": 1,
      "train_size": 4709,
      "test_size": 1570,
      "train_metrics": {
        "total_instances": 4709,
        "solved": 2760,
        "solve_rate": 58.611170099808874,
        "avg_par2": 1027.298640863551,
        "sbs_name": "cvc5",
        "sbs_solved": 2760,
        "sbs_solve_rate": 58.611170099808874,
        "sbs_avg_par2": 1027.298640863551,
        "vbs_solved": 2815,
        "vbs_solve_rate": 59.77914631556593,
        "vbs_avg_par2": 998.2600742030484,
        "gap_cls_solved": 0.0,
        "gap_cls_par2": -0.0
      },
      "test_metrics": {
        "total_instances": 1570,
        "solved": 928,
        "solve_rate": 59.10828025477707,
        "avg_par2": 1016.9633529685998,
        "sbs_name": "cvc5",
        "sbs_solved": 928,
        "sbs_solve_rate": 59.10828025477707,
        "sbs_avg_par2": 1016.9633529685998,
        "vbs_solved": 944,
        "vbs_solve_rate": 60.12738853503185,
        "vbs_avg_par2": 988.7208638412413,
        "gap_cls_solved": 0.0,
        "gap_cls_par2": -0.0
      }
    },
    {
      "fold": 2,
      "train_size": 4709,
      "test_size": 1570,
      "train_metrics": {
        "total_instances": 4709,
        "solved": 2764,
        "solve_rate": 58.69611382459121,
        "avg_par2": 1026.832097658674,
        "sbs_name": "cvc5",
        "sbs_solved": 2764,
        "sbs_solve_rate": 58.69611382459121,
        "sbs_avg_par2": 1026.832097658674,
        "vbs_solved": 2820,
        "vbs_solve_rate": 59.88532597154386,
        "vbs_avg_par2": 996.2721651718857,
        "gap_cls_solved": 0.0,
        "gap_cls_par2": -0.0
      },
      "test_metrics": {
        "total_instances": 1570,
        "solved": 924,
        "solve_rate": 58.853503184713375,
        "avg_par2": 1018.3626854219539,
        "sbs_name": "cvc5",
        "sbs_solved": 924,
        "sbs_solve_rate": 58.853503184713375,
        "sbs_avg_par2": 1018.3626854219539,
        "vbs_solved": 939,
        "vbs_solve_rate": 59.808917197452224,
        "vbs_avg_par2": 994.6833247506335,
        "gap_cls_solved": 0.0,
        "gap_cls_par2": -0.0
      }
    },
    {
      "fold": 3,
      "train_size": 4709,
      "test_size": 1570,
      "train_metrics": {
        "total_instances": 4709,
        "solved": 2792,
        "solve_rate": 59.290719898067536,
        "avg_par2": 1011.552222449251,
        "sbs_name": "cvc5",
        "sbs_solved": 2792,
        "sbs_solve_rate": 59.290719898067536,
        "sbs_avg_par2": 1011.552222449251,
        "vbs_solved": 2844,
        "vbs_solve_rate": 60.39498832023784,
        "vbs_avg_par2": 983.7177078741646,
        "gap_cls_solved": 0.0,
        "gap_cls_par2": -0.0
      },
      "test_metrics": {
        "total_instances": 1570,
        "solved": 896,
        "solve_rate": 57.07006369426752,
        "avg_par2": 1064.1925786456309,
        "sbs_name": "cvc5",
        "sbs_solved": 896,
        "sbs_solve_rate": 57.07006369426752,
        "sbs_avg_par2": 1064.1925786456309,
        "vbs_solved": 915,
        "vbs_solve_rate": 58.28025477707006,
        "vbs_avg_par2": 1032.3387001741803,
        "gap_cls_solved": 0.0,
        "gap_cls_par2": -0.0
      }
    },
    {
      "fold": 4,
      "train_size": 4710,
      "test_size": 1569,
      "train_metrics": {
        "total_instances": 4710,
        "solved": 2748,
        "solve_rate": 58.34394904458598,
        "avg_par2": 1033.1728723453948,
        "sbs_name": "cvc5",
        "sbs_solved": 2748,
        "sbs_solve_rate": 58.34394904458598,
        "sbs_avg_par2": 1033.1728723453948,
        "vbs_solved": 2798,
        "vbs_solve_rate": 59.40552016985138,
        "vbs_avg_par2": 1005.247629588685,
        "gap_cls_solved": 0.0,
        "gap_cls_par2": -0.0
      },
      "test_metrics": {
        "total_instances": 1569,
        "solved": 940,
        "solve_rate": 59.91077119184194,
        "avg_par2": 999.3228395413345,
        "sbs_name": "cvc5",
        "sbs_solved": 940,
        "sbs_solve_rate": 59.91077119184194,
        "sbs_avg_par2": 999.3228395413345,
        "vbs_solved": 961,
        "vbs_solve_rate": 61.24920331421288,
        "vbs_avg_par2": 967.7387573551293,
        "gap_cls_solved": 0.0,
        "gap_cls_par2": -0.0
      }
    }
  ],
  "aggregated": {
    "test_solve_rate_mean": 58.73565458139998,
    "test_solve_rate_std": 1.0377656572172194,
    "test_avg_par2_mean": 1024.7103641443798,
    "test_avg_par2_std": 23.998337831576126,
    "test_sbs_solve_rate_mean": 58.73565458139998,
    "test_sbs_solve_rate_std": 1.0377656572172194,
    "test_sbs_avg_par2_mean": 1024.7103641443798,
    "test_sbs_avg_par2_std": 23.998337831576126,
    "test_vbs_solve_rate_mean": 59.866440955941755,
    "test_vbs_solve_rate_std": 1.060591928514313,
    "test_vbs_avg_par2_mean": 995.8704115302962,
    "test_vbs_avg_par2_std": 23.31228887531933,
    "test_gap_cls_solved_mean": 0.0,
    "test_gap_cls_solved_std": 0.0,
    "test_gap_cls_par2_mean": 0.0,
    "test_gap_cls_par2_std": 0.0,
    "train_solve_rate_mean": 58.7354882167634,
    "train_solve_rate_std": 0.3459011709416591,
    "train_avg_par2_mean": 1024.7139583292178,
    "train_avg_par2_std": 7.999243960046459,
    "train_sbs_solve_rate_mean": 58.7354882167634,
    "train_sbs_solve_rate_std": 0.3459011709416591,
    "train_sbs_avg_par2_mean": 1024.7139583292178,
    "train_sbs_avg_par2_std": 7.999243960046459,
    "train_vbs_solve_rate_mean": 59.86624519429975,
    "train_vbs_solve_rate_std": 0.3534781224194315,
    "train_vbs_avg_par2_mean": 995.8743942094459,
    "train_vbs_avg_par2_std": 7.770010535698603,
    "train_gap_cls_solved_mean": 0.0,
    "train_gap_cls_solved_std": 0.0,
    "train_gap_cls_par2_mean": 0.0,
    "train_gap_cls_par2_std": 0.0
  }
}