{
  "division": "UFNIA",
  "n_seeds": 5,
  "seed_values": [
    0,
    10,
    20,
    30,
    40
  ],
  "model_type": "SVM",
  "splits_dir": "/home/john-lu/Desktop/smt-select/data/cp26/performance_splits/smtcomp24/UFNIA",
  "feature_csv_path": [
    "data/features/syntactic/catalog_all/UFNIA.csv",
    "data/features/smtlib_desc/gemma300/UFNIA.csv"
  ],
  "seeds": [
    {
      "seed": 0,
      "train_size": 4709,
      "test_size": 1570,
      "train_metrics": {
        "solved": 2806,
        "avg_par2": 1002.1819370088114,
        "sbs_name": "cvc5",
        "sbs_solved": 2775,
        "sbs_avg_par2": 1018.7174375948581,
        "vbs_solved": 2830,
        "vbs_avg_par2": 988.6280494388842,
        "gap_cls_solved": 0.5636363636363636,
        "gap_cls_par2": 0.5495459229789559
      },
      "test_metrics": {
        "solved": 919,
        "avg_par2": 1034.2496228725413,
        "sbs_name": "cvc5",
        "sbs_solved": 913,
        "sbs_avg_par2": 1042.7014970401126,
        "vbs_solved": 929,
        "vbs_avg_par2": 1017.610803086114,
        "gap_cls_solved": 0.375,
        "gap_cls_par2": 0.33685294568045804
      }
    },
    {
      "seed": 10,
      "train_size": 4709,
      "test_size": 1570,
      "train_metrics": {
        "solved": 2779,
        "avg_par2": 1019.2345024560728,
        "sbs_name": "cvc5",
        "sbs_solved": 2748,
        "sbs_avg_par2": 1034.6312495524385,
        "vbs_solved": 2798,
        "vbs_avg_par2": 1007.3756015192909,
        "gap_cls_solved": 0.62,
        "gap_cls_par2": 0.5649011565470944
      },
      "test_metrics": {
        "solved": 949,
        "avg_par2": 981.4058119386258,
        "sbs_name": "cvc5",
        "sbs_solved": 940,
        "sbs_avg_par2": 994.9701973533324,
        "vbs_solved": 961,
        "vbs_avg_par2": 961.3800879608684,
        "gap_cls_solved": 0.42857142857142855,
        "gap_cls_par2": 0.4038208169024251
      }
    },
    {
      "seed": 20,
      "train_size": 4709,
      "test_size": 1570,
      "train_metrics": {
        "solved": 2825,
        "avg_par2": 995.5566034346905,
        "sbs_name": "cvc5",
        "sbs_solved": 2787,
        "sbs_avg_par2": 1015.003855059455,
        "vbs_solved": 2847,
        "vbs_avg_par2": 982.3129877004264,
        "gap_cls_solved": 0.6333333333333333,
        "gap_cls_par2": 0.5948833174471757
      },
      "test_metrics": {
        "solved": 901,
        "avg_par2": 1054.8811934413595,
        "sbs_name": "cvc5",
        "sbs_solved": 901,
        "sbs_avg_par2": 1053.8398793071274,
        "vbs_solved": 912,
        "vbs_avg_par2": 1036.551965969169,
        "gap_cls_solved": 0.0,
        "gap_cls_par2": -0.06023365075215774
      }
    },
    {
      "seed": 30,
      "train_size": 4709,
      "test_size": 1570,
      "train_metrics": {
        "solved": 2806,
        "avg_par2": 1003.1209680669213,
        "sbs_name": "cvc5",
        "sbs_solved": 2773,
        "sbs_avg_par2": 1019.4431263228626,
        "vbs_solved": 2825,
        "vbs_avg_par2": 991.6683168039527,
        "gap_cls_solved": 0.6346153846153846,
        "gap_cls_par2": 0.5876604930388001
      },
      "test_metrics": {
        "solved": 920,
        "avg_par2": 1030.587940835775,
        "sbs_name": "cvc5",
        "sbs_solved": 915,
        "sbs_avg_par2": 1040.5248930782193,
        "vbs_solved": 934,
        "vbs_avg_par2": 1008.491937466937,
        "gap_cls_solved": 0.2631578947368421,
        "gap_cls_par2": 0.3102102835288904
      }
    },
    {
      "seed": 40,
      "train_size": 4709,
      "test_size": 1570,
      "train_metrics": {
        "solved": 2776,
        "avg_par2": 1016.9714385045172,
        "sbs_name": "cvc5",
        "sbs_solved": 2742,
        "sbs_avg_par2": 1034.1507362187206,
        "vbs_solved": 2798,
        "vbs_avg_par2": 1004.9774707652005,
        "gap_cls_solved": 0.6071428571428571,
        "gap_cls_par2": 0.5888712643969879
      },
      "test_metrics": {
        "solved": 948,
        "avg_par2": 990.6366456952649,
        "sbs_name": "cvc5",
        "sbs_solved": 946,
        "sbs_avg_par2": 996.411431295037,
        "vbs_solved": 961,
        "vbs_avg_par2": 968.5729527513217,
        "gap_cls_solved": 0.13333333333333333,
        "gap_cls_par2": 0.20743898021236662
      }
    }
  ],
  "aggregated": {
    "train": {
      "gap_cls_solved_mean": 0.6117455877455877,
      "gap_cls_solved_std": 0.026049477013888992,
      "gap_cls_par2_mean": 0.5771724308818028,
      "gap_cls_par2_std": 0.01717175453505145
    },
    "test": {
      "gap_cls_solved_mean": 0.2400125313283208,
      "gap_cls_solved_std": 0.15703391274162334,
      "gap_cls_par2_mean": 0.23961787511439653,
      "gap_cls_par2_std": 0.16269417445452997
    }
  }
}