{
  "division": "UFNIA",
  "n_seeds": 5,
  "seed_values": [
    0,
    10,
    20,
    30,
    40
  ],
  "model_type": "SVM",
  "splits_dir": "/home/john-lu/Desktop/smt-select/data/cp26/performance_splits/smtcomp24/UFNIA",
  "feature_csv_path": [
    "/home/john-lu/Desktop/smt-select/data/features/syntactic/UFNIA/features.csv",
    "/home/john-lu/Desktop/smt-select/data/features/desc/Qwen3-Embedding-0.6B/UFNIA/features.csv"
  ],
  "seeds": [
    {
      "seed": 0,
      "train_size": 4709,
      "test_size": 1570,
      "train_metrics": {
        "total_count": 4709,
        "solved": 2807,
        "avg_par2": 1002.2232982991712,
        "sbs_solved": 2775,
        "sbs_avg_par2": 1018.7174375948581,
        "vbs_solved": 2830,
        "vbs_avg_par2": 988.6280494388842,
        "gap_cls_solved": 0.5818181818181818,
        "gap_cls_par2": 0.5481713091069333
      },
      "test_metrics": {
        "total_count": 1570,
        "solved": 919,
        "avg_par2": 1034.1710110991332,
        "sbs_solved": 913,
        "sbs_avg_par2": 1042.7014970401126,
        "vbs_solved": 929,
        "vbs_avg_par2": 1017.610803086114,
        "gap_cls_solved": 0.375,
        "gap_cls_par2": 0.3399860504703129
      }
    },
    {
      "seed": 10,
      "train_size": 4709,
      "test_size": 1570,
      "train_metrics": {
        "total_count": 4709,
        "solved": 2781,
        "avg_par2": 1018.5591586298317,
        "sbs_solved": 2748,
        "sbs_avg_par2": 1034.6312495524385,
        "vbs_solved": 2798,
        "vbs_avg_par2": 1007.3756015192909,
        "gap_cls_solved": 0.66,
        "gap_cls_par2": 0.5896792805315181
      },
      "test_metrics": {
        "total_count": 1570,
        "solved": 948,
        "avg_par2": 982.262609401027,
        "sbs_solved": 940,
        "sbs_avg_par2": 994.9701973533324,
        "vbs_solved": 961,
        "vbs_avg_par2": 961.3800879608684,
        "gap_cls_solved": 0.38095238095238093,
        "gap_cls_par2": 0.3783133839735685
      }
    },
    {
      "seed": 20,
      "train_size": 4709,
      "test_size": 1570,
      "train_metrics": {
        "total_count": 4709,
        "solved": 2824,
        "avg_par2": 996.1374595488237,
        "sbs_solved": 2787,
        "sbs_avg_par2": 1015.003855059455,
        "vbs_solved": 2847,
        "vbs_avg_par2": 982.3129877004264,
        "gap_cls_solved": 0.6166666666666667,
        "gap_cls_par2": 0.5771151711403206
      },
      "test_metrics": {
        "total_count": 1570,
        "solved": 902,
        "avg_par2": 1053.2847264957604,
        "sbs_solved": 901,
        "sbs_avg_par2": 1053.8398793071274,
        "vbs_solved": 912,
        "vbs_avg_par2": 1036.551965969169,
        "gap_cls_solved": 0.09090909090909091,
        "gap_cls_par2": 0.03211219309782322
      }
    },
    {
      "seed": 30,
      "train_size": 4709,
      "test_size": 1570,
      "train_metrics": {
        "total_count": 4709,
        "solved": 2806,
        "avg_par2": 1003.4366201489013,
        "sbs_solved": 2773,
        "sbs_avg_par2": 1019.4431263228626,
        "vbs_solved": 2825,
        "vbs_avg_par2": 991.6683168039527,
        "gap_cls_solved": 0.6346153846153846,
        "gap_cls_par2": 0.5762958036872807
      },
      "test_metrics": {
        "total_count": 1570,
        "solved": 920,
        "avg_par2": 1030.8823037879718,
        "sbs_solved": 915,
        "sbs_avg_par2": 1040.5248930782193,
        "vbs_solved": 934,
        "vbs_avg_par2": 1008.491937466937,
        "gap_cls_solved": 0.2631578947368421,
        "gap_cls_par2": 0.30102090507225404
      }
    },
    {
      "seed": 40,
      "train_size": 4709,
      "test_size": 1570,
      "train_metrics": {
        "total_count": 4709,
        "solved": 2776,
        "avg_par2": 1018.1257622434068,
        "sbs_solved": 2742,
        "sbs_avg_par2": 1034.1507362187206,
        "vbs_solved": 2798,
        "vbs_avg_par2": 1004.9774707652005,
        "gap_cls_solved": 0.6071428571428571,
        "gap_cls_par2": 0.5493034024883262
      },
      "test_metrics": {
        "total_count": 1570,
        "solved": 948,
        "avg_par2": 991.4144170093734,
        "sbs_solved": 946,
        "sbs_avg_par2": 996.411431295037,
        "vbs_solved": 961,
        "vbs_avg_par2": 968.5729527513217,
        "gap_cls_solved": 0.13333333333333333,
        "gap_cls_par2": 0.1795002653545403
      }
    }
  ],
  "aggregated": {
    "train": {
      "gap_cls_solved_mean": 0.620048618048618,
      "gap_cls_solved_std": 0.02625972628232016,
      "gap_cls_par2_mean": 0.5681129933908758,
      "gap_cls_par2_std": 0.016520132031033505
    },
    "test": {
      "gap_cls_solved_mean": 0.24867053998632946,
      "gap_cls_solved_std": 0.11988231514101368,
      "gap_cls_par2_mean": 0.24618655959369978,
      "gap_cls_par2_std": 0.12612497285109286
    }
  }
}