{
  "division": "ABV",
  "n_seeds": 5,
  "seed_values": [
    0,
    10,
    20,
    30,
    40
  ],
  "model_type": "WL",
  "splits_dir": "/home/john-lu/Desktop/smt-select/data/cp26/performance_splits/smtcomp24/ABV",
  "wl_dir": "/home/john-lu/Desktop/smt-select/data/features/wl/ABV",
  "wl_iter": 2,
  "seeds": [
    {
      "seed": 0,
      "train_size": 1865,
      "test_size": 622,
      "train_metrics": {
        "solved": 722,
        "avg_par2": 1473.0791184636869,
        "sbs_name": "cvc5",
        "sbs_solved": 621,
        "sbs_avg_par2": 1603.2889194204809,
        "vbs_solved": 722,
        "vbs_avg_par2": 1473.078278344809,
        "gap_cls_solved": 1.0,
        "gap_cls_par2": 0.9999935480013692
      },
      "test_metrics": {
        "solved": 240,
        "avg_par2": 1475.0127361030293,
        "sbs_name": "cvc5",
        "sbs_solved": 216,
        "sbs_avg_par2": 1568.1989067370248,
        "vbs_solved": 249,
        "vbs_avg_par2": 1441.4982744351369,
        "gap_cls_solved": 0.7272727272727273,
        "gap_cls_par2": 0.7354830748749702
      }
    },
    {
      "seed": 10,
      "train_size": 1865,
      "test_size": 622,
      "train_metrics": {
        "solved": 736,
        "avg_par2": 1455.2376100140546,
        "sbs_name": "cvc5",
        "sbs_solved": 632,
        "sbs_avg_par2": 1588.8577544287875,
        "vbs_solved": 736,
        "vbs_avg_par2": 1455.235929221568,
        "gap_cls_solved": 1.0,
        "gap_cls_par2": 0.9999874212728058
      },
      "test_metrics": {
        "solved": 226,
        "avg_par2": 1528.8878245120716,
        "sbs_name": "cvc5",
        "sbs_solved": 205,
        "sbs_avg_par2": 1611.469200482215,
        "vbs_solved": 235,
        "vbs_avg_par2": 1494.9966363561089,
        "gap_cls_solved": 0.7,
        "gap_cls_par2": 0.7090199875803511
      }
    },
    {
      "seed": 20,
      "train_size": 1865,
      "test_size": 622,
      "train_metrics": {
        "solved": 710,
        "avg_par2": 1488.5108775575534,
        "sbs_name": "cvc5",
        "sbs_solved": 609,
        "sbs_avg_par2": 1618.333484612624,
        "vbs_solved": 710,
        "vbs_avg_par2": 1488.5088358280148,
        "gap_cls_solved": 1.0,
        "gap_cls_par2": 0.9999842731749499
      },
      "test_metrics": {
        "solved": 253,
        "avg_par2": 1426.2255280548522,
        "sbs_name": "cvc5",
        "sbs_solved": 228,
        "sbs_avg_par2": 1523.0893985644411,
        "vbs_solved": 261,
        "vbs_avg_par2": 1395.2314099557502,
        "gap_cls_solved": 0.7575757575757576,
        "gap_cls_par2": 0.7575895066364648
      }
    },
    {
      "seed": 30,
      "train_size": 1865,
      "test_size": 622,
      "train_metrics": {
        "solved": 732,
        "avg_par2": 1460.375003111865,
        "sbs_name": "cvc5",
        "sbs_solved": 635,
        "sbs_avg_par2": 1585.3660500218632,
        "vbs_solved": 732,
        "vbs_avg_par2": 1460.3725213420041,
        "gap_cls_solved": 1.0,
        "gap_cls_par2": 0.9999801448131989
      },
      "test_metrics": {
        "solved": 228,
        "avg_par2": 1521.2241029257839,
        "sbs_name": "cvc5",
        "sbs_solved": 202,
        "sbs_avg_par2": 1621.9387000303082,
        "vbs_solved": 239,
        "vbs_avg_par2": 1479.595118181489,
        "gap_cls_solved": 0.7027027027027027,
        "gap_cls_par2": 0.7075457551116818
      }
    },
    {
      "seed": 40,
      "train_size": 1865,
      "test_size": 622,
      "train_metrics": {
        "solved": 722,
        "avg_par2": 1473.1416567496212,
        "sbs_name": "cvc5",
        "sbs_solved": 629,
        "sbs_avg_par2": 1592.8500082670396,
        "vbs_solved": 722,
        "vbs_avg_par2": 1473.1400666613551,
        "gap_cls_solved": 1.0,
        "gap_cls_par2": 0.9999867171577835
      },
      "test_metrics": {
        "solved": 243,
        "avg_par2": 1464.5376479496024,
        "sbs_name": "cvc5",
        "sbs_solved": 208,
        "sbs_avg_par2": 1599.4988573819894,
        "vbs_solved": 249,
        "vbs_avg_par2": 1441.3130088236273,
        "gap_cls_solved": 0.8536585365853658,
        "gap_cls_par2": 0.8531813095947934
      }
    }
  ],
  "aggregated": {
    "train": {
      "gap_cls_solved_mean": 1.0,
      "gap_cls_solved_std": 0.0,
      "gap_cls_par2_mean": 0.9999864208840215,
      "gap_cls_par2_std": 4.379179758284658e-06
    },
    "test": {
      "gap_cls_solved_mean": 0.7482419448273105,
      "gap_cls_solved_std": 0.05664025737435157,
      "gap_cls_par2_mean": 0.7525639267596523,
      "gap_cls_par2_std": 0.053597724019914944
    }
  }
}