{
  "division": "BV",
  "n_seeds": 5,
  "seed_values": [
    0,
    10,
    20,
    30,
    40
  ],
  "model_type": "SVM",
  "splits_dir": "/home/john-lu/Desktop/smt-select/data/cp26/performance_splits/smtcomp24/BV",
  "feature_csv_path": [
    "/home/john-lu/Desktop/smt-select/data/features/syntactic/BV/features.csv",
    "/home/john-lu/Desktop/smt-select/data/features/desc/setfit_mpnet/BV/seed0/features.csv"
  ],
  "feature_csv_path_per_seed": true,
  "seeds": [
    {
      "seed": 0,
      "train_size": 780,
      "test_size": 260,
      "train_metrics": {
        "total_count": 780,
        "solved": 748,
        "avg_par2": 114.32061631353818,
        "sbs_solved": 717,
        "sbs_avg_par2": 228.02426085833085,
        "vbs_solved": 756,
        "vbs_avg_par2": 84.73612726397263,
        "gap_cls_solved": 0.7948717948717948,
        "gap_cls_par2": 0.7935314787942049
      },
      "test_metrics": {
        "total_count": 260,
        "solved": 242,
        "avg_par2": 182.2704511369086,
        "sbs_solved": 235,
        "sbs_avg_par2": 259.9218850382541,
        "vbs_solved": 246,
        "vbs_avg_par2": 137.09389392141648,
        "gap_cls_solved": 0.6363636363636364,
        "gap_cls_par2": 0.6321965636275949
      }
    },
    {
      "seed": 10,
      "train_size": 780,
      "test_size": 260,
      "train_metrics": {
        "total_count": 780,
        "solved": 743,
        "avg_par2": 129.497022042355,
        "sbs_solved": 712,
        "sbs_avg_par2": 240.39324967535512,
        "vbs_solved": 752,
        "vbs_avg_par2": 97.6815779535473,
        "gap_cls_solved": 0.775,
        "gap_cls_par2": 0.7770648770002042
      },
      "test_metrics": {
        "total_count": 260,
        "solved": 241,
        "avg_par2": 185.30552594588542,
        "sbs_solved": 240,
        "sbs_avg_par2": 222.8149185871813,
        "vbs_solved": 250,
        "vbs_avg_par2": 98.25754185269247,
        "gap_cls_solved": 0.1,
        "gap_cls_par2": 0.30114147892864107
      }
    },
    {
      "seed": 20,
      "train_size": 780,
      "test_size": 260,
      "train_metrics": {
        "total_count": 780,
        "solved": 746,
        "avg_par2": 115.61271337531464,
        "sbs_solved": 720,
        "sbs_avg_par2": 215.95072717511107,
        "vbs_solved": 752,
        "vbs_avg_par2": 94.11469797483579,
        "gap_cls_solved": 0.8125,
        "gap_cls_par2": 0.8235496056331564
      },
      "test_metrics": {
        "total_count": 260,
        "solved": 243,
        "avg_par2": 185.20519576892707,
        "sbs_solved": 232,
        "sbs_avg_par2": 296.1424860879134,
        "vbs_solved": 250,
        "vbs_avg_par2": 108.95818178882698,
        "gap_cls_solved": 0.6111111111111112,
        "gap_cls_par2": 0.5926634219380315
      }
    },
    {
      "seed": 30,
      "train_size": 780,
      "test_size": 260,
      "train_metrics": {
        "total_count": 780,
        "solved": 745,
        "avg_par2": 123.7115681037187,
        "sbs_solved": 713,
        "sbs_avg_par2": 238.5362482514528,
        "vbs_solved": 751,
        "vbs_avg_par2": 99.42559507891613,
        "gap_cls_solved": 0.8421052631578947,
        "gap_cls_par2": 0.8254197470075777
      },
      "test_metrics": {
        "total_count": 260,
        "solved": 244,
        "avg_par2": 164.33441552748732,
        "sbs_solved": 239,
        "sbs_avg_par2": 228.38592285888825,
        "vbs_solved": 251,
        "vbs_avg_par2": 93.02549047658596,
        "gap_cls_solved": 0.4166666666666667,
        "gap_cls_par2": 0.47319224831151874
      }
    },
    {
      "seed": 40,
      "train_size": 780,
      "test_size": 260,
      "train_metrics": {
        "total_count": 780,
        "solved": 739,
        "avg_par2": 141.52586336868194,
        "sbs_solved": 715,
        "sbs_avg_par2": 234.67214455008238,
        "vbs_solved": 748,
        "vbs_avg_par2": 108.70766903136779,
        "gap_cls_solved": 0.7272727272727273,
        "gap_cls_par2": 0.7394646847679024
      },
      "test_metrics": {
        "total_count": 260,
        "solved": 248,
        "avg_par2": 132.73277164103064,
        "sbs_solved": 237,
        "sbs_avg_par2": 239.97823396299947,
        "vbs_solved": 254,
        "vbs_avg_par2": 65.17926861923098,
        "gap_cls_solved": 0.6470588235294118,
        "gap_cls_par2": 0.6135360247187647
      }
    }
  ],
  "aggregated": {
    "train": {
      "gap_cls_solved_mean": 0.7903499570604835,
      "gap_cls_solved_std": 0.03848127136181195,
      "gap_cls_par2_mean": 0.7918060786406091,
      "gap_cls_par2_std": 0.03192939633329151
    },
    "test": {
      "gap_cls_solved_mean": 0.4822400475341652,
      "gap_cls_solved_std": 0.2087747028732242,
      "gap_cls_par2_mean": 0.5225459475049101,
      "gap_cls_par2_std": 0.12383427499522003
    }
  }
}