{
  "n_splits": 4,
  "n_instances": 1208,
  "model_type": "SVM",
  "folds_dir": "data/foiks26/perf_data/folds/QF_IDL",
  "feature_csv_path": [
    "data/features/syntactic/catalog1/QF_IDL.CSV",
    "data/features/native_desc/all_mpnet_base_v2/QF_IDL.CSV"
  ],
  "svm_c": 1.0,
  "folds": [
    {
      "fold": 1,
      "train_size": 906,
      "test_size": 302,
      "train_metrics": {
        "total_instances": 906,
        "solved": 827,
        "solve_rate": 91.280353200883,
        "avg_par2": 256.03536083474074,
        "sbs_name": "Z3alpha",
        "sbs_solved": 791,
        "sbs_solve_rate": 87.30684326710816,
        "sbs_avg_par2": 352.37138213929677,
        "vbs_solved": 829,
        "vbs_solve_rate": 91.50110375275938,
        "vbs_avg_par2": 245.2119936804815,
        "gap_cls_solved": 0.9473684210526315,
        "gap_cls_par2": 0.8989974904679583
      },
      "test_metrics": {
        "total_instances": 302,
        "solved": 269,
        "solve_rate": 89.0728476821192,
        "avg_par2": 303.5971128315165,
        "sbs_name": "Z3alpha",
        "sbs_solved": 256,
        "sbs_solve_rate": 84.76821192052981,
        "sbs_avg_par2": 407.108893787792,
        "vbs_solved": 272,
        "vbs_solve_rate": 90.06622516556291,
        "vbs_avg_par2": 276.3238674346526,
        "gap_cls_solved": 0.8125,
        "gap_cls_par2": 0.7914650770247811
      }
    },
    {
      "fold": 2,
      "train_size": 906,
      "test_size": 302,
      "train_metrics": {
        "total_instances": 906,
        "solved": 820,
        "solve_rate": 90.50772626931567,
        "avg_par2": 271.50789180049685,
        "sbs_name": "Z3alpha",
        "sbs_solved": 780,
        "sbs_solve_rate": 86.09271523178808,
        "sbs_avg_par2": 381.6335399681669,
        "vbs_solved": 822,
        "vbs_solve_rate": 90.72847682119205,
        "vbs_avg_par2": 261.7448322202751,
        "gap_cls_solved": 0.9523809523809523,
        "gap_cls_par2": 0.9185656450584819
      },
      "test_metrics": {
        "total_instances": 302,
        "solved": 274,
        "solve_rate": 90.72847682119205,
        "avg_par2": 267.12253298004947,
        "sbs_name": "Z3alpha",
        "sbs_solved": 267,
        "sbs_solve_rate": 88.41059602649007,
        "sbs_avg_par2": 319.32242030118175,
        "vbs_solved": 279,
        "vbs_solve_rate": 92.3841059602649,
        "vbs_avg_par2": 226.72535181527167,
        "gap_cls_solved": 0.5833333333333334,
        "gap_cls_par2": 0.5637315324844783
      }
    },
    {
      "fold": 3,
      "train_size": 906,
      "test_size": 302,
      "train_metrics": {
        "total_instances": 906,
        "solved": 819,
        "solve_rate": 90.39735099337747,
        "avg_par2": 272.1034252783556,
        "sbs_name": "Z3alpha",
        "sbs_solved": 787,
        "sbs_solve_rate": 86.86534216335541,
        "sbs_avg_par2": 357.7064515354827,
        "vbs_solved": 823,
        "vbs_solve_rate": 90.83885209713024,
        "vbs_avg_par2": 256.1912655598412,
        "gap_cls_solved": 0.8888888888888888,
        "gap_cls_par2": 0.8432534052360158
      },
      "test_metrics": {
        "total_instances": 302,
        "solved": 274,
        "solve_rate": 90.72847682119205,
        "avg_par2": 276.62543446661266,
        "sbs_name": "Z3alpha",
        "sbs_solved": 260,
        "sbs_solve_rate": 86.09271523178808,
        "sbs_avg_par2": 391.10368559923427,
        "vbs_solved": 278,
        "vbs_solve_rate": 92.05298013245033,
        "vbs_avg_par2": 243.38605179657344,
        "gap_cls_solved": 0.7777777777777778,
        "gap_cls_par2": 0.7749802659684867
      }
    },
    {
      "fold": 4,
      "train_size": 906,
      "test_size": 302,
      "train_metrics": {
        "total_instances": 906,
        "solved": 828,
        "solve_rate": 91.3907284768212,
        "avg_par2": 256.62580057700103,
        "sbs_name": "Z3alpha",
        "sbs_solved": 783,
        "sbs_solve_rate": 86.42384105960265,
        "sbs_avg_par2": 372.51166656273597,
        "vbs_solved": 829,
        "vbs_solve_rate": 91.50110375275938,
        "vbs_avg_par2": 248.81175701549924,
        "gap_cls_solved": 0.9782608695652174,
        "gap_cls_par2": 0.936830644500044
      },
      "test_metrics": {
        "total_instances": 302,
        "solved": 269,
        "solve_rate": 89.0728476821192,
        "avg_par2": 297.5447550739013,
        "sbs_name": "Z3alpha",
        "sbs_solved": 264,
        "sbs_solve_rate": 87.41721854304636,
        "sbs_avg_par2": 346.6880405174743,
        "vbs_solved": 272,
        "vbs_solve_rate": 90.06622516556291,
        "vbs_avg_par2": 265.52457742959933,
        "gap_cls_solved": 0.625,
        "gap_cls_par2": 0.6054853202895742
      }
    }
  ],
  "aggregated": {
    "test_solve_rate_mean": 89.90066225165563,
    "test_solve_rate_std": 0.8278145695364216,
    "test_avg_par2_mean": 286.22245883802,
    "test_avg_par2_std": 14.891130229201313,
    "test_sbs_solve_rate_mean": 86.67218543046359,
    "test_sbs_solve_rate_std": 1.3727751615709427,
    "test_sbs_avg_par2_mean": 366.0557600514206,
    "test_sbs_avg_par2_std": 34.89939816093564,
    "test_vbs_solve_rate_mean": 91.14238410596026,
    "test_vbs_solve_rate_std": 1.08250801577997,
    "test_vbs_avg_par2_mean": 252.98996211902426,
    "test_vbs_avg_par2_std": 19.259105418947133,
    "test_gap_cls_solved_mean": 0.6996527777777778,
    "test_gap_cls_solved_std": 0.0973925838733038,
    "test_gap_cls_par2_mean": 0.68391554894183,
    "test_gap_cls_par2_std": 0.10056736828648329,
    "train_solve_rate_mean": 90.89403973509934,
    "train_solve_rate_std": 0.44493696182663517,
    "train_avg_par2_mean": 264.06811962264857,
    "train_avg_par2_std": 7.743217573477467,
    "train_sbs_solve_rate_mean": 86.67218543046357,
    "train_sbs_solve_rate_std": 0.45759172052364694,
    "train_sbs_avg_par2_mean": 366.05576005142063,
    "train_sbs_avg_par2_std": 11.63313272031188,
    "train_vbs_solve_rate_mean": 91.14238410596026,
    "train_vbs_solve_rate_std": 0.36083600525998905,
    "train_vbs_avg_par2_mean": 252.98996211902426,
    "train_vbs_avg_par2_std": 6.419701806315699,
    "train_gap_cls_solved_mean": 0.9417247829719225,
    "train_gap_cls_solved_std": 0.03267997064092266,
    "train_gap_cls_par2_mean": 0.899411796315625,
    "train_gap_cls_par2_std": 0.035074836632187564
  }
}