{
  "division": "QF_LIA",
  "n_seeds": 5,
  "seed_values": [
    0,
    10,
    20,
    30,
    40
  ],
  "model_type": "SVM",
  "splits_dir": "/home/john-lu/Desktop/smt-select/data/cp26/performance_splits/smtcomp24/QF_LIA",
  "feature_csv_path": [
    "/home/john-lu/Desktop/smt-select/data/features/syntactic/QF_LIA/features.csv",
    "/home/john-lu/Desktop/smt-select/data/features/desc/setfit_mpnet/QF_LIA/seed0/features.csv"
  ],
  "feature_csv_path_per_seed": true,
  "seeds": [
    {
      "seed": 0,
      "train_size": 3618,
      "test_size": 1207,
      "train_metrics": {
        "total_count": 3618,
        "solved": 3536,
        "avg_par2": 64.74114022662296,
        "sbs_solved": 3390,
        "sbs_avg_par2": 211.21875675864814,
        "vbs_solved": 3544,
        "vbs_avg_par2": 57.76171831546939,
        "gap_cls_solved": 0.948051948051948,
        "gap_cls_par2": 0.95451872405489
      },
      "test_metrics": {
        "total_count": 1207,
        "solved": 1180,
        "avg_par2": 65.95696285529569,
        "sbs_solved": 1124,
        "sbs_avg_par2": 221.90117742543984,
        "vbs_solved": 1182,
        "vbs_avg_par2": 56.74290921905257,
        "gap_cls_solved": 0.9655172413793104,
        "gap_cls_par2": 0.9442107637945867
      }
    },
    {
      "seed": 10,
      "train_size": 3618,
      "test_size": 1207,
      "train_metrics": {
        "total_count": 3618,
        "solved": 3537,
        "avg_par2": 64.10306498629946,
        "sbs_solved": 3385,
        "sbs_avg_par2": 214.80620765811412,
        "vbs_solved": 3543,
        "vbs_avg_par2": 57.38506665321782,
        "gap_cls_solved": 0.9620253164556962,
        "gap_cls_par2": 0.9573246751344999
      },
      "test_metrics": {
        "total_count": 1207,
        "solved": 1177,
        "avg_par2": 68.84842752687939,
        "sbs_solved": 1129,
        "sbs_avg_par2": 211.14774134071087,
        "vbs_solved": 1183,
        "vbs_avg_par2": 57.871928037632664,
        "gap_cls_solved": 0.8888888888888888,
        "gap_cls_par2": 0.9283872696369748
      }
    },
    {
      "seed": 20,
      "train_size": 3618,
      "test_size": 1207,
      "train_metrics": {
        "total_count": 3618,
        "solved": 3538,
        "avg_par2": 62.65243929048815,
        "sbs_solved": 3384,
        "sbs_avg_par2": 215.0290765680648,
        "vbs_solved": 3546,
        "vbs_avg_par2": 55.23112424398988,
        "gap_cls_solved": 0.9506172839506173,
        "gap_cls_par2": 0.9535581342654028
      },
      "test_metrics": {
        "total_count": 1207,
        "solved": 1178,
        "avg_par2": 73.27996861495546,
        "sbs_solved": 1130,
        "sbs_avg_par2": 210.47968855181145,
        "vbs_solved": 1180,
        "vbs_avg_par2": 64.32840163878153,
        "gap_cls_solved": 0.96,
        "gap_cls_par2": 0.9387513639787466
      }
    },
    {
      "seed": 30,
      "train_size": 3618,
      "test_size": 1207,
      "train_metrics": {
        "total_count": 3618,
        "solved": 3542,
        "avg_par2": 60.71906963206323,
        "sbs_solved": 3386,
        "sbs_avg_par2": 210.82636253598452,
        "vbs_solved": 3548,
        "vbs_avg_par2": 54.73785351010224,
        "gap_cls_solved": 0.9629629629629629,
        "gap_cls_par2": 0.9616806121136746
      },
      "test_metrics": {
        "total_count": 1207,
        "solved": 1172,
        "avg_par2": 81.95796874105598,
        "sbs_solved": 1128,
        "sbs_avg_par2": 223.0773847971027,
        "vbs_solved": 1178,
        "vbs_avg_par2": 65.80698781542236,
        "gap_cls_solved": 0.88,
        "gap_cls_par2": 0.8973043800002934
      }
    },
    {
      "seed": 40,
      "train_size": 3618,
      "test_size": 1207,
      "train_metrics": {
        "total_count": 3618,
        "solved": 3525,
        "avg_par2": 71.98125512294175,
        "sbs_solved": 3370,
        "sbs_avg_par2": 224.3013800742982,
        "vbs_solved": 3532,
        "vbs_avg_par2": 65.21746850427438,
        "gap_cls_solved": 0.9567901234567902,
        "gap_cls_par2": 0.9574828997356521
      },
      "test_metrics": {
        "total_count": 1207,
        "solved": 1186,
        "avg_par2": 53.01840786203232,
        "sbs_solved": 1144,
        "sbs_avg_par2": 182.68582435499917,
        "vbs_solved": 1194,
        "vbs_avg_par2": 34.394189928997484,
        "gap_cls_solved": 0.84,
        "gap_cls_par2": 0.8744081687067222
      }
    }
  ],
  "aggregated": {
    "train": {
      "gap_cls_solved_mean": 0.9560895269756029,
      "gap_cls_solved_std": 0.005958467472970861,
      "gap_cls_par2_mean": 0.9569130090608239,
      "gap_cls_par2_std": 0.002835914977202771
    },
    "test": {
      "gap_cls_solved_mean": 0.9068812260536399,
      "gap_cls_solved_std": 0.048537015458455665,
      "gap_cls_par2_mean": 0.9166123892234648,
      "gap_cls_par2_std": 0.026624979776605724
    }
  }
}