{
  "n_splits": 4,
  "n_instances": 2482,
  "model_type": "SVM",
  "folds_dir": "data/perf_data/folds/QF_NRA",
  "feature_csv_path": "data/features/path_emb/all_mpnet_base_v2/QF_NRA.csv",
  "folds": [
    {
      "fold": 1,
      "train_size": 1861,
      "test_size": 621,
      "train_metrics": {
        "total_instances": 1861,
        "solved": 1758,
        "solve_rate": 94.46534121440085,
        "avg_par2": 144.232367754605,
        "sbs_name": "Z3alpha",
        "sbs_solved": 1691,
        "sbs_solve_rate": 90.8651262761956,
        "sbs_avg_par2": 234.63610802478317,
        "vbs_solved": 1758,
        "vbs_solve_rate": 94.46534121440085,
        "vbs_avg_par2": 144.0316038665375,
        "gap_cls_solved": 1.0,
        "gap_cls_par2": 0.997784173204934
      },
      "test_metrics": {
        "total_instances": 621,
        "solved": 575,
        "solve_rate": 92.5925925925926,
        "avg_par2": 188.0572362934574,
        "sbs_name": "Z3alpha",
        "sbs_solved": 563,
        "sbs_solve_rate": 90.66022544283415,
        "sbs_avg_par2": 243.77966070037502,
        "vbs_solved": 585,
        "vbs_solve_rate": 94.20289855072464,
        "vbs_avg_par2": 147.65383010768562,
        "gap_cls_solved": 0.5454545454545454,
        "gap_cls_par2": 0.5796821110761402
      }
    },
    {
      "fold": 2,
      "train_size": 1861,
      "test_size": 621,
      "train_metrics": {
        "total_instances": 1861,
        "solved": 1760,
        "solve_rate": 94.57281031703386,
        "avg_par2": 139.69906140643442,
        "sbs_name": "Z3alpha",
        "sbs_solved": 1698,
        "sbs_solve_rate": 91.24126813541108,
        "sbs_avg_par2": 226.35057370079545,
        "vbs_solved": 1760,
        "vbs_solve_rate": 94.57281031703386,
        "vbs_avg_par2": 139.5169074425372,
        "gap_cls_solved": 1.0,
        "gap_cls_par2": 0.9979022656563241
      },
      "test_metrics": {
        "total_instances": 621,
        "solved": 572,
        "solve_rate": 92.10950080515298,
        "avg_par2": 207.96015213759003,
        "sbs_name": "Z3alpha",
        "sbs_solved": 556,
        "sbs_solve_rate": 89.5330112721417,
        "sbs_avg_par2": 268.6095791817622,
        "vbs_solved": 583,
        "vbs_solve_rate": 93.88083735909822,
        "vbs_avg_par2": 161.18337929458508,
        "gap_cls_solved": 0.5925925925925926,
        "gap_cls_par2": 0.5645682999851841
      }
    },
    {
      "fold": 3,
      "train_size": 1862,
      "test_size": 620,
      "train_metrics": {
        "total_instances": 1862,
        "solved": 1752,
        "solve_rate": 94.09237379162191,
        "avg_par2": 153.01871408419942,
        "sbs_name": "Z3alpha",
        "sbs_solved": 1681,
        "sbs_solve_rate": 90.27926960257787,
        "sbs_avg_par2": 250.54956717989728,
        "vbs_solved": 1752,
        "vbs_solve_rate": 94.09237379162191,
        "vbs_avg_par2": 152.8670691912835,
        "gap_cls_solved": 1.0,
        "gap_cls_par2": 0.9984475735567941
      },
      "test_metrics": {
        "total_instances": 620,
        "solved": 578,
        "solve_rate": 93.2258064516129,
        "avg_par2": 170.5668689308713,
        "sbs_name": "Z3alpha",
        "sbs_solved": 573,
        "sbs_solve_rate": 92.41935483870968,
        "sbs_avg_par2": 196.0026971614307,
        "vbs_solved": 591,
        "vbs_solve_rate": 95.3225806451613,
        "vbs_avg_par2": 121.12477493278904,
        "gap_cls_solved": 0.2777777777777778,
        "gap_cls_par2": 0.339697302936511
      }
    },
    {
      "fold": 4,
      "train_size": 1862,
      "test_size": 620,
      "train_metrics": {
        "total_instances": 1862,
        "solved": 1759,
        "solve_rate": 94.46831364124597,
        "avg_par2": 143.45440348330644,
        "sbs_name": "Z3alpha",
        "sbs_solved": 1692,
        "sbs_solve_rate": 90.87003222341569,
        "sbs_avg_par2": 236.15219667394965,
        "vbs_solved": 1759,
        "vbs_solve_rate": 94.46831364124597,
        "vbs_avg_par2": 143.33258189964516,
        "gap_cls_solved": 1.0,
        "gap_cls_par2": 0.9986875448259779
      },
      "test_metrics": {
        "total_instances": 620,
        "solved": 577,
        "solve_rate": 93.06451612903226,
        "avg_par2": 177.6947107296148,
        "sbs_name": "Z3alpha",
        "sbs_solved": 562,
        "sbs_solve_rate": 90.64516129032259,
        "sbs_avg_par2": 239.2412518099358,
        "vbs_solved": 584,
        "vbs_solve_rate": 94.19354838709677,
        "vbs_avg_par2": 149.7589932183221,
        "gap_cls_solved": 0.6818181818181818,
        "gap_cls_par2": 0.6878071927219901
      }
    }
  ],
  "aggregated": {
    "test_solve_rate_mean": 92.74810399459768,
    "test_solve_rate_std": 0.43597996111586224,
    "test_avg_par2_mean": 186.0697420228834,
    "test_avg_par2_std": 14.085634630146028,
    "test_sbs_solve_rate_mean": 90.81443821100203,
    "test_sbs_solve_rate_std": 1.0332289963108552,
    "test_sbs_avg_par2_mean": 236.9082972133759,
    "test_sbs_avg_par2_std": 26.128995901913775,
    "test_vbs_solve_rate_mean": 94.39996623552022,
    "test_vbs_solve_rate_std": 0.5482144059925305,
    "test_vbs_avg_par2_mean": 144.93024438834544,
    "test_vbs_avg_par2_std": 14.67650762880469,
    "test_gap_cls_solved_mean": 0.5244107744107743,
    "test_gap_cls_solved_std": 0.15057932092855114,
    "test_gap_cls_par2_mean": 0.5429387266799564,
    "test_gap_cls_par2_std": 0.1266016029883573,
    "train_solve_rate_mean": 94.39970974107565,
    "train_solve_rate_std": 0.18264253381476514,
    "train_avg_par2_mean": 145.1011366821363,
    "train_avg_par2_std": 4.88203182290894,
    "train_sbs_solve_rate_mean": 90.81392405940007,
    "train_sbs_solve_rate_std": 0.3443283827160936,
    "train_sbs_avg_par2_mean": 236.9221113948564,
    "train_sbs_avg_par2_std": 8.707518884212234,
    "train_vbs_solve_rate_mean": 94.39970974107565,
    "train_vbs_solve_rate_std": 0.18264253381476514,
    "train_vbs_avg_par2_mean": 144.93704060000084,
    "train_vbs_avg_par2_std": 4.890227507556499,
    "train_gap_cls_solved_mean": 1.0,
    "train_gap_cls_solved_std": 0.0,
    "train_gap_cls_par2_mean": 0.9982053893110076,
    "train_gap_cls_par2_std": 0.000374310735742367
  }
}