{
  "division": "QF_SLIA",
  "n_seeds": 5,
  "seed_values": [
    0,
    10,
    20,
    30,
    40
  ],
  "model_type": "fusion_pwc",
  "splits_dir": "/home/john-lu/Desktop/smt-select/data/cp26/performance_splits/smtcomp24/QF_SLIA",
  "benchmark_root": "/home/john-lu/Desktop/smt_data/smtlib25/non-incremental",
  "seeds": [
    {
      "seed": 0,
      "train_size": 17791,
      "test_size": 5931,
      "train_metrics": {
        "total_count": 17791,
        "solved": 17773,
        "avg_par2": 4.424431092009983,
        "sbs_solved": 17469,
        "sbs_avg_par2": 44.65992063788583,
        "vbs_solved": 17774,
        "vbs_avg_par2": 4.040609480991914,
        "gap_cls_solved": 0.9967213114754099,
        "gap_cls_par2": 0.9905507602151218
      },
      "test_metrics": {
        "total_count": 5931,
        "solved": 5922,
        "avg_par2": 5.968017702798174,
        "sbs_solved": 5807,
        "sbs_avg_par2": 51.47958290425829,
        "vbs_solved": 5926,
        "vbs_avg_par2": 4.233040090213708,
        "gap_cls_solved": 0.9663865546218487,
        "gap_cls_par2": 0.9632782102298345
      }
    },
    {
      "seed": 10,
      "train_size": 17791,
      "test_size": 5931,
      "train_metrics": {
        "total_count": 17791,
        "solved": 17772,
        "avg_par2": 4.615130943355907,
        "sbs_solved": 17471,
        "sbs_avg_par2": 44.37160102340151,
        "vbs_solved": 17774,
        "vbs_avg_par2": 4.118191644449987,
        "gap_cls_solved": 0.9933993399339934,
        "gap_cls_par2": 0.9876547277218767
      },
      "test_metrics": {
        "total_count": 5931,
        "solved": 5919,
        "avg_par2": 6.8098309429986905,
        "sbs_solved": 5805,
        "sbs_avg_par2": 52.344444523089955,
        "vbs_solved": 5926,
        "vbs_avg_par2": 4.000319761418804,
        "gap_cls_solved": 0.9421487603305785,
        "gap_cls_par2": 0.9418851578050004
      }
    },
    {
      "seed": 20,
      "train_size": 17791,
      "test_size": 5931,
      "train_metrics": {
        "total_count": 17791,
        "solved": 17771,
        "avg_par2": 4.945044017748789,
        "sbs_solved": 17454,
        "sbs_avg_par2": 46.47006104267027,
        "vbs_solved": 17772,
        "vbs_avg_par2": 4.49120287077834,
        "gap_cls_solved": 0.9968553459119497,
        "gap_cls_par2": 0.9891888163057676
      },
      "test_metrics": {
        "total_count": 5931,
        "solved": 5924,
        "avg_par2": 4.848566609407069,
        "sbs_solved": 5822,
        "sbs_avg_par2": 46.04977208963684,
        "vbs_solved": 5928,
        "vbs_avg_par2": 2.8814118660204353,
        "gap_cls_solved": 0.9622641509433962,
        "gap_cls_par2": 0.954430635465499
      }
    },
    {
      "seed": 30,
      "train_size": 17791,
      "test_size": 5931,
      "train_metrics": {
        "total_count": 17791,
        "solved": 17773,
        "avg_par2": 4.590771925120126,
        "sbs_solved": 17458,
        "sbs_avg_par2": 46.17579783379222,
        "vbs_solved": 17775,
        "vbs_avg_par2": 4.124909975178831,
        "gap_cls_solved": 0.9936908517350158,
        "gap_cls_par2": 0.9889214717294995
      },
      "test_metrics": {
        "total_count": 5931,
        "solved": 5921,
        "avg_par2": 5.986207764530032,
        "sbs_solved": 5818,
        "sbs_avg_par2": 46.93246248740271,
        "vbs_solved": 5925,
        "vbs_avg_par2": 3.980167034729063,
        "gap_cls_solved": 0.9626168224299065,
        "gap_cls_par2": 0.9532960762944255
      }
    },
    {
      "seed": 40,
      "train_size": 17791,
      "test_size": 5931,
      "train_metrics": {
        "total_count": 17791,
        "solved": 17774,
        "avg_par2": 4.498301067137689,
        "sbs_solved": 17461,
        "sbs_avg_par2": 45.611314943571195,
        "vbs_solved": 17776,
        "vbs_avg_par2": 3.966576320268525,
        "gap_cls_solved": 0.9936507936507937,
        "gap_cls_par2": 0.9872318865612562
      },
      "test_metrics": {
        "total_count": 5931,
        "solved": 5915,
        "avg_par2": 8.630253604310106,
        "sbs_solved": 5815,
        "sbs_avg_par2": 48.625720808077496,
        "vbs_solved": 5924,
        "vbs_avg_par2": 4.455114607568255,
        "gap_cls_solved": 0.9174311926605505,
        "gap_cls_par2": 0.905476982186092
      }
    }
  ],
  "aggregated": {
    "train": {
      "gap_cls_solved_mean": 0.9948635285414327,
      "gap_cls_solved_std": 0.0015753373576923996,
      "gap_cls_par2_mean": 0.9887095325067042,
      "gap_cls_par2_std": 0.0011798984144952883
    },
    "test": {
      "gap_cls_solved_mean": 0.9501694961972561,
      "gap_cls_solved_std": 0.0184409235670098,
      "gap_cls_par2_mean": 0.9436734123961703,
      "gap_cls_par2_std": 0.02027228029619338
    }
  }
}