{
  "division": "QF_BV",
  "n_seeds": 5,
  "seed_values": [
    0,
    10,
    20,
    30,
    40
  ],
  "model_type": "SVM",
  "splits_dir": "/home/john-lu/Desktop/smt-select/data/train_test_splits/QF_BV",
  "feature_csv_path": "/home/john-lu/Desktop/smt-select/data/features/syntactic/QF_BV/features.csv",
  "feature_csv_path_per_seed": false,
  "seeds": [
    {
      "seed": 0,
      "train_size": 8027,
      "test_size": 2676,
      "train_metrics": {
        "total_count": 8027,
        "solved": 7909,
        "avg_par2": 46.55783355494925,
        "sbs_solved": 7864,
        "sbs_avg_par2": 61.77599266787249,
        "vbs_solved": 7918,
        "vbs_avg_par2": 41.85153200714887,
        "gap_cls_solved": 0.8333333333333334,
        "gap_cls_par2": 0.7637927757272877
      },
      "test_metrics": {
        "total_count": 2676,
        "solved": 2632,
        "avg_par2": 51.646817834726434,
        "sbs_solved": 2625,
        "sbs_avg_par2": 58.10378827141716,
        "vbs_solved": 2642,
        "vbs_avg_par2": 40.25809746050704,
        "gap_cls_solved": 0.4117647058823529,
        "gap_cls_par2": 0.3618223864297368
      }
    },
    {
      "seed": 10,
      "train_size": 8027,
      "test_size": 2676,
      "train_metrics": {
        "total_count": 8027,
        "solved": 7904,
        "avg_par2": 48.650819216509504,
        "sbs_solved": 7865,
        "sbs_avg_par2": 61.78417641632123,
        "vbs_solved": 7914,
        "vbs_avg_par2": 43.20045916735318,
        "gap_cls_solved": 0.7959183673469388,
        "gap_cls_par2": 0.7067131416100845
      },
      "test_metrics": {
        "total_count": 2676,
        "solved": 2636,
        "avg_par2": 45.67963722083932,
        "sbs_solved": 2627,
        "sbs_avg_par2": 57.66332678096884,
        "vbs_solved": 2646,
        "vbs_avg_par2": 36.211820063287306,
        "gap_cls_solved": 0.47368421052631576,
        "gap_cls_par2": 0.5586409252200403
      }
    },
    {
      "seed": 20,
      "train_size": 8027,
      "test_size": 2676,
      "train_metrics": {
        "total_count": 8027,
        "solved": 7909,
        "avg_par2": 46.36899995577097,
        "sbs_solved": 7865,
        "sbs_avg_par2": 60.975859810918074,
        "vbs_solved": 7921,
        "vbs_avg_par2": 40.68144053542927,
        "gap_cls_solved": 0.7857142857142857,
        "gap_cls_par2": 0.7197476142019487
      },
      "test_metrics": {
        "total_count": 2676,
        "solved": 2630,
        "avg_par2": 53.985441649203196,
        "sbs_solved": 2624,
        "sbs_avg_par2": 60.50388783897062,
        "vbs_solved": 2639,
        "vbs_avg_par2": 43.76793462175265,
        "gap_cls_solved": 0.4,
        "gap_cls_par2": 0.3894875962643848
      }
    },
    {
      "seed": 30,
      "train_size": 8027,
      "test_size": 2676,
      "train_metrics": {
        "total_count": 8027,
        "solved": 7915,
        "avg_par2": 44.65185250675447,
        "sbs_solved": 7870,
        "sbs_avg_par2": 59.73287903806865,
        "vbs_solved": 7928,
        "vbs_avg_par2": 38.991442906889496,
        "gap_cls_solved": 0.7758620689655172,
        "gap_cls_par2": 0.7270965441319621
      },
      "test_metrics": {
        "total_count": 2676,
        "solved": 2621,
        "avg_par2": 61.233699878146986,
        "sbs_solved": 2619,
        "sbs_avg_par2": 64.2323656654513,
        "vbs_solved": 2632,
        "vbs_avg_par2": 48.837295968646785,
        "gap_cls_solved": 0.15384615384615385,
        "gap_cls_par2": 0.19478091664156164
      }
    },
    {
      "seed": 40,
      "train_size": 8027,
      "test_size": 2676,
      "train_metrics": {
        "total_count": 8027,
        "solved": 7914,
        "avg_par2": 44.83757149884316,
        "sbs_solved": 7868,
        "sbs_avg_par2": 59.7629644565803,
        "vbs_solved": 7924,
        "vbs_avg_par2": 40.0005839586007,
        "gap_cls_solved": 0.8214285714285714,
        "gap_cls_par2": 0.7552426672112214
      },
      "test_metrics": {
        "total_count": 2676,
        "solved": 2625,
        "avg_par2": 59.28191092436634,
        "sbs_solved": 2621,
        "sbs_avg_par2": 64.14212065259892,
        "vbs_solved": 2636,
        "vbs_avg_par2": 45.810249921529525,
        "gap_cls_solved": 0.26666666666666666,
        "gap_cls_par2": 0.265123499916206
      }
    }
  ],
  "aggregated": {
    "train": {
      "gap_cls_solved_mean": 0.8024513253577293,
      "gap_cls_solved_std": 0.021650084881710326,
      "gap_cls_par2_mean": 0.7345185485765009,
      "gap_cls_par2_std": 0.021600355447547383
    },
    "test": {
      "gap_cls_solved_mean": 0.3411923473842978,
      "gap_cls_solved_std": 0.11545177773308501,
      "gap_cls_par2_mean": 0.3539710648943859,
      "gap_cls_par2_std": 0.12365129362803975
    }
  }
}