{
  "division": "QF_BV",
  "n_seeds": 5,
  "seed_values": [
    0,
    10,
    20,
    30,
    40
  ],
  "model_type": "SVM",
  "splits_dir": "/home/john-lu/Desktop/smt-select/data/train_test_splits/QF_BV",
  "feature_csv_path": "/home/john-lu/Desktop/smt-select/data/features/syntactic/QF_BV/features.csv",
  "feature_csv_path_per_seed": false,
  "seeds": [
    {
      "seed": 0,
      "train_size": 8562,
      "test_size": 2141,
      "train_metrics": {
        "total_count": 8562,
        "solved": 8436,
        "avg_par2": 46.46105440602994,
        "sbs_solved": 8391,
        "sbs_avg_par2": 60.950648615255304,
        "vbs_solved": 8447,
        "vbs_avg_par2": 41.46419959336864,
        "gap_cls_solved": 0.8035714285714286,
        "gap_cls_par2": 0.7435728383837936
      },
      "test_metrics": {
        "total_count": 2141,
        "solved": 2105,
        "avg_par2": 53.30913977685255,
        "sbs_solved": 2098,
        "sbs_avg_par2": 60.486771188934526,
        "vbs_solved": 2113,
        "vbs_avg_par2": 41.40889271708477,
        "gap_cls_solved": 0.4666666666666667,
        "gap_cls_par2": 0.3762279659487761
      }
    },
    {
      "seed": 10,
      "train_size": 8562,
      "test_size": 2141,
      "train_metrics": {
        "total_count": 8562,
        "solved": 8429,
        "avg_par2": 49.20413227966509,
        "sbs_solved": 8389,
        "sbs_avg_par2": 62.22931713556718,
        "vbs_solved": 8441,
        "vbs_avg_par2": 43.4516257134731,
        "gap_cls_solved": 0.7692307692307693,
        "gap_cls_par2": 0.6936520876350373
      },
      "test_metrics": {
        "total_count": 2141,
        "solved": 2111,
        "avg_par2": 42.59434815344478,
        "sbs_solved": 2105,
        "sbs_avg_par2": 53.43074133944977,
        "vbs_solved": 2119,
        "vbs_avg_par2": 33.46104477671376,
        "gap_cls_solved": 0.42857142857142855,
        "gap_cls_par2": 0.5426418549706956
      }
    },
    {
      "seed": 20,
      "train_size": 8562,
      "test_size": 2141,
      "train_metrics": {
        "total_count": 8562,
        "solved": 8433,
        "avg_par2": 47.4655681153916,
        "sbs_solved": 8386,
        "sbs_avg_par2": 61.88110117898588,
        "vbs_solved": 8446,
        "vbs_avg_par2": 41.83317938016997,
        "gap_cls_solved": 0.7833333333333333,
        "gap_cls_par2": 0.7190537357565765
      },
      "test_metrics": {
        "total_count": 2141,
        "solved": 2107,
        "avg_par2": 50.931127724760465,
        "sbs_solved": 2103,
        "sbs_avg_par2": 56.76583010969063,
        "vbs_solved": 2114,
        "vbs_avg_par2": 39.93331824973633,
        "gap_cls_solved": 0.36363636363636365,
        "gap_cls_par2": 0.3466328990868751
      }
    },
    {
      "seed": 30,
      "train_size": 8562,
      "test_size": 2141,
      "train_metrics": {
        "total_count": 8562,
        "solved": 8440,
        "avg_par2": 45.849321356216336,
        "sbs_solved": 8391,
        "sbs_avg_par2": 61.1173407373952,
        "vbs_solved": 8454,
        "vbs_avg_par2": 40.090181442377016,
        "gap_cls_solved": 0.7777777777777778,
        "gap_cls_par2": 0.7261094647623756
      },
      "test_metrics": {
        "total_count": 2141,
        "solved": 2099,
        "avg_par2": 58.24588237000543,
        "sbs_solved": 2098,
        "sbs_avg_par2": 59.82015841464131,
        "vbs_solved": 2106,
        "vbs_avg_par2": 46.903681791718256,
        "gap_cls_solved": 0.125,
        "gap_cls_par2": 0.12188122896007025
      }
    },
    {
      "seed": 40,
      "train_size": 8562,
      "test_size": 2141,
      "train_metrics": {
        "total_count": 8562,
        "solved": 8439,
        "avg_par2": 45.525017116879454,
        "sbs_solved": 8393,
        "sbs_avg_par2": 59.618152885842804,
        "vbs_solved": 8451,
        "vbs_avg_par2": 40.20496369586777,
        "gap_cls_solved": 0.7931034482758621,
        "gap_cls_par2": 0.725956751930334
      },
      "test_metrics": {
        "total_count": 2141,
        "solved": 2098,
        "avg_par2": 62.066495708770134,
        "sbs_solved": 2096,
        "sbs_avg_par2": 65.81550936512782,
        "vbs_solved": 2109,
        "vbs_avg_par2": 46.44466000078513,
        "gap_cls_solved": 0.15384615384615385,
        "gap_cls_par2": 0.193538940179813
      }
    }
  ],
  "aggregated": {
    "train": {
      "gap_cls_solved_mean": 0.7854033514378342,
      "gap_cls_solved_std": 0.01194451574480459,
      "gap_cls_par2_mean": 0.7216689756936233,
      "gap_cls_par2_std": 0.016184360755935406
    },
    "test": {
      "gap_cls_solved_mean": 0.30754412254412256,
      "gap_cls_solved_std": 0.14146332006586984,
      "gap_cls_par2_mean": 0.3161845778292459,
      "gap_cls_par2_std": 0.14738449776744655
    }
  }
}