{
  "division": "ABV",
  "n_seeds": 5,
  "seed_values": [
    0,
    10,
    20,
    30,
    40
  ],
  "model_type": "SVM",
  "splits_dir": "/home/john-lu/Desktop/smt-select/data/train_test_splits/ABV",
  "feature_csv_path": "/home/john-lu/Desktop/smt-select/data/features/desc/all-mpnet-base-v2/ABV/features.csv",
  "feature_csv_path_per_seed": false,
  "seeds": [
    {
      "seed": 0,
      "train_size": 1865,
      "test_size": 622,
      "train_metrics": {
        "total_count": 1865,
        "solved": 698,
        "avg_par2": 1504.7222152467034,
        "sbs_solved": 621,
        "sbs_avg_par2": 1603.2889194204809,
        "vbs_solved": 722,
        "vbs_avg_par2": 1473.078278344809,
        "gap_cls_solved": 0.7623762376237624,
        "gap_cls_par2": 0.7569788717689779
      },
      "test_metrics": {
        "total_count": 622,
        "solved": 236,
        "avg_par2": 1492.2827357986382,
        "sbs_solved": 216,
        "sbs_avg_par2": 1568.1989067370248,
        "vbs_solved": 249,
        "vbs_avg_par2": 1441.4982744351369,
        "gap_cls_solved": 0.6060606060606061,
        "gap_cls_par2": 0.5991775223149804
      }
    },
    {
      "seed": 10,
      "train_size": 1865,
      "test_size": 622,
      "train_metrics": {
        "total_count": 1865,
        "solved": 712,
        "avg_par2": 1486.5792504485162,
        "sbs_solved": 632,
        "sbs_avg_par2": 1588.8577544287875,
        "vbs_solved": 736,
        "vbs_avg_par2": 1455.235929221568,
        "gap_cls_solved": 0.7692307692307693,
        "gap_cls_par2": 0.7654326216668484
      },
      "test_metrics": {
        "total_count": 622,
        "solved": 226,
        "avg_par2": 1531.2967046330082,
        "sbs_solved": 205,
        "sbs_avg_par2": 1611.469200482215,
        "vbs_solved": 235,
        "vbs_avg_par2": 1494.9966363561089,
        "gap_cls_solved": 0.7,
        "gap_cls_par2": 0.68833803437523
      }
    },
    {
      "seed": 20,
      "train_size": 1865,
      "test_size": 622,
      "train_metrics": {
        "total_count": 1865,
        "solved": 687,
        "avg_par2": 1518.9546436876851,
        "sbs_solved": 609,
        "sbs_avg_par2": 1618.333484612624,
        "vbs_solved": 710,
        "vbs_avg_par2": 1488.5088358280148,
        "gap_cls_solved": 0.7722772277227723,
        "gap_cls_par2": 0.7654851513584089
      },
      "test_metrics": {
        "total_count": 622,
        "solved": 248,
        "avg_par2": 1445.9240250993419,
        "sbs_solved": 228,
        "sbs_avg_par2": 1523.0893985644411,
        "vbs_solved": 261,
        "vbs_avg_par2": 1395.2314099557502,
        "gap_cls_solved": 0.6060606060606061,
        "gap_cls_par2": 0.6035240684198757
      }
    },
    {
      "seed": 30,
      "train_size": 1865,
      "test_size": 622,
      "train_metrics": {
        "total_count": 1865,
        "solved": 711,
        "avg_par2": 1488.2463415218433,
        "sbs_solved": 635,
        "sbs_avg_par2": 1585.3660500218632,
        "vbs_solved": 732,
        "vbs_avg_par2": 1460.3725213420041,
        "gap_cls_solved": 0.7835051546391752,
        "gap_cls_par2": 0.7769978936171065
      },
      "test_metrics": {
        "total_count": 622,
        "solved": 226,
        "avg_par2": 1530.1569573608028,
        "sbs_solved": 202,
        "sbs_avg_par2": 1621.9387000303082,
        "vbs_solved": 239,
        "vbs_avg_par2": 1479.595118181489,
        "gap_cls_solved": 0.6486486486486487,
        "gap_cls_par2": 0.6447901723239282
      }
    },
    {
      "seed": 40,
      "train_size": 1865,
      "test_size": 622,
      "train_metrics": {
        "total_count": 1865,
        "solved": 701,
        "avg_par2": 1500.9256642218932,
        "sbs_solved": 629,
        "sbs_avg_par2": 1592.8500082670396,
        "vbs_solved": 722,
        "vbs_avg_par2": 1473.1400666613551,
        "gap_cls_solved": 0.7741935483870968,
        "gap_cls_par2": 0.7678923138058017
      },
      "test_metrics": {
        "total_count": 622,
        "solved": 233,
        "avg_par2": 1503.6968541643535,
        "sbs_solved": 208,
        "sbs_avg_par2": 1599.4988573819894,
        "vbs_solved": 249,
        "vbs_avg_par2": 1441.3130088236273,
        "gap_cls_solved": 0.6097560975609756,
        "gap_cls_par2": 0.6056294168582986
      }
    }
  ],
  "aggregated": {
    "train": {
      "gap_cls_solved_mean": 0.7723165875207153,
      "gap_cls_solved_std": 0.006885367035159736,
      "gap_cls_par2_mean": 0.7665573704434288,
      "gap_cls_par2_std": 0.006402326895028103
    },
    "test": {
      "gap_cls_solved_mean": 0.6341051916661673,
      "gap_cls_solved_std": 0.03665927946283891,
      "gap_cls_par2_mean": 0.6282918428584626,
      "gap_cls_par2_std": 0.03421231314711594
    }
  }
}