{
  "n_splits": 4,
  "n_instances": 2279,
  "model_type": "SVM",
  "folds_dir": "data/perf_data/folds/UFLIA",
  "feature_csv_path": "data/features/path_emb/all_mpnet_base_v2/UFLIA.csv",
  "folds": [
    {
      "fold": 1,
      "train_size": 1709,
      "test_size": 570,
      "train_metrics": {
        "total_instances": 1709,
        "solved": 984,
        "solve_rate": 57.577530719719135,
        "avg_par2": 1028.6098517834344,
        "sbs_name": "cvc5",
        "sbs_solved": 966,
        "sbs_solve_rate": 56.52428320655354,
        "sbs_avg_par2": 1053.0101597919966,
        "vbs_solved": 984,
        "vbs_solve_rate": 57.577530719719135,
        "vbs_avg_par2": 1028.4175284416342,
        "gap_cls_solved": 1.0,
        "gap_cls_par2": 0.9921796354745377
      },
      "test_metrics": {
        "total_instances": 570,
        "solved": 317,
        "solve_rate": 55.614035087719294,
        "avg_par2": 1078.5287745763546,
        "sbs_name": "cvc5",
        "sbs_solved": 317,
        "sbs_solve_rate": 55.614035087719294,
        "sbs_avg_par2": 1078.5100439894866,
        "vbs_solved": 323,
        "vbs_solve_rate": 56.666666666666664,
        "vbs_avg_par2": 1051.8697361075137,
        "gap_cls_solved": 0.0,
        "gap_cls_par2": -0.0007030919819336764
      }
    },
    {
      "fold": 2,
      "train_size": 1709,
      "test_size": 570,
      "train_metrics": {
        "total_instances": 1709,
        "solved": 971,
        "solve_rate": 56.81685196021065,
        "avg_par2": 1046.5234495400264,
        "sbs_name": "cvc5",
        "sbs_solved": 954,
        "sbs_solve_rate": 55.82211819777648,
        "sbs_avg_par2": 1071.2919229118584,
        "vbs_solved": 971,
        "vbs_solve_rate": 56.81685196021065,
        "vbs_avg_par2": 1046.3035615840029,
        "gap_cls_solved": 1.0,
        "gap_cls_par2": 0.9912003851257587
      },
      "test_metrics": {
        "total_instances": 570,
        "solved": 331,
        "solve_rate": 58.07017543859649,
        "avg_par2": 1021.3221487512016,
        "sbs_name": "cvc5",
        "sbs_solved": 329,
        "sbs_solve_rate": 57.719298245614034,
        "sbs_avg_par2": 1023.6968278985331,
        "vbs_solved": 336,
        "vbs_solve_rate": 58.94736842105262,
        "vbs_avg_par2": 998.243015685921,
        "gap_cls_solved": 0.2857142857142857,
        "gap_cls_par2": 0.09329365391306432
      }
    },
    {
      "fold": 3,
      "train_size": 1709,
      "test_size": 570,
      "train_metrics": {
        "total_instances": 1709,
        "solved": 975,
        "solve_rate": 57.05090696313634,
        "avg_par2": 1041.8827523120697,
        "sbs_name": "cvc5",
        "sbs_solved": 957,
        "sbs_solve_rate": 55.99765944997074,
        "sbs_avg_par2": 1066.6835851406395,
        "vbs_solved": 975,
        "vbs_solve_rate": 57.05090696313634,
        "vbs_avg_par2": 1041.6733246969509,
        "gap_cls_solved": 1.0,
        "gap_cls_par2": 0.991626332097168
      },
      "test_metrics": {
        "total_instances": 570,
        "solved": 326,
        "solve_rate": 57.19298245614035,
        "avg_par2": 1038.7673305407795,
        "sbs_name": "cvc5",
        "sbs_solved": 326,
        "sbs_solve_rate": 57.19298245614035,
        "sbs_avg_par2": 1037.5137564090824,
        "vbs_solved": 332,
        "vbs_solve_rate": 58.245614035087726,
        "vbs_avg_par2": 1012.1256031244678,
        "gap_cls_solved": 0.0,
        "gap_cls_par2": -0.04937634169937268
      }
    },
    {
      "fold": 4,
      "train_size": 1710,
      "test_size": 569,
      "train_metrics": {
        "total_instances": 1710,
        "solved": 991,
        "solve_rate": 57.953216374269005,
        "avg_par2": 1020.9877154082978,
        "sbs_name": "cvc5",
        "sbs_solved": 972,
        "sbs_solve_rate": 56.84210526315789,
        "sbs_avg_par2": 1046.5735427657007,
        "vbs_solved": 991,
        "vbs_solve_rate": 57.953216374269005,
        "vbs_avg_par2": 1020.7461183059675,
        "gap_cls_solved": 1.0,
        "gap_cls_par2": 0.9906457144920875
      },
      "test_metrics": {
        "total_instances": 569,
        "solved": 313,
        "solve_rate": 55.008787346221446,
        "avg_par2": 1089.3368825618418,
        "sbs_name": "cvc5",
        "sbs_solved": 311,
        "sbs_solve_rate": 54.6572934973638,
        "sbs_avg_par2": 1097.8986467999673,
        "vbs_solved": 316,
        "vbs_solve_rate": 55.536028119507904,
        "vbs_avg_par2": 1074.9656298503187,
        "gap_cls_solved": 0.4,
        "gap_cls_par2": 0.3733378934365074
      }
    }
  ],
  "aggregated": {
    "test_solve_rate_mean": 56.4714950821694,
    "test_solve_rate_std": 1.219741209817652,
    "test_avg_par2_mean": 1056.9887841075445,
    "test_avg_par2_std": 27.903856860358236,
    "test_sbs_solve_rate_mean": 56.29590232170937,
    "test_sbs_solve_rate_std": 1.2227827411064849,
    "test_sbs_avg_par2_mean": 1059.4048187742674,
    "test_sbs_avg_par2_std": 30.004431549582595,
    "test_vbs_solve_rate_mean": 57.34891931057873,
    "test_vbs_solve_rate_std": 1.3333364287122218,
    "test_vbs_avg_par2_mean": 1034.3009961920552,
    "test_vbs_avg_par2_std": 30.635759614625833,
    "test_gap_cls_solved_mean": 0.17142857142857143,
    "test_gap_cls_solved_std": 0.1761261143705422,
    "test_gap_cls_par2_mean": 0.10413802841706635,
    "test_gap_cls_par2_std": 0.16366466489718617,
    "train_solve_rate_mean": 57.349626504333784,
    "train_solve_rate_std": 0.44422492659621604,
    "train_avg_par2_mean": 1034.5009422609571,
    "train_avg_par2_std": 10.202255239550844,
    "train_sbs_solve_rate_mean": 56.29654152936467,
    "train_sbs_solve_rate_std": 0.4074046066557403,
    "train_sbs_avg_par2_mean": 1059.3898026525487,
    "train_sbs_avg_par2_std": 9.997700862774296,
    "train_vbs_solve_rate_mean": 57.349626504333784,
    "train_vbs_solve_rate_std": 0.44422492659621604,
    "train_vbs_avg_par2_mean": 1034.2851332571388,
    "train_vbs_avg_par2_std": 10.207371163995349,
    "train_gap_cls_solved_mean": 1.0,
    "train_gap_cls_solved_std": 0.0,
    "train_gap_cls_par2_mean": 0.991413016797388,
    "train_gap_cls_par2_std": 0.0005628438213159837
  }
}