{
  "division": "ALIA",
  "n_seeds": 5,
  "seed_values": [
    0,
    10,
    20,
    30,
    40
  ],
  "model_type": "SVM",
  "splits_dir": "/home/john-lu/Desktop/smt-select/data/cp26/performance_splits/smtcomp24/ALIA",
  "feature_csv_path": [
    "/home/john-lu/Desktop/smt-select/data/features/syntactic/ALIA/features.csv",
    "/home/john-lu/Desktop/smt-select/data/features/desc/embeddinggemma-300m/ALIA/features.csv"
  ],
  "seeds": [
    {
      "seed": 0,
      "train_size": 1152,
      "test_size": 385,
      "train_metrics": {
        "total_count": 1152,
        "solved": 286,
        "avg_par2": 1819.340174416429,
        "sbs_solved": 217,
        "sbs_avg_par2": 1958.486986079508,
        "vbs_solved": 290,
        "vbs_avg_par2": 1810.9430178216958,
        "gap_cls_solved": 0.9452054794520548,
        "gap_cls_par2": 0.9430870899441969
      },
      "test_metrics": {
        "total_count": 385,
        "solved": 93,
        "avg_par2": 1843.3787525068064,
        "sbs_solved": 80,
        "sbs_avg_par2": 1925.4140992726755,
        "vbs_solved": 100,
        "vbs_avg_par2": 1799.607106712526,
        "gap_cls_solved": 0.65,
        "gap_cls_par2": 0.6520730294593696
      }
    },
    {
      "seed": 10,
      "train_size": 1152,
      "test_size": 385,
      "train_metrics": {
        "total_count": 1152,
        "solved": 284,
        "avg_par2": 1827.6379593822357,
        "sbs_solved": 215,
        "sbs_avg_par2": 1965.7579697006431,
        "vbs_solved": 288,
        "vbs_avg_par2": 1818.4328220716266,
        "gap_cls_solved": 0.9452054794520548,
        "gap_cls_par2": 0.9375182210318302
      },
      "test_metrics": {
        "total_count": 385,
        "solved": 93,
        "avg_par2": 1834.5926948096594,
        "sbs_solved": 82,
        "sbs_avg_par2": 1909.54783782669,
        "vbs_solved": 102,
        "vbs_avg_par2": 1777.1960560737716,
        "gap_cls_solved": 0.55,
        "gap_cls_par2": 0.5663327083647504
      }
    },
    {
      "seed": 20,
      "train_size": 1152,
      "test_size": 385,
      "train_metrics": {
        "total_count": 1152,
        "solved": 294,
        "avg_par2": 1808.4025704223216,
        "sbs_solved": 223,
        "sbs_avg_par2": 1947.074880848026,
        "vbs_solved": 298,
        "vbs_avg_par2": 1797.614877462253,
        "gap_cls_solved": 0.9466666666666667,
        "gap_cls_par2": 0.9278222085127057
      },
      "test_metrics": {
        "total_count": 385,
        "solved": 85,
        "avg_par2": 1880.0379377870083,
        "sbs_solved": 71,
        "sbs_avg_par2": 1973.0361225850372,
        "vbs_solved": 92,
        "vbs_avg_par2": 1839.4876721516903,
        "gap_cls_solved": 0.6666666666666666,
        "gap_cls_par2": 0.6963628892455297
      }
    },
    {
      "seed": 30,
      "train_size": 1152,
      "test_size": 385,
      "train_metrics": {
        "total_count": 1152,
        "solved": 292,
        "avg_par2": 1807.1422364483135,
        "sbs_solved": 229,
        "sbs_avg_par2": 1942.6628782965095,
        "vbs_solved": 299,
        "vbs_avg_par2": 1792.6172004929535,
        "gap_cls_solved": 0.9,
        "gap_cls_par2": 0.9031959056203102
      },
      "test_metrics": {
        "total_count": 385,
        "solved": 79,
        "avg_par2": 1923.525674882489,
        "sbs_solved": 69,
        "sbs_avg_par2": 1994.2859643889096,
        "vbs_solved": 91,
        "vbs_avg_par2": 1854.4417601221646,
        "gap_cls_solved": 0.45454545454545453,
        "gap_cls_par2": 0.505993722639011
      }
    },
    {
      "seed": 40,
      "train_size": 1152,
      "test_size": 385,
      "train_metrics": {
        "total_count": 1152,
        "solved": 286,
        "avg_par2": 1820.600170618871,
        "sbs_solved": 220,
        "sbs_avg_par2": 1961.0210200132024,
        "vbs_solved": 292,
        "vbs_avg_par2": 1807.294213372571,
        "gap_cls_solved": 0.9166666666666666,
        "gap_cls_par2": 0.9134441315924455
      },
      "test_metrics": {
        "total_count": 385,
        "solved": 87,
        "avg_par2": 1876.5964214520732,
        "sbs_solved": 78,
        "sbs_avg_par2": 1939.3545896937653,
        "vbs_solved": 98,
        "vbs_avg_par2": 1810.52508781744,
        "gap_cls_solved": 0.45,
        "gap_cls_par2": 0.4871412784157092
      }
    }
  ],
  "aggregated": {
    "train": {
      "gap_cls_solved_mean": 0.9307488584474886,
      "gap_cls_solved_std": 0.019053423951706953,
      "gap_cls_par2_mean": 0.9250135113402976,
      "gap_cls_par2_std": 0.014837582383461046
    },
    "test": {
      "gap_cls_solved_mean": 0.5542424242424243,
      "gap_cls_solved_std": 0.0923392555111654,
      "gap_cls_par2_mean": 0.581580725624874,
      "gap_cls_par2_std": 0.08125123534477041
    }
  }
}