{
  "division": "UFNIA",
  "n_seeds": 5,
  "seed_values": [
    0,
    10,
    20,
    30,
    40
  ],
  "model_type": "WL",
  "splits_dir": "/home/john-lu/Desktop/smt-select/data/cp26/performance_splits/smtcomp24/UFNIA",
  "wl_dir": "/home/john-lu/Desktop/smt-select/data/features/wl/UFNIA",
  "wl_iter": 1,
  "seeds": [
    {
      "seed": 0,
      "train_size": 4709,
      "test_size": 1570,
      "train_metrics": {
        "solved": 2821,
        "avg_par2": 992.0866510383702,
        "sbs_name": "cvc5",
        "sbs_solved": 2775,
        "sbs_avg_par2": 1018.7174375948581,
        "vbs_solved": 2830,
        "vbs_avg_par2": 988.6280494388842,
        "gap_cls_solved": 0.8363636363636363,
        "gap_cls_par2": 0.8850557684470792
      },
      "test_metrics": {
        "solved": 917,
        "avg_par2": 1035.716805308564,
        "sbs_name": "cvc5",
        "sbs_solved": 913,
        "sbs_avg_par2": 1042.7014970401126,
        "vbs_solved": 929,
        "vbs_avg_par2": 1017.610803086114,
        "gap_cls_solved": 0.25,
        "gap_cls_par2": 0.27837778199177315
      }
    },
    {
      "seed": 10,
      "train_size": 4709,
      "test_size": 1570,
      "train_metrics": {
        "solved": 2786,
        "avg_par2": 1011.4842864385879,
        "sbs_name": "cvc5",
        "sbs_solved": 2748,
        "sbs_avg_par2": 1034.6312495524385,
        "vbs_solved": 2798,
        "vbs_avg_par2": 1007.3756015192909,
        "gap_cls_solved": 0.76,
        "gap_cls_par2": 0.8492538165190506
      },
      "test_metrics": {
        "solved": 945,
        "avg_par2": 986.3508072931359,
        "sbs_name": "cvc5",
        "sbs_solved": 940,
        "sbs_avg_par2": 994.9701973533324,
        "vbs_solved": 961,
        "vbs_avg_par2": 961.3800879608684,
        "gap_cls_solved": 0.23809523809523808,
        "gap_cls_par2": 0.2566050011772317
      }
    },
    {
      "seed": 20,
      "train_size": 4709,
      "test_size": 1570,
      "train_metrics": {
        "solved": 2834,
        "avg_par2": 986.9073559136579,
        "sbs_name": "cvc5",
        "sbs_solved": 2787,
        "sbs_avg_par2": 1015.003855059455,
        "vbs_solved": 2847,
        "vbs_avg_par2": 982.3129877004264,
        "gap_cls_solved": 0.7833333333333333,
        "gap_cls_par2": 0.8594601922679626
      },
      "test_metrics": {
        "solved": 902,
        "avg_par2": 1051.5739166906337,
        "sbs_name": "cvc5",
        "sbs_solved": 901,
        "sbs_avg_par2": 1053.8398793071274,
        "vbs_solved": 912,
        "vbs_avg_par2": 1036.551965969169,
        "gap_cls_solved": 0.09090909090909091,
        "gap_cls_par2": 0.13107207169522153
      }
    },
    {
      "seed": 30,
      "train_size": 4709,
      "test_size": 1570,
      "train_metrics": {
        "solved": 2814,
        "avg_par2": 995.4863633809805,
        "sbs_name": "cvc5",
        "sbs_solved": 2773,
        "sbs_avg_par2": 1019.4431263228626,
        "vbs_solved": 2825,
        "vbs_avg_par2": 991.6683168039527,
        "gap_cls_solved": 0.7884615384615384,
        "gap_cls_par2": 0.8625356341533744
      },
      "test_metrics": {
        "solved": 914,
        "avg_par2": 1039.8466598868608,
        "sbs_name": "cvc5",
        "sbs_solved": 915,
        "sbs_avg_par2": 1040.5248930782193,
        "vbs_solved": 934,
        "vbs_avg_par2": 1008.491937466937,
        "gap_cls_solved": -0.05263157894736842,
        "gap_cls_par2": 0.021172981962350616
      }
    },
    {
      "seed": 40,
      "train_size": 4709,
      "test_size": 1570,
      "train_metrics": {
        "solved": 2786,
        "avg_par2": 1009.0572714186213,
        "sbs_name": "cvc5",
        "sbs_solved": 2742,
        "sbs_avg_par2": 1034.1507362187206,
        "vbs_solved": 2798,
        "vbs_avg_par2": 1004.9774707652005,
        "gap_cls_solved": 0.7857142857142857,
        "gap_cls_par2": 0.8601527600699703
      },
      "test_metrics": {
        "solved": 942,
        "avg_par2": 999.6338508462263,
        "sbs_name": "cvc5",
        "sbs_solved": 946,
        "sbs_avg_par2": 996.411431295037,
        "vbs_solved": 961,
        "vbs_avg_par2": 968.5729527513217,
        "gap_cls_solved": -0.26666666666666666,
        "gap_cls_par2": -0.11575415467224959
      }
    }
  ],
  "aggregated": {
    "train": {
      "gap_cls_solved_mean": 0.7907745587745587,
      "gap_cls_solved_std": 0.024947006736968726,
      "gap_cls_par2_mean": 0.8632916342914875,
      "gap_cls_par2_std": 0.011796964685220549
    },
    "test": {
      "gap_cls_solved_mean": 0.05194121667805879,
      "gap_cls_solved_std": 0.1938275261551694,
      "gap_cls_par2_mean": 0.11429473643086548,
      "gap_cls_par2_std": 0.1476828288761856
    }
  }
}