{
  "division": "QF_IDL",
  "n_seeds": 5,
  "seed_values": [
    0,
    10,
    20,
    30,
    40
  ],
  "model_type": "SVM",
  "splits_dir": "/home/john-lu/Desktop/smt-select/data/cp26/performance_splits/smtcomp24/QF_IDL",
  "feature_csv_path": "/home/john-lu/Desktop/smt-select/data/features/desc/embeddinggemma-300m/QF_IDL/features.csv",
  "seeds": [
    {
      "seed": 0,
      "train_size": 906,
      "test_size": 302,
      "train_metrics": {
        "total_count": 906,
        "solved": 818,
        "avg_par2": 281.6419443096584,
        "sbs_solved": 779,
        "sbs_avg_par2": 385.52494302540623,
        "vbs_solved": 825,
        "vbs_avg_par2": 258.1692248171203,
        "gap_cls_solved": 0.8478260869565217,
        "gap_cls_par2": 0.8156916719345946
      },
      "test_metrics": {
        "total_count": 302,
        "solved": 266,
        "avg_par2": 309.64468719495505,
        "sbs_solved": 268,
        "sbs_avg_par2": 307.6482111294636,
        "vbs_solved": 276,
        "vbs_avg_par2": 237.45217402473602,
        "gap_cls_solved": -0.25,
        "gap_cls_par2": -0.028441435554443516
      }
    },
    {
      "seed": 10,
      "train_size": 906,
      "test_size": 302,
      "train_metrics": {
        "total_count": 906,
        "solved": 823,
        "avg_par2": 263.3027430744645,
        "sbs_solved": 796,
        "sbs_avg_par2": 339.86632585396376,
        "vbs_solved": 829,
        "vbs_avg_par2": 242.34921080836904,
        "gap_cls_solved": 0.8181818181818182,
        "gap_cls_par2": 0.7851296948612712
      },
      "test_metrics": {
        "total_count": 302,
        "solved": 259,
        "avg_par2": 385.2418349331422,
        "sbs_solved": 251,
        "sbs_avg_par2": 444.624062643791,
        "vbs_solved": 272,
        "vbs_avg_par2": 284.9122160509899,
        "gap_cls_solved": 0.38095238095238093,
        "gap_cls_par2": 0.37180853504279393
      }
    },
    {
      "seed": 20,
      "train_size": 906,
      "test_size": 302,
      "train_metrics": {
        "total_count": 906,
        "solved": 817,
        "avg_par2": 283.11814031005883,
        "sbs_solved": 787,
        "sbs_avg_par2": 363.56257697702324,
        "vbs_solved": 826,
        "vbs_avg_par2": 254.78138303258658,
        "gap_cls_solved": 0.7692307692307693,
        "gap_cls_par2": 0.7395068370738225
      },
      "test_metrics": {
        "total_count": 302,
        "solved": 263,
        "avg_par2": 341.3305327447673,
        "sbs_solved": 260,
        "sbs_avg_par2": 373.5353092746125,
        "vbs_solved": 275,
        "vbs_avg_par2": 247.61569937833735,
        "gap_cls_solved": 0.2,
        "gap_cls_par2": 0.25575664153004835
      }
    },
    {
      "seed": 30,
      "train_size": 906,
      "test_size": 302,
      "train_metrics": {
        "total_count": 906,
        "solved": 818,
        "avg_par2": 278.2466085983337,
        "sbs_solved": 788,
        "sbs_avg_par2": 360.6810026018898,
        "vbs_solved": 828,
        "vbs_avg_par2": 248.38410483384916,
        "gap_cls_solved": 0.75,
        "gap_cls_par2": 0.7340754343350765
      },
      "test_metrics": {
        "total_count": 302,
        "solved": 266,
        "avg_par2": 323.08051372262616,
        "sbs_solved": 259,
        "sbs_avg_par2": 382.18003240001286,
        "vbs_solved": 273,
        "vbs_avg_par2": 266.80753397454953,
        "gap_cls_solved": 0.5,
        "gap_cls_par2": 0.5122496217377842
      }
    },
    {
      "seed": 40,
      "train_size": 906,
      "test_size": 302,
      "train_metrics": {
        "total_count": 906,
        "solved": 822,
        "avg_par2": 267.7529652773885,
        "sbs_solved": 792,
        "sbs_avg_par2": 346.2876760473596,
        "vbs_solved": 831,
        "vbs_avg_par2": 240.84734760780836,
        "gap_cls_solved": 0.7692307692307693,
        "gap_cls_par2": 0.7448261204439902
      },
      "test_metrics": {
        "total_count": 302,
        "solved": 262,
        "avg_par2": 353.8157911425729,
        "sbs_solved": 255,
        "sbs_avg_par2": 425.36001206360356,
        "vbs_solved": 270,
        "vbs_avg_par2": 289.417805652672,
        "gap_cls_solved": 0.4666666666666667,
        "gap_cls_par2": 0.5262840938800413
      }
    }
  ],
  "aggregated": {
    "train": {
      "gap_cls_solved_mean": 0.7908938887199757,
      "gap_cls_solved_std": 0.03632298973655361,
      "gap_cls_par2_mean": 0.763845951729751,
      "gap_cls_par2_std": 0.03156392439341887
    },
    "test": {
      "gap_cls_solved_mean": 0.2595238095238095,
      "gap_cls_solved_std": 0.27518701124228695,
      "gap_cls_par2_mean": 0.3275314913272448,
      "gap_cls_par2_std": 0.20369202000087755
    }
  }
}