{
  "n_splits": 4,
  "n_instances": 23722,
  "model_type": "SVM",
  "folds_dir": "data/foiks26/perf_data/folds/QF_SLIA",
  "feature_csv_path": [
    "data/features/syntactic/catalog1/QF_SLIA.CSV",
    "data/features/native_desc/all_mpnet_base_v2/QF_SLIA.CSV"
  ],
  "svm_c": 1.0,
  "folds": [
    {
      "fold": 1,
      "train_size": 17791,
      "test_size": 5931,
      "train_metrics": {
        "total_instances": 17791,
        "solved": 17767,
        "solve_rate": 99.86510033162835,
        "avg_par2": 6.1388909950667,
        "sbs_name": "Z3-Noodler",
        "sbs_solved": 17455,
        "sbs_solve_rate": 98.11140464279691,
        "sbs_avg_par2": 46.67261042537393,
        "vbs_solved": 17773,
        "vbs_solve_rate": 99.89882524872127,
        "vbs_avg_par2": 4.346176728866276,
        "gap_cls_solved": 0.9811320754716981,
        "gap_cls_par2": 0.9576455158245863
      },
      "test_metrics": {
        "total_instances": 5931,
        "solved": 5925,
        "solve_rate": 99.89883662114315,
        "avg_par2": 4.712884032286716,
        "sbs_name": "Z3-Noodler",
        "sbs_solved": 5821,
        "sbs_solve_rate": 98.145338054291,
        "sbs_avg_par2": 45.44219224345897,
        "vbs_solved": 5927,
        "vbs_solve_rate": 99.93255774742876,
        "vbs_avg_par2": 3.3164413873081666,
        "gap_cls_solved": 0.9811320754716981,
        "gap_cls_par2": 0.9668506171024213
      }
    },
    {
      "fold": 2,
      "train_size": 17791,
      "test_size": 5931,
      "train_metrics": {
        "total_instances": 17791,
        "solved": 17771,
        "solve_rate": 99.8875836096903,
        "avg_par2": 5.451746061638847,
        "sbs_name": "Z3-Noodler",
        "sbs_solved": 17444,
        "sbs_solve_rate": 98.04957562812659,
        "sbs_avg_par2": 48.12435089666354,
        "vbs_solved": 17775,
        "vbs_solve_rate": 99.91006688775224,
        "vbs_avg_par2": 3.984671164412496,
        "gap_cls_solved": 0.9879154078549849,
        "gap_cls_par2": 0.9667629011781339
      },
      "test_metrics": {
        "total_instances": 5931,
        "solved": 5922,
        "solve_rate": 99.84825493171472,
        "avg_par2": 6.836747303929182,
        "sbs_name": "Z3-Noodler",
        "sbs_solved": 5832,
        "sbs_solve_rate": 98.33080424886191,
        "sbs_avg_par2": 41.087460372827806,
        "vbs_solved": 5925,
        "vbs_solve_rate": 99.89883662114315,
        "vbs_avg_par2": 4.400836176921587,
        "gap_cls_solved": 0.967741935483871,
        "gap_cls_par2": 0.9336022002460665
      }
    },
    {
      "fold": 3,
      "train_size": 17792,
      "test_size": 5930,
      "train_metrics": {
        "total_instances": 17792,
        "solved": 17770,
        "solve_rate": 99.87634892086331,
        "avg_par2": 5.278659710532567,
        "sbs_name": "Z3-Noodler",
        "sbs_solved": 17466,
        "sbs_solve_rate": 98.16771582733813,
        "sbs_avg_par2": 45.1134572928908,
        "vbs_solved": 17776,
        "vbs_solve_rate": 99.91007194244604,
        "vbs_avg_par2": 4.020469461297586,
        "gap_cls_solved": 0.9806451612903225,
        "gap_cls_par2": 0.9693818747278422
      },
      "test_metrics": {
        "total_instances": 5930,
        "solved": 5917,
        "solve_rate": 99.78077571669476,
        "avg_par2": 7.612171832458226,
        "sbs_name": "Z3-Noodler",
        "sbs_solved": 5810,
        "sbs_solve_rate": 97.97639123102867,
        "sbs_avg_par2": 50.11997000314833,
        "vbs_solved": 5924,
        "vbs_solve_rate": 99.89881956155143,
        "vbs_avg_par2": 4.293499392239121,
        "gap_cls_solved": 0.9385964912280702,
        "gap_cls_par2": 0.9275817579669974
      }
    },
    {
      "fold": 4,
      "train_size": 17792,
      "test_size": 5930,
      "train_metrics": {
        "total_instances": 17792,
        "solved": 17772,
        "solve_rate": 99.88758992805755,
        "avg_par2": 5.392029425135838,
        "sbs_name": "Z3-Noodler",
        "sbs_solved": 17463,
        "sbs_solve_rate": 98.15085431654677,
        "sbs_avg_par2": 45.54961734407973,
        "vbs_solved": 17776,
        "vbs_solve_rate": 99.91007194244604,
        "vbs_avg_par2": 4.003576024585469,
        "gap_cls_solved": 0.987220447284345,
        "gap_cls_par2": 0.9665803682744888
      },
      "test_metrics": {
        "total_instances": 5930,
        "solved": 5919,
        "solve_rate": 99.81450252951096,
        "avg_par2": 7.514382132621636,
        "sbs_name": "Z3-Noodler",
        "sbs_solved": 5813,
        "sbs_solve_rate": 98.02698145025295,
        "sbs_avg_par2": 48.81134274669752,
        "vbs_solved": 5924,
        "vbs_solve_rate": 99.89881956155143,
        "vbs_avg_par2": 4.344185399993254,
        "gap_cls_solved": 0.954954954954955,
        "gap_cls_par2": 0.9287070071083969
      }
    }
  ],
  "aggregated": {
    "test_solve_rate_mean": 99.8355924497659,
    "test_solve_rate_std": 0.04361714864376978,
    "test_avg_par2_mean": 6.66904632532394,
    "test_avg_par2_std": 1.1682008479102337,
    "test_sbs_solve_rate_mean": 98.11987874610864,
    "test_sbs_solve_rate_std": 0.13634177518828222,
    "test_sbs_avg_par2_mean": 46.36524134153315,
    "test_sbs_avg_par2_std": 3.4924343586453244,
    "test_vbs_solve_rate_mean": 99.90725837291869,
    "test_vbs_solve_rate_std": 0.014606602344093276,
    "test_vbs_avg_par2_mean": 4.088740589115532,
    "test_vbs_avg_par2_std": 0.4475008189660831,
    "test_gap_cls_solved_mean": 0.9606063642846485,
    "test_gap_cls_solved_std": 0.01572095842698359,
    "test_gap_cls_par2_mean": 0.9391853956059706,
    "test_gap_cls_par2_std": 0.01613209210577793,
    "train_solve_rate_mean": 99.87915569755987,
    "train_solve_rate_std": 0.009321980125747831,
    "train_avg_par2_mean": 5.5653315480934875,
    "train_avg_par2_std": 0.3369296923015015,
    "train_sbs_solve_rate_mean": 98.1198876037021,
    "train_sbs_solve_rate_std": 0.0454483520483203,
    "train_sbs_avg_par2_mean": 46.365008989752006,
    "train_sbs_avg_par2_std": 1.164167918983351,
    "train_vbs_solve_rate_mean": 99.9072590053414,
    "train_vbs_solve_rate_std": 0.0048692320921792645,
    "train_vbs_avg_par2_mean": 4.088723344790457,
    "train_vbs_avg_par2_std": 0.14917922104254994,
    "train_gap_cls_solved_mean": 0.9842282729753375,
    "train_gap_cls_solved_std": 0.003353103004868414,
    "train_gap_cls_par2_mean": 0.9650926650012628,
    "train_gap_cls_par2_std": 0.004440166124537248
  }
}