{
  "n_splits": 4,
  "n_instances": 1989,
  "model_type": "SVM",
  "folds_dir": "data/perf_data/folds/ABV",
  "feature_csv_path": "data/features/path_emb/all_mpnet_base_v2/ABV.csv",
  "folds": [
    {
      "fold": 1,
      "train_size": 1491,
      "test_size": 498,
      "train_metrics": {
        "total_instances": 1491,
        "solved": 588,
        "solve_rate": 39.436619718309856,
        "avg_par2": 1456.161253066302,
        "sbs_name": "cvc5",
        "sbs_solved": 509,
        "sbs_solve_rate": 34.13816230717639,
        "sbs_avg_par2": 1583.2272692572096,
        "vbs_solved": 588,
        "vbs_solve_rate": 39.436619718309856,
        "vbs_avg_par2": 1455.947870086157,
        "gap_cls_solved": 1.0,
        "gap_cls_par2": 0.9983235073269157
      },
      "test_metrics": {
        "total_instances": 498,
        "solved": 188,
        "solve_rate": 37.75100401606426,
        "avg_par2": 1495.8028474748355,
        "sbs_name": "cvc5",
        "sbs_solved": 172,
        "sbs_solve_rate": 34.53815261044177,
        "sbs_avg_par2": 1572.9839009019133,
        "vbs_solved": 200,
        "vbs_solve_rate": 40.16064257028113,
        "vbs_avg_par2": 1438.0856133601828,
        "gap_cls_solved": 0.5714285714285714,
        "gap_cls_par2": 0.5721425737387661
      }
    },
    {
      "fold": 2,
      "train_size": 1492,
      "test_size": 497,
      "train_metrics": {
        "total_instances": 1492,
        "solved": 599,
        "solve_rate": 40.147453083109916,
        "avg_par2": 1439.2221413211487,
        "sbs_name": "cvc5",
        "sbs_solved": 515,
        "sbs_solve_rate": 34.51742627345845,
        "sbs_avg_par2": 1574.165710811,
        "vbs_solved": 599,
        "vbs_solve_rate": 40.147453083109916,
        "vbs_avg_par2": 1439.1895207144294,
        "gap_cls_solved": 1.0,
        "gap_cls_par2": 0.9997583232517084
      },
      "test_metrics": {
        "total_instances": 497,
        "solved": 180,
        "solve_rate": 36.21730382293762,
        "avg_par2": 1532.0260223296436,
        "sbs_name": "cvc5",
        "sbs_solved": 166,
        "sbs_solve_rate": 33.400402414486926,
        "sbs_avg_par2": 1600.1661983533993,
        "vbs_solved": 189,
        "vbs_solve_rate": 38.028169014084504,
        "vbs_avg_par2": 1488.35844033381,
        "gap_cls_solved": 0.6086956521739131,
        "gap_cls_par2": 0.6094405006477023
      }
    },
    {
      "fold": 3,
      "train_size": 1492,
      "test_size": 497,
      "train_metrics": {
        "total_instances": 1492,
        "solved": 601,
        "solve_rate": 40.28150134048257,
        "avg_par2": 1435.1200318759902,
        "sbs_name": "cvc5",
        "sbs_solved": 522,
        "sbs_solve_rate": 34.98659517426274,
        "sbs_avg_par2": 1562.210602812431,
        "vbs_solved": 601,
        "vbs_solve_rate": 40.28150134048257,
        "vbs_avg_par2": 1435.0149853454363,
        "gap_cls_solved": 1.0,
        "gap_cls_par2": 0.9991741340413626
      },
      "test_metrics": {
        "total_instances": 497,
        "solved": 178,
        "solve_rate": 35.8148893360161,
        "avg_par2": 1545.1837021698157,
        "sbs_name": "cvc5",
        "sbs_solved": 159,
        "sbs_solve_rate": 31.991951710261567,
        "sbs_avg_par2": 1636.055576892363,
        "vbs_solved": 187,
        "vbs_solve_rate": 37.62575452716298,
        "vbs_avg_par2": 1500.8904459083326,
        "gap_cls_solved": 0.6785714285714286,
        "gap_cls_par2": 0.672302642412145
      }
    },
    {
      "fold": 4,
      "train_size": 1492,
      "test_size": 497,
      "train_metrics": {
        "total_instances": 1492,
        "solved": 576,
        "solve_rate": 38.605898123324394,
        "avg_par2": 1475.845542655741,
        "sbs_name": "cvc5",
        "sbs_solved": 497,
        "sbs_solve_rate": 33.310991957104555,
        "sbs_avg_par2": 1603.0483947361222,
        "vbs_solved": 576,
        "vbs_solve_rate": 38.605898123324394,
        "vbs_avg_par2": 1475.7529034287645,
        "gap_cls_solved": 1.0,
        "gap_cls_par2": 0.9992722505249402
      },
      "test_metrics": {
        "total_instances": 497,
        "solved": 200,
        "solve_rate": 40.24144869215292,
        "avg_par2": 1436.335014448624,
        "sbs_name": "cvc5",
        "sbs_solved": 184,
        "sbs_solve_rate": 37.02213279678068,
        "sbs_avg_par2": 1513.4600325258655,
        "vbs_solved": 212,
        "vbs_solve_rate": 42.6559356136821,
        "vbs_avg_par2": 1378.594724016329,
        "gap_cls_solved": 0.5714285714285714,
        "gap_cls_par2": 0.5718669903297481
      }
    }
  ],
  "aggregated": {
    "test_solve_rate_mean": 37.506161466792726,
    "test_solve_rate_std": 1.7366130488408964,
    "test_avg_par2_mean": 1502.3368966057296,
    "test_avg_par2_std": 42.178890394433,
    "test_sbs_solve_rate_mean": 34.23815988299273,
    "test_sbs_solve_rate_std": 1.8430809499658998,
    "test_sbs_avg_par2_mean": 1580.6664271683853,
    "test_sbs_avg_par2_std": 44.7881671708451,
    "test_vbs_solve_rate_mean": 39.61762543130268,
    "test_vbs_solve_rate_std": 2.001256966169582,
    "test_vbs_avg_par2_mean": 1451.4823059046635,
    "test_vbs_avg_par2_std": 48.20032301167349,
    "test_gap_cls_solved_mean": 0.6075310559006211,
    "test_gap_cls_solved_std": 0.043746055833058135,
    "test_gap_cls_par2_mean": 0.6064381767820903,
    "test_gap_cls_par2_std": 0.04098321943843162,
    "train_solve_rate_mean": 39.617868066306684,
    "train_solve_rate_std": 0.6666714973971524,
    "train_avg_par2_mean": 1451.5872422297955,
    "train_avg_par2_std": 16.073669867250235,
    "train_sbs_solve_rate_mean": 34.23829392800053,
    "train_sbs_solve_rate_std": 0.6139594669346753,
    "train_sbs_avg_par2_mean": 1580.6629944041906,
    "train_sbs_avg_par2_std": 14.919677468771326,
    "train_vbs_solve_rate_mean": 39.617868066306684,
    "train_vbs_solve_rate_std": 0.6666714973971524,
    "train_vbs_avg_par2_mean": 1451.4763198936969,
    "train_vbs_avg_par2_std": 16.056838406425257,
    "train_gap_cls_solved_mean": 1.0,
    "train_gap_cls_solved_std": 0.0,
    "train_gap_cls_par2_mean": 0.9991320537862317,
    "train_gap_cls_par2_std": 0.0005165720408804065
  }
}