{
  "division": "QF_SLIA",
  "n_seeds": 5,
  "seed_values": [
    0,
    10,
    20,
    30,
    40
  ],
  "model_type": "WL",
  "splits_dir": "/home/john-lu/Desktop/smt-select/data/cp26/performance_splits/smtcomp24/QF_SLIA",
  "wl_dir": "/home/john-lu/Desktop/smt-select/data/features/wl/QF_SLIA",
  "wl_iter": 1,
  "seeds": [
    {
      "seed": 0,
      "train_size": 17791,
      "test_size": 5931,
      "train_metrics": {
        "solved": 17773,
        "avg_par2": 4.29136766267473,
        "sbs_name": "Z3-Noodler",
        "sbs_solved": 17469,
        "sbs_avg_par2": 44.65992063788583,
        "vbs_solved": 17774,
        "vbs_avg_par2": 4.040609480991914,
        "gap_cls_solved": 0.9967213114754099,
        "gap_cls_par2": 0.9938266264360256
      },
      "test_metrics": {
        "solved": 5915,
        "avg_par2": 8.856568949053365,
        "sbs_name": "Z3-Noodler",
        "sbs_solved": 5807,
        "sbs_avg_par2": 51.47958290425829,
        "vbs_solved": 5926,
        "vbs_avg_par2": 4.233040090213708,
        "gap_cls_solved": 0.907563025210084,
        "gap_cls_par2": 0.9021403771904077
      }
    },
    {
      "seed": 10,
      "train_size": 17791,
      "test_size": 5931,
      "train_metrics": {
        "solved": 17772,
        "avg_par2": 4.469624076726648,
        "sbs_name": "Z3-Noodler",
        "sbs_solved": 17471,
        "sbs_avg_par2": 44.37160102340151,
        "vbs_solved": 17774,
        "vbs_avg_par2": 4.118191644449987,
        "gap_cls_solved": 0.9933993399339934,
        "gap_cls_par2": 0.9912694989642188
      },
      "test_metrics": {
        "solved": 5913,
        "avg_par2": 9.564647107645449,
        "sbs_name": "Z3-Noodler",
        "sbs_solved": 5805,
        "sbs_avg_par2": 52.344444523089955,
        "vbs_solved": 5926,
        "vbs_avg_par2": 4.000319761418804,
        "gap_cls_solved": 0.8925619834710744,
        "gap_cls_par2": 0.884901684048312
      }
    },
    {
      "seed": 20,
      "train_size": 17791,
      "test_size": 5931,
      "train_metrics": {
        "solved": 17772,
        "avg_par2": 4.607297505390929,
        "sbs_name": "Z3-Noodler",
        "sbs_solved": 17454,
        "sbs_avg_par2": 46.47006104267027,
        "vbs_solved": 17772,
        "vbs_avg_par2": 4.49120287077834,
        "gap_cls_solved": 1.0,
        "gap_cls_par2": 0.9972344499191184
      },
      "test_metrics": {
        "solved": 5917,
        "avg_par2": 7.6186658324454095,
        "sbs_name": "Z3-Noodler",
        "sbs_solved": 5822,
        "sbs_avg_par2": 46.04977208963684,
        "vbs_solved": 5928,
        "vbs_avg_par2": 2.8814118660204353,
        "gap_cls_solved": 0.8962264150943396,
        "gap_cls_par2": 0.8902609702595715
      }
    },
    {
      "seed": 30,
      "train_size": 17791,
      "test_size": 5931,
      "train_metrics": {
        "solved": 17774,
        "avg_par2": 4.316388246726694,
        "sbs_name": "Z3-Noodler",
        "sbs_solved": 17458,
        "sbs_avg_par2": 46.17579783379222,
        "vbs_solved": 17775,
        "vbs_avg_par2": 4.124909975178831,
        "gap_cls_solved": 0.9968454258675079,
        "gap_cls_par2": 0.9954465106137196
      },
      "test_metrics": {
        "solved": 5915,
        "avg_par2": 8.534726393532653,
        "sbs_name": "Z3-Noodler",
        "sbs_solved": 5818,
        "sbs_avg_par2": 46.93246248740271,
        "vbs_solved": 5925,
        "vbs_avg_par2": 3.980167034729063,
        "gap_cls_solved": 0.9065420560747663,
        "gap_cls_par2": 0.8939623759148807
      }
    },
    {
      "seed": 40,
      "train_size": 17791,
      "test_size": 5931,
      "train_metrics": {
        "solved": 17775,
        "avg_par2": 4.1702013562762845,
        "sbs_name": "Z3-Noodler",
        "sbs_solved": 17461,
        "sbs_avg_par2": 45.611314943571195,
        "vbs_solved": 17776,
        "vbs_avg_par2": 3.966576320268525,
        "gap_cls_solved": 0.9968253968253968,
        "gap_cls_par2": 0.9951104258847762
      },
      "test_metrics": {
        "solved": 5910,
        "avg_par2": 10.621333220688294,
        "sbs_name": "Z3-Noodler",
        "sbs_solved": 5815,
        "sbs_avg_par2": 48.625720808077496,
        "vbs_solved": 5924,
        "vbs_avg_par2": 4.455114607568255,
        "gap_cls_solved": 0.8715596330275229,
        "gap_cls_par2": 0.8603999550033582
      }
    }
  ],
  "aggregated": {
    "train": {
      "gap_cls_solved_mean": 0.9967582948204615,
      "gap_cls_solved_std": 0.002088286027660551,
      "gap_cls_par2_mean": 0.9945775023635717,
      "gap_cls_par2_std": 0.0019801643507498094
    },
    "test": {
      "gap_cls_solved_mean": 0.8948906225755575,
      "gap_cls_solved_std": 0.013022193871546387,
      "gap_cls_par2_mean": 0.8863330724833061,
      "gap_cls_par2_std": 0.014128559650407388
    }
  }
}