{
  "division": "QF_NRA",
  "n_seeds": 5,
  "seed_values": [
    0,
    10,
    20,
    30,
    40
  ],
  "model_type": "SVM",
  "splits_dir": "/home/john-lu/Desktop/smt-select/data/cp26/performance_splits/smtcomp24/QF_NRA",
  "feature_csv_path": "/home/john-lu/Desktop/smt-select/data/features/syntactic/QF_NRA/features.csv",
  "seeds": [
    {
      "seed": 0,
      "train_size": 2328,
      "test_size": 776,
      "train_metrics": {
        "total_count": 2328,
        "solved": 2164,
        "avg_par2": 186.0500847667858,
        "sbs_solved": 2123,
        "sbs_avg_par2": 228.44645983119491,
        "vbs_solved": 2200,
        "vbs_avg_par2": 141.66833103795628,
        "gap_cls_solved": 0.5324675324675324,
        "gap_cls_par2": 0.48856060454385425
      },
      "test_metrics": {
        "total_count": 776,
        "solved": 718,
        "avg_par2": 197.22927068881899,
        "sbs_solved": 690,
        "sbs_avg_par2": 282.29691496267446,
        "vbs_solved": 733,
        "vbs_avg_par2": 146.11193702943822,
        "gap_cls_solved": 0.6511627906976745,
        "gap_cls_par2": 0.624647781017076
      }
    },
    {
      "seed": 10,
      "train_size": 2328,
      "test_size": 776,
      "train_metrics": {
        "total_count": 2328,
        "solved": 2158,
        "avg_par2": 191.57802948410293,
        "sbs_solved": 2105,
        "sbs_avg_par2": 246.44067750611893,
        "vbs_solved": 2196,
        "vbs_avg_par2": 147.03318296207544,
        "gap_cls_solved": 0.5824175824175825,
        "gap_cls_par2": 0.5518964970765716
      },
      "test_metrics": {
        "total_count": 776,
        "solved": 725,
        "avg_par2": 174.885858640137,
        "sbs_solved": 708,
        "sbs_avg_par2": 228.3142619379025,
        "vbs_solved": 737,
        "vbs_avg_par2": 130.01738125708076,
        "gap_cls_solved": 0.5862068965517241,
        "gap_cls_par2": 0.5435411879574493
      }
    },
    {
      "seed": 20,
      "train_size": 2328,
      "test_size": 776,
      "train_metrics": {
        "total_count": 2328,
        "solved": 2166,
        "avg_par2": 184.5956713118632,
        "sbs_solved": 2107,
        "sbs_avg_par2": 244.52493277170873,
        "vbs_solved": 2195,
        "vbs_avg_par2": 147.71797247858814,
        "gap_cls_solved": 0.6704545454545454,
        "gap_cls_par2": 0.6190594279418179
      },
      "test_metrics": {
        "total_count": 776,
        "solved": 716,
        "avg_par2": 202.2406467257673,
        "sbs_solved": 706,
        "sbs_avg_par2": 234.06149614113298,
        "vbs_solved": 738,
        "vbs_avg_par2": 127.96301270754263,
        "gap_cls_solved": 0.3125,
        "gap_cls_par2": 0.29991804204518274
      }
    },
    {
      "seed": 30,
      "train_size": 2328,
      "test_size": 776,
      "train_metrics": {
        "total_count": 2328,
        "solved": 2155,
        "avg_par2": 195.46146523971652,
        "sbs_solved": 2101,
        "sbs_avg_par2": 250.74497346834673,
        "vbs_solved": 2189,
        "vbs_avg_par2": 153.12528382377576,
        "gap_cls_solved": 0.6136363636363636,
        "gap_cls_par2": 0.5663151402131583
      },
      "test_metrics": {
        "total_count": 776,
        "solved": 722,
        "avg_par2": 183.99108655348684,
        "sbs_solved": 712,
        "sbs_avg_par2": 215.4013740512191,
        "vbs_solved": 744,
        "vbs_avg_par2": 111.7410786719798,
        "gap_cls_solved": 0.3125,
        "gap_cls_par2": 0.3030117498972804
      }
    },
    {
      "seed": 40,
      "train_size": 2328,
      "test_size": 776,
      "train_metrics": {
        "total_count": 2328,
        "solved": 2168,
        "avg_par2": 181.34891410908068,
        "sbs_solved": 2113,
        "sbs_avg_par2": 238.19431467228736,
        "vbs_solved": 2206,
        "vbs_avg_par2": 136.00099773590352,
        "gap_cls_solved": 0.5913978494623656,
        "gap_cls_par2": 0.5562536011879662
      },
      "test_metrics": {
        "total_count": 776,
        "solved": 715,
        "avg_par2": 205.78676409958044,
        "sbs_solved": 700,
        "sbs_avg_par2": 253.05335043939718,
        "vbs_solved": 727,
        "vbs_avg_par2": 163.1139369355965,
        "gap_cls_solved": 0.5555555555555556,
        "gap_cls_par2": 0.5255380761163108
      }
    }
  ],
  "aggregated": {
    "train": {
      "gap_cls_solved_mean": 0.5980747746876779,
      "gap_cls_solved_std": 0.0448888260012492,
      "gap_cls_par2_mean": 0.5564170541926737,
      "gap_cls_par2_std": 0.04158605297035015
    },
    "test": {
      "gap_cls_solved_mean": 0.4835850485609908,
      "gap_cls_solved_std": 0.14306186417347558,
      "gap_cls_par2_mean": 0.4593313674066598,
      "gap_cls_par2_std": 0.13315597612233088
    }
  }
}