{
  "n_splits": 4,
  "n_instances": 966,
  "model_type": "SVM",
  "folds_dir": "data/perf_data/folds/QF_IDL",
  "feature_csv_path": [
    "data/features/path_emb/all_mpnet_base_v2/QF_IDL.csv",
    "data/features/syntactic/catalog0/QF_IDL.CSV"
  ],
  "folds": [
    {
      "fold": 1,
      "train_size": 724,
      "test_size": 242,
      "train_metrics": {
        "total_instances": 724,
        "solved": 660,
        "solve_rate": 91.16022099447514,
        "avg_par2": 256.16904395005906,
        "sbs_name": "Z3alpha",
        "sbs_solved": 624,
        "sbs_solve_rate": 86.1878453038674,
        "sbs_avg_par2": 375.86978949162295,
        "vbs_solved": 660,
        "vbs_solve_rate": 91.16022099447514,
        "vbs_avg_par2": 255.8386904923468,
        "gap_cls_solved": 1.0,
        "gap_cls_par2": 0.9972477677829623
      },
      "test_metrics": {
        "total_instances": 242,
        "solved": 215,
        "solve_rate": 88.84297520661157,
        "avg_par2": 318.0554404906615,
        "sbs_name": "Z3alpha",
        "sbs_solved": 213,
        "sbs_solve_rate": 88.01652892561982,
        "sbs_avg_par2": 346.4467199106653,
        "vbs_solved": 222,
        "vbs_solve_rate": 91.73553719008265,
        "vbs_avg_par2": 236.31944105414095,
        "gap_cls_solved": 0.2222222222222222,
        "gap_cls_par2": 0.257804239919452
      }
    },
    {
      "fold": 2,
      "train_size": 724,
      "test_size": 242,
      "train_metrics": {
        "total_instances": 724,
        "solved": 658,
        "solve_rate": 90.88397790055248,
        "avg_par2": 261.96062650479314,
        "sbs_name": "Z3alpha",
        "sbs_solved": 628,
        "sbs_solve_rate": 86.74033149171271,
        "sbs_avg_par2": 372.14954839185344,
        "vbs_solved": 658,
        "vbs_solve_rate": 90.88397790055248,
        "vbs_avg_par2": 261.2580353346705,
        "gap_cls_solved": 1.0,
        "gap_cls_par2": 0.9936641574205926
      },
      "test_metrics": {
        "total_instances": 242,
        "solved": 216,
        "solve_rate": 89.25619834710744,
        "avg_par2": 290.9444179043173,
        "sbs_name": "Z3alpha",
        "sbs_solved": 209,
        "sbs_solve_rate": 86.36363636363636,
        "sbs_avg_par2": 357.5766974157603,
        "vbs_solved": 224,
        "vbs_solve_rate": 92.56198347107438,
        "vbs_avg_par2": 220.10619450107356,
        "gap_cls_solved": 0.4666666666666667,
        "gap_cls_par2": 0.4847023768640358
      }
    },
    {
      "fold": 3,
      "train_size": 725,
      "test_size": 241,
      "train_metrics": {
        "total_instances": 725,
        "solved": 659,
        "solve_rate": 90.89655172413794,
        "avg_par2": 267.6590075831533,
        "sbs_name": "Z3alpha",
        "sbs_solved": 623,
        "sbs_solve_rate": 85.93103448275862,
        "sbs_avg_par2": 389.4094460680084,
        "vbs_solved": 659,
        "vbs_solve_rate": 90.89655172413794,
        "vbs_avg_par2": 266.76857084711895,
        "gap_cls_solved": 1.0,
        "gap_cls_par2": 0.9927394782984825
      },
      "test_metrics": {
        "total_instances": 241,
        "solved": 221,
        "solve_rate": 91.70124481327801,
        "avg_par2": 225.41046530503345,
        "sbs_name": "Z3alpha",
        "sbs_solved": 214,
        "sbs_solve_rate": 88.79668049792531,
        "sbs_avg_par2": 305.5933004606228,
        "vbs_solved": 223,
        "vbs_solve_rate": 92.5311203319502,
        "vbs_avg_par2": 203.35810285228203,
        "gap_cls_solved": 0.7777777777777778,
        "gap_cls_par2": 0.7842977470710899
      }
    },
    {
      "fold": 4,
      "train_size": 725,
      "test_size": 241,
      "train_metrics": {
        "total_instances": 725,
        "solved": 669,
        "solve_rate": 92.27586206896552,
        "avg_par2": 220.45320341249644,
        "sbs_name": "Z3alpha",
        "sbs_solved": 636,
        "sbs_solve_rate": 87.72413793103449,
        "sbs_avg_par2": 336.5815895227656,
        "vbs_solved": 669,
        "vbs_solve_rate": 92.27586206896552,
        "vbs_avg_par2": 219.95076771277513,
        "gap_cls_solved": 1.0,
        "gap_cls_par2": 0.9956920847171955
      },
      "test_metrics": {
        "total_instances": 241,
        "solved": 201,
        "solve_rate": 83.40248962655602,
        "avg_par2": 444.8847436750003,
        "sbs_name": "Z3alpha",
        "sbs_solved": 201,
        "sbs_solve_rate": 83.40248962655602,
        "sbs_avg_par2": 464.51527554485807,
        "vbs_solved": 213,
        "vbs_solve_rate": 88.38174273858921,
        "vbs_avg_par2": 344.2000417419059,
        "gap_cls_solved": 0.0,
        "gap_cls_par2": 0.1631591549080801
      }
    }
  ],
  "aggregated": {
    "test_solve_rate_mean": 88.30072699838827,
    "test_solve_rate_std": 3.031633609860417,
    "test_avg_par2_mean": 319.8237668437531,
    "test_avg_par2_std": 79.67318119462108,
    "test_sbs_solve_rate_mean": 86.64483385343438,
    "test_sbs_solve_rate_std": 2.067840628911283,
    "test_sbs_avg_par2_mean": 368.5329983329766,
    "test_sbs_avg_par2_std": 58.69805646564903,
    "test_vbs_solve_rate_mean": 91.3025959329241,
    "test_vbs_solve_rate_std": 1.7185859510988275,
    "test_vbs_avg_par2_mean": 250.99594503735062,
    "test_vbs_avg_par2_std": 55.05893230876393,
    "test_gap_cls_solved_mean": 0.3666666666666667,
    "test_gap_cls_solved_std": 0.28910248513905973,
    "test_gap_cls_par2_mean": 0.42249087969066446,
    "test_gap_cls_par2_std": 0.2393476093791373,
    "train_solve_rate_mean": 91.30415317203277,
    "train_solve_rate_std": 0.5717562529619263,
    "train_avg_par2_mean": 251.5604703626255,
    "train_avg_par2_std": 18.413494752759245,
    "train_sbs_solve_rate_mean": 86.6458373023433,
    "train_sbs_solve_rate_std": 0.6878155892415048,
    "train_sbs_avg_par2_mean": 368.5025933685626,
    "train_sbs_avg_par2_std": 19.516805809207423,
    "train_vbs_solve_rate_mean": 91.30415317203277,
    "train_vbs_solve_rate_std": 0.5717562529619263,
    "train_vbs_avg_par2_mean": 250.95401609672786,
    "train_vbs_avg_par2_std": 18.312116267087298,
    "train_gap_cls_solved_mean": 1.0,
    "train_gap_cls_solved_std": 0.0,
    "train_gap_cls_par2_mean": 0.9948358720548082,
    "train_gap_cls_par2_std": 0.001754859188960527
  }
}