{
  "n_splits": 4,
  "n_instances": 1537,
  "model_type": "SVM",
  "folds_dir": "data/foiks26/perf_data/folds/ALIA",
  "feature_csv_path": [
    "data/features/syntactic/catalog1/ALIA.CSV",
    "data/features/native_desc/all_mpnet_base_v2/ALIA.CSV"
  ],
  "svm_c": 1.0,
  "folds": [
    {
      "fold": 1,
      "train_size": 1152,
      "test_size": 385,
      "train_metrics": {
        "total_instances": 1152,
        "solved": 268,
        "solve_rate": 23.26388888888889,
        "avg_par2": 1858.5722699142361,
        "sbs_name": "iProver",
        "sbs_solved": 219,
        "sbs_solve_rate": 19.010416666666664,
        "sbs_avg_par2": 1961.8155879599112,
        "vbs_solved": 290,
        "vbs_solve_rate": 25.17361111111111,
        "vbs_avg_par2": 1810.2036086274977,
        "gap_cls_solved": 0.6901408450704225,
        "gap_cls_par2": 0.6809707155086422
      },
      "test_metrics": {
        "total_instances": 385,
        "solved": 92,
        "solve_rate": 23.896103896103895,
        "avg_par2": 1856.342624496509,
        "sbs_name": "iProver",
        "sbs_solved": 79,
        "sbs_solve_rate": 20.51948051948052,
        "sbs_avg_par2": 1936.977077292184,
        "vbs_solved": 100,
        "vbs_solve_rate": 25.97402597402597,
        "vbs_avg_par2": 1801.819572665035,
        "gap_cls_solved": 0.6190476190476191,
        "gap_cls_par2": 0.5965961935899637
      }
    },
    {
      "fold": 2,
      "train_size": 1153,
      "test_size": 384,
      "train_metrics": {
        "total_instances": 1153,
        "solved": 278,
        "solve_rate": 24.111014744145706,
        "avg_par2": 1844.363700454331,
        "sbs_name": "iProver",
        "sbs_solved": 226,
        "sbs_solve_rate": 19.601040763226365,
        "sbs_avg_par2": 1950.972029821457,
        "vbs_solved": 290,
        "vbs_solve_rate": 25.151777970511706,
        "vbs_avg_par2": 1812.5716901339645,
        "gap_cls_solved": 0.8125,
        "gap_cls_par2": 0.7702895065709182
      },
      "test_metrics": {
        "total_instances": 384,
        "solved": 84,
        "solve_rate": 21.875,
        "avg_par2": 1891.9696673737246,
        "sbs_name": "cvc5",
        "sbs_solved": 73,
        "sbs_solve_rate": 19.010416666666664,
        "sbs_avg_par2": 1955.8252313488774,
        "vbs_solved": 100,
        "vbs_solve_rate": 26.041666666666668,
        "vbs_avg_par2": 1794.6873278397268,
        "gap_cls_solved": 0.4074074074074074,
        "gap_cls_par2": 0.39627897958549885
      }
    },
    {
      "fold": 3,
      "train_size": 1153,
      "test_size": 384,
      "train_metrics": {
        "total_instances": 1153,
        "solved": 271,
        "solve_rate": 23.503902862098872,
        "avg_par2": 1856.4862917137154,
        "sbs_name": "iProver",
        "sbs_solved": 221,
        "sbs_solve_rate": 19.1673894189072,
        "sbs_avg_par2": 1959.920415409452,
        "vbs_solved": 288,
        "vbs_solve_rate": 24.978317432784042,
        "vbs_avg_par2": 1818.240175768375,
        "gap_cls_solved": 0.746268656716418,
        "gap_cls_par2": 0.7300532802440864
      },
      "test_metrics": {
        "total_instances": 384,
        "solved": 91,
        "solve_rate": 23.697916666666664,
        "avg_par2": 1855.1293219926272,
        "sbs_name": "cvc5",
        "sbs_solved": 76,
        "sbs_solve_rate": 19.791666666666664,
        "sbs_avg_par2": 1936.846946924835,
        "vbs_solved": 102,
        "vbs_solve_rate": 26.5625,
        "vbs_avg_par2": 1777.6671092551553,
        "gap_cls_solved": 0.5769230769230769,
        "gap_cls_par2": 0.5133666809095715
      }
    },
    {
      "fold": 4,
      "train_size": 1153,
      "test_size": 384,
      "train_metrics": {
        "total_instances": 1153,
        "solved": 278,
        "solve_rate": 24.111014744145706,
        "avg_par2": 1847.0669017348428,
        "sbs_name": "iProver",
        "sbs_solved": 228,
        "sbs_solve_rate": 19.774501300954032,
        "sbs_avg_par2": 1949.6727229669305,
        "vbs_solved": 302,
        "vbs_solve_rate": 26.192541196877713,
        "vbs_avg_par2": 1791.4003810238275,
        "gap_cls_solved": 0.6756756756756757,
        "gap_cls_par2": 0.6482864913250181
      },
      "test_metrics": {
        "total_instances": 384,
        "solved": 79,
        "solve_rate": 20.572916666666664,
        "avg_par2": 1916.5778145040574,
        "sbs_name": "iProver",
        "sbs_solved": 70,
        "sbs_solve_rate": 18.229166666666664,
        "sbs_avg_par2": 1973.3726106938495,
        "vbs_solved": 88,
        "vbs_solve_rate": 22.916666666666664,
        "vbs_avg_par2": 1858.2563887876113,
        "gap_cls_solved": 0.5,
        "gap_cls_par2": 0.49336918159155085
      }
    }
  ],
  "aggregated": {
    "test_solve_rate_mean": 22.510484307359306,
    "test_solve_rate_std": 1.3682055693317936,
    "test_avg_par2_mean": 1880.0048570917297,
    "test_avg_par2_std": 25.784837583476634,
    "test_sbs_solve_rate_mean": 19.387682629870127,
    "test_sbs_solve_rate_std": 0.8556661745245704,
    "test_sbs_avg_par2_mean": 1950.7554665649363,
    "test_sbs_avg_par2_std": 15.170107556005503,
    "test_vbs_solve_rate_mean": 25.373714826839823,
    "test_vbs_solve_rate_std": 1.4367349253689587,
    "test_vbs_avg_par2_mean": 1808.107599636882,
    "test_vbs_avg_par2_std": 30.25379102803686,
    "test_gap_cls_solved_mean": 0.5258445258445259,
    "test_gap_cls_solved_std": 0.08060881698475207,
    "test_gap_cls_par2_mean": 0.4999027589191462,
    "test_gap_cls_par2_std": 0.07125916218264151,
    "train_solve_rate_mean": 23.74745530981979,
    "train_solve_rate_std": 0.37333135510479537,
    "train_avg_par2_mean": 1851.6222909542812,
    "train_avg_par2_std": 6.029084049798479,
    "train_sbs_solve_rate_mean": 19.388337037438564,
    "train_sbs_solve_rate_std": 0.3106474569988896,
    "train_sbs_avg_par2_mean": 1955.5951890394376,
    "train_sbs_avg_par2_std": 5.335029320830749,
    "train_vbs_solve_rate_mean": 25.374061927821142,
    "train_vbs_solve_rate_std": 0.47856888397189207,
    "train_vbs_avg_par2_mean": 1808.103963888416,
    "train_vbs_avg_par2_std": 10.07622892784187,
    "train_gap_cls_solved_mean": 0.7311462943656291,
    "train_gap_cls_solved_std": 0.053864523745366016,
    "train_gap_cls_par2_mean": 0.7073999984121663,
    "train_gap_cls_par2_std": 0.046532717331848765
  }
}