{
  "division": "ABV",
  "n_seeds": 5,
  "seed_values": [
    0,
    10,
    20,
    30,
    40
  ],
  "model_type": "SVM",
  "splits_dir": "/home/john-lu/Desktop/smt-select/data/cp26/performance_splits/smtcomp24/ABV",
  "feature_csv_path": [
    "/home/john-lu/Desktop/smt-select/data/features/syntactic/ABV/features.csv",
    "/home/john-lu/Desktop/smt-select/data/features/desc/embeddinggemma-300m/ABV/features.csv"
  ],
  "seeds": [
    {
      "seed": 0,
      "train_size": 1865,
      "test_size": 622,
      "train_metrics": {
        "total_count": 1865,
        "solved": 722,
        "avg_par2": 1473.8013917299702,
        "sbs_solved": 621,
        "sbs_avg_par2": 1603.2889194204809,
        "vbs_solved": 722,
        "vbs_avg_par2": 1473.078278344809,
        "gap_cls_solved": 1.0,
        "gap_cls_par2": 0.9944465876276501
      },
      "test_metrics": {
        "total_count": 622,
        "solved": 237,
        "avg_par2": 1488.5303916703851,
        "sbs_solved": 216,
        "sbs_avg_par2": 1568.1989067370248,
        "vbs_solved": 249,
        "vbs_avg_par2": 1441.4982744351369,
        "gap_cls_solved": 0.6363636363636364,
        "gap_cls_par2": 0.628793350271643
      }
    },
    {
      "seed": 10,
      "train_size": 1865,
      "test_size": 622,
      "train_metrics": {
        "total_count": 1865,
        "solved": 736,
        "avg_par2": 1455.7022506402632,
        "sbs_solved": 632,
        "sbs_avg_par2": 1588.8577544287875,
        "vbs_solved": 736,
        "vbs_avg_par2": 1455.235929221568,
        "gap_cls_solved": 1.0,
        "gap_cls_par2": 0.9965101403309533
      },
      "test_metrics": {
        "total_count": 622,
        "solved": 230,
        "avg_par2": 1515.736265722957,
        "sbs_solved": 205,
        "sbs_avg_par2": 1611.469200482215,
        "vbs_solved": 235,
        "vbs_avg_par2": 1494.9966363561089,
        "gap_cls_solved": 0.8333333333333334,
        "gap_cls_par2": 0.8219354959474148
      }
    },
    {
      "seed": 20,
      "train_size": 1865,
      "test_size": 622,
      "train_metrics": {
        "total_count": 1865,
        "solved": 710,
        "avg_par2": 1489.3196244222736,
        "sbs_solved": 609,
        "sbs_avg_par2": 1618.333484612624,
        "vbs_solved": 710,
        "vbs_avg_par2": 1488.5088358280148,
        "gap_cls_solved": 1.0,
        "gap_cls_par2": 0.9937547407071826
      },
      "test_metrics": {
        "total_count": 622,
        "solved": 250,
        "avg_par2": 1438.317163883321,
        "sbs_solved": 228,
        "sbs_avg_par2": 1523.0893985644411,
        "vbs_solved": 261,
        "vbs_avg_par2": 1395.2314099557502,
        "gap_cls_solved": 0.6666666666666666,
        "gap_cls_par2": 0.6630186787981265
      }
    },
    {
      "seed": 30,
      "train_size": 1865,
      "test_size": 622,
      "train_metrics": {
        "total_count": 1865,
        "solved": 732,
        "avg_par2": 1461.1850830736298,
        "sbs_solved": 635,
        "sbs_avg_par2": 1585.3660500218632,
        "vbs_solved": 732,
        "vbs_avg_par2": 1460.3725213420041,
        "gap_cls_solved": 1.0,
        "gap_cls_par2": 0.9934991695953567
      },
      "test_metrics": {
        "total_count": 622,
        "solved": 229,
        "avg_par2": 1518.6902551510525,
        "sbs_solved": 202,
        "sbs_avg_par2": 1621.9387000303082,
        "vbs_solved": 239,
        "vbs_avg_par2": 1479.595118181489,
        "gap_cls_solved": 0.7297297297297297,
        "gap_cls_par2": 0.7253466825705858
      }
    },
    {
      "seed": 40,
      "train_size": 1865,
      "test_size": 622,
      "train_metrics": {
        "total_count": 1865,
        "solved": 722,
        "avg_par2": 1473.8122582266374,
        "sbs_solved": 629,
        "sbs_avg_par2": 1592.8500082670396,
        "vbs_solved": 722,
        "vbs_avg_par2": 1473.1400666613551,
        "gap_cls_solved": 1.0,
        "gap_cls_par2": 0.9943848308982025
      },
      "test_metrics": {
        "total_count": 622,
        "solved": 227,
        "avg_par2": 1526.219989315424,
        "sbs_solved": 208,
        "sbs_avg_par2": 1599.4988573819894,
        "vbs_solved": 249,
        "vbs_avg_par2": 1441.3130088236273,
        "gap_cls_solved": 0.4634146341463415,
        "gap_cls_par2": 0.46324540870373354
      }
    }
  ],
  "aggregated": {
    "train": {
      "gap_cls_solved_mean": 1.0,
      "gap_cls_solved_std": 0.0,
      "gap_cls_par2_mean": 0.9945190938318691,
      "gap_cls_par2_std": 0.0010594367365695738
    },
    "test": {
      "gap_cls_solved_mean": 0.6659016000479415,
      "gap_cls_solved_std": 0.12164001268925281,
      "gap_cls_par2_mean": 0.6604679232583008,
      "gap_cls_par2_std": 0.11847998617062147
    }
  }
}