{
  "n_splits": 4,
  "n_instances": 18977,
  "model_type": "SVM",
  "folds_dir": "data/perf_data/folds/QF_SLIA",
  "feature_csv_path": [
    "data/features/path_emb/all_mpnet_base_v2/QF_SLIA.csv",
    "data/features/syntactic/catalog0/QF_SLIA.CSV"
  ],
  "folds": [
    {
      "fold": 1,
      "train_size": 14232,
      "test_size": 4745,
      "train_metrics": {
        "total_instances": 14232,
        "solved": 14217,
        "solve_rate": 99.89460370994941,
        "avg_par2": 4.535262667255793,
        "sbs_name": "Z3-Noodler",
        "sbs_solved": 13959,
        "sbs_solve_rate": 98.08178752107925,
        "sbs_avg_par2": 47.381380488640296,
        "vbs_solved": 14217,
        "vbs_solve_rate": 99.89460370994941,
        "vbs_avg_par2": 4.488040172346419,
        "gap_cls_solved": 1.0,
        "gap_cls_par2": 0.9988990716376678
      },
      "test_metrics": {
        "total_instances": 4745,
        "solved": 4727,
        "solve_rate": 99.62065331928346,
        "avg_par2": 11.038456640660359,
        "sbs_name": "Z3-Noodler",
        "sbs_solved": 4658,
        "sbs_solve_rate": 98.16649104320338,
        "sbs_avg_par2": 45.34546556775203,
        "vbs_solved": 4740,
        "vbs_solve_rate": 99.89462592202318,
        "vbs_avg_par2": 4.295991924005385,
        "gap_cls_solved": 0.8414634146341463,
        "gap_cls_par2": 0.8357478399072701
      }
    },
    {
      "fold": 2,
      "train_size": 14233,
      "test_size": 4744,
      "train_metrics": {
        "total_instances": 14233,
        "solved": 14215,
        "solve_rate": 99.87353333801728,
        "avg_par2": 5.009553966817961,
        "sbs_name": "Z3-Noodler",
        "sbs_solved": 13961,
        "sbs_solve_rate": 98.08894821892784,
        "sbs_avg_par2": 47.13995182272299,
        "vbs_solved": 14215,
        "vbs_solve_rate": 99.87353333801728,
        "vbs_avg_par2": 4.956872208785628,
        "gap_cls_solved": 1.0,
        "gap_cls_par2": 0.998751116359581
      },
      "test_metrics": {
        "total_instances": 4744,
        "solved": 4738,
        "solve_rate": 99.87352445193929,
        "avg_par2": 5.360979211864403,
        "sbs_name": "Z3-Noodler",
        "sbs_solved": 4656,
        "sbs_solve_rate": 98.1450252951096,
        "sbs_avg_par2": 46.069373301116315,
        "vbs_solved": 4742,
        "vbs_solve_rate": 99.95784148397976,
        "vbs_avg_par2": 2.889356506027391,
        "gap_cls_solved": 0.9534883720930233,
        "gap_cls_par2": 0.9427600337080433
      }
    },
    {
      "fold": 3,
      "train_size": 14233,
      "test_size": 4744,
      "train_metrics": {
        "total_instances": 14233,
        "solved": 14218,
        "solve_rate": 99.8946111150144,
        "avg_par2": 4.463207820951285,
        "sbs_name": "Z3-Noodler",
        "sbs_solved": 13963,
        "sbs_solve_rate": 98.10300007025926,
        "sbs_avg_par2": 46.82264133525955,
        "vbs_solved": 14218,
        "vbs_solve_rate": 99.8946111150144,
        "vbs_avg_par2": 4.407105021865109,
        "gap_cls_solved": 1.0,
        "gap_cls_par2": 0.9986773054412975
      },
      "test_metrics": {
        "total_instances": 4744,
        "solved": 4730,
        "solve_rate": 99.70489038785834,
        "avg_par2": 9.134127249496329,
        "sbs_name": "Z3-Noodler",
        "sbs_solved": 4654,
        "sbs_solve_rate": 98.10286677908938,
        "sbs_avg_par2": 47.02137165020299,
        "vbs_solved": 4739,
        "vbs_solve_rate": 99.89460370994941,
        "vbs_avg_par2": 4.538773953632733,
        "gap_cls_solved": 0.8941176470588236,
        "gap_cls_par2": 0.8918297480609433
      }
    },
    {
      "fold": 4,
      "train_size": 14233,
      "test_size": 4744,
      "train_metrics": {
        "total_instances": 14233,
        "solved": 14221,
        "solve_rate": 99.91568889201152,
        "avg_par2": 3.9668005227728913,
        "sbs_name": "Z3-Noodler",
        "sbs_solved": 13968,
        "sbs_solve_rate": 98.13812969858779,
        "sbs_avg_par2": 46.14534730331217,
        "vbs_solved": 14221,
        "vbs_solve_rate": 99.91568889201152,
        "vbs_avg_par2": 3.908068051713144,
        "gap_cls_solved": 1.0,
        "gap_cls_par2": 0.9986094636752076
      },
      "test_metrics": {
        "total_instances": 4744,
        "solved": 4730,
        "solve_rate": 99.70489038785834,
        "avg_par2": 9.399097534505293,
        "sbs_name": "Z3-Noodler",
        "sbs_solved": 4649,
        "sbs_solve_rate": 97.99747048903879,
        "sbs_avg_par2": 49.053396514601594,
        "vbs_solved": 4736,
        "vbs_solve_rate": 99.83136593591905,
        "vbs_avg_par2": 6.0359900573791325,
        "gap_cls_solved": 0.9310344827586207,
        "gap_cls_par2": 0.9218198456368931
      }
    }
  ],
  "aggregated": {
    "test_solve_rate_mean": 99.72598963673485,
    "test_solve_rate_std": 0.09185942803808052,
    "test_avg_par2_mean": 8.733165159131596,
    "test_avg_par2_std": 2.07907692283354,
    "test_sbs_solve_rate_mean": 98.10296340161028,
    "test_sbs_solve_rate_std": 0.0650648293432355,
    "test_sbs_avg_par2_mean": 46.87240175841823,
    "test_sbs_avg_par2_std": 1.3924186680701136,
    "test_vbs_solve_rate_mean": 99.89460926296785,
    "test_vbs_solve_rate_std": 0.04471585987840538,
    "test_vbs_avg_par2_mean": 4.44002811026116,
    "test_vbs_avg_par2_std": 1.1160392158611399,
    "test_gap_cls_solved_mean": 0.9050259791361535,
    "test_gap_cls_solved_std": 0.042379939554484616,
    "test_gap_cls_par2_mean": 0.8980393668282874,
    "test_gap_cls_par2_std": 0.040262398431800545,
    "train_solve_rate_mean": 99.89460926374815,
    "train_solve_rate_std": 0.014904239391920149,
    "train_avg_par2_mean": 4.493706244449483,
    "train_avg_par2_std": 0.36958950280027186,
    "train_sbs_solve_rate_mean": 98.10296637721353,
    "train_sbs_solve_rate_std": 0.021688205401611812,
    "train_sbs_avg_par2_mean": 46.87233023748375,
    "train_sbs_avg_par2_std": 0.4641461635814391,
    "train_vbs_solve_rate_mean": 99.89460926374815,
    "train_vbs_solve_rate_std": 0.014904239391920149,
    "train_vbs_avg_par2_mean": 4.440021363677575,
    "train_vbs_avg_par2_std": 0.3719873699949789,
    "train_gap_cls_solved_mean": 1.0,
    "train_gap_cls_solved_std": 0.0,
    "train_gap_cls_par2_mean": 0.9987342392784385,
    "train_gap_cls_par2_std": 0.00010754644983703816
  }
}