{
  "n_splits": 4,
  "n_instances": 1229,
  "model_type": "SVM",
  "folds_dir": "data/perf_data/folds/ALIA",
  "feature_csv_path": [
    "data/features/path_emb/all_mpnet_base_v2/ALIA.csv",
    "data/features/syntactic/catalog0/ALIA.CSV"
  ],
  "folds": [
    {
      "fold": 1,
      "train_size": 921,
      "test_size": 308,
      "train_metrics": {
        "total_instances": 921,
        "solved": 242,
        "solve_rate": 26.275787187839306,
        "avg_par2": 1789.471512815237,
        "sbs_name": "iProver",
        "sbs_solved": 180,
        "sbs_solve_rate": 19.54397394136808,
        "sbs_avg_par2": 1953.5690891485224,
        "vbs_solved": 242,
        "vbs_solve_rate": 26.275787187839306,
        "vbs_avg_par2": 1789.4386084148389,
        "gap_cls_solved": 1.0,
        "gap_cls_par2": 0.9997995229146284
      },
      "test_metrics": {
        "total_instances": 308,
        "solved": 66,
        "solve_rate": 21.428571428571427,
        "avg_par2": 1889.2507222123995,
        "sbs_name": "cvc5",
        "sbs_solved": 56,
        "sbs_solve_rate": 18.181818181818183,
        "sbs_avg_par2": 1969.3521766652013,
        "vbs_solved": 70,
        "vbs_solve_rate": 22.727272727272727,
        "vbs_avg_par2": 1856.3420551593606,
        "gap_cls_solved": 0.7142857142857143,
        "gap_cls_par2": 0.7087989410635392
      }
    },
    {
      "fold": 2,
      "train_size": 922,
      "test_size": 307,
      "train_metrics": {
        "total_instances": 922,
        "solved": 229,
        "solve_rate": 24.837310195227765,
        "avg_par2": 1817.790275365083,
        "sbs_name": "cvc5",
        "sbs_solved": 174,
        "sbs_solve_rate": 18.872017353579178,
        "sbs_avg_par2": 1958.3074398385388,
        "vbs_solved": 229,
        "vbs_solve_rate": 24.837310195227765,
        "vbs_avg_par2": 1817.7091103134578,
        "gap_cls_solved": 1.0,
        "gap_cls_par2": 0.9994227168139237
      },
      "test_metrics": {
        "total_instances": 307,
        "solved": 70,
        "solve_rate": 22.80130293159609,
        "avg_par2": 1866.073240513475,
        "sbs_name": "iProver",
        "sbs_solved": 64,
        "sbs_solve_rate": 20.846905537459286,
        "sbs_avg_par2": 1921.2797647369055,
        "vbs_solved": 83,
        "vbs_solve_rate": 27.035830618892508,
        "vbs_avg_par2": 1771.6563896747277,
        "gap_cls_solved": 0.3157894736842105,
        "gap_cls_par2": 0.3689699166356112
      }
    },
    {
      "fold": 3,
      "train_size": 922,
      "test_size": 307,
      "train_metrics": {
        "total_instances": 922,
        "solved": 226,
        "solve_rate": 24.5119305856833,
        "avg_par2": 1822.3664905796802,
        "sbs_name": "cvc5",
        "sbs_solved": 171,
        "sbs_solve_rate": 18.546637744034708,
        "sbs_avg_par2": 1962.6144040106262,
        "vbs_solved": 226,
        "vbs_solve_rate": 24.5119305856833,
        "vbs_avg_par2": 1822.3564986462093,
        "gap_cls_solved": 1.0,
        "gap_cls_par2": 0.9999287602831015
      },
      "test_metrics": {
        "total_instances": 307,
        "solved": 71,
        "solve_rate": 23.12703583061889,
        "avg_par2": 1867.3031746117863,
        "sbs_name": "iProver",
        "sbs_solved": 65,
        "sbs_solve_rate": 21.172638436482085,
        "sbs_avg_par2": 1920.6906921108964,
        "vbs_solved": 86,
        "vbs_solve_rate": 28.013029315960914,
        "vbs_avg_par2": 1757.6990866037283,
        "gap_cls_solved": 0.2857142857142857,
        "gap_cls_par2": 0.32754765089274634
      }
    },
    {
      "fold": 4,
      "train_size": 922,
      "test_size": 307,
      "train_metrics": {
        "total_instances": 922,
        "solved": 239,
        "solve_rate": 25.92190889370933,
        "avg_par2": 1795.3739285100069,
        "sbs_name": "iProver",
        "sbs_solved": 185,
        "sbs_solve_rate": 20.065075921908893,
        "sbs_avg_par2": 1938.1569420349908,
        "vbs_solved": 239,
        "vbs_solve_rate": 25.92190889370933,
        "vbs_avg_par2": 1795.2987898118968,
        "gap_cls_solved": 1.0,
        "gap_cls_par2": 0.9994740328294828
      },
      "test_metrics": {
        "total_instances": 307,
        "solved": 65,
        "solve_rate": 21.172638436482085,
        "avg_par2": 1905.8023468023457,
        "sbs_name": "cvc5",
        "sbs_solved": 59,
        "sbs_solve_rate": 19.218241042345277,
        "sbs_avg_par2": 1946.4070319564398,
        "vbs_solved": 73,
        "vbs_solve_rate": 23.778501628664493,
        "vbs_avg_par2": 1838.9603489660606,
        "gap_cls_solved": 0.42857142857142855,
        "gap_cls_par2": 0.3779054320153359
      }
    }
  ],
  "aggregated": {
    "test_solve_rate_mean": 22.132387156817124,
    "test_solve_rate_std": 0.8445780727017667,
    "test_avg_par2_mean": 1882.1073710350015,
    "test_avg_par2_std": 16.49800681883383,
    "test_sbs_solve_rate_mean": 19.854900799526206,
    "test_sbs_solve_rate_std": 1.2170709687629304,
    "test_sbs_avg_par2_mean": 1939.4324163673607,
    "test_sbs_avg_par2_std": 20.153215055033264,
    "test_vbs_solve_rate_mean": 25.388658572697658,
    "test_vbs_solve_rate_std": 2.1952265003017493,
    "test_vbs_avg_par2_mean": 1806.1644701009693,
    "test_vbs_avg_par2_std": 42.22872459909376,
    "test_gap_cls_solved_mean": 0.4360902255639098,
    "test_gap_cls_solved_std": 0.16921469826957744,
    "test_gap_cls_par2_mean": 0.4458054851518082,
    "test_gap_cls_par2_std": 0.1530233601620863,
    "train_solve_rate_mean": 25.386734215614926,
    "train_solve_rate_std": 0.7321159861344367,
    "train_avg_par2_mean": 1806.2505518175017,
    "train_avg_par2_std": 14.077693225041795,
    "train_sbs_solve_rate_mean": 19.256926240222718,
    "train_sbs_solve_rate_std": 0.5891024718961244,
    "train_sbs_avg_par2_mean": 1953.1619687581695,
    "train_sbs_avg_par2_std": 9.235001066815729,
    "train_vbs_solve_rate_mean": 25.386734215614926,
    "train_vbs_solve_rate_std": 0.7321159861344367,
    "train_vbs_avg_par2_mean": 1806.2007517966008,
    "train_vbs_avg_par2_std": 14.08254857871815,
    "train_gap_cls_solved_mean": 1.0,
    "train_gap_cls_solved_std": 0.0,
    "train_gap_cls_par2_mean": 0.9996562582102841,
    "train_gap_cls_par2_std": 0.00021361754868385392
  }
}