{
  "n_splits": 4,
  "n_instances": 3860,
  "fusion_method": "fixed_alpha",
  "model_type": "Fusion_SVM_fixed_alpha",
  "folds_dir": "data/perf_data/folds/QF_LIA",
  "feature_csv_synt": "data/features/syntactic/catalog0/QF_LIA.CSV",
  "feature_csv_desc": "data/features/native_desc/all_mpnet_base_v2/QF_LIA.csv",
  "alpha_candidates": [
    0.0,
    0.05,
    0.1,
    0.15,
    0.2,
    0.25,
    0.3,
    0.35,
    0.4,
    0.45,
    0.5,
    0.55,
    0.6,
    0.65,
    0.7,
    0.75,
    0.8,
    0.85,
    0.9,
    0.95,
    1.0
  ],
  "folds": [
    {
      "fold": 1,
      "train_size": 2895,
      "test_size": 965,
      "best_alpha": 0.9,
      "alpha_tuning_results": {
        "0.0": 0.8912575523237339,
        "0.05": 0.8912575523237339,
        "0.1": 0.8912575523237339,
        "0.15": 0.8912575523237339,
        "0.2": 0.8912533238626538,
        "0.25": 0.8912533238626538,
        "0.3": 0.8912154838685726,
        "0.35": 0.8911019595271379,
        "0.4": 0.896108615889415,
        "0.45": 0.8958355807809308,
        "0.5": 0.8998415308317333,
        "0.55": 0.8999373488567562,
        "0.6": 0.8994259222304509,
        "0.65": 0.9029131029792684,
        "0.7": 0.9162793784117875,
        "0.75": 0.9263197704243212,
        "0.8": 0.9252375122896396,
        "0.85": 0.9303545494998126,
        "0.9": 0.9320220057653834,
        "0.95": 0.9217429530411834,
        "1.0": 0.918907608843031
      },
      "train_metrics": {
        "total_instances": 2895,
        "solved": 2832,
        "solve_rate": 97.82383419689118,
        "avg_par2": 67.64988463883802,
        "sbs_name": "OpenSMT",
        "sbs_solved": 2711,
        "sbs_solve_rate": 93.64421416234889,
        "sbs_avg_par2": 212.66673664025276,
        "vbs_solved": 2837,
        "vbs_solve_rate": 97.99654576856649,
        "vbs_avg_par2": 57.07292972973265,
        "gap_cls_solved": 0.9603174603174603,
        "gap_cls_par2": 0.9320220057653834
      },
      "test_metrics": {
        "total_instances": 965,
        "solved": 939,
        "solve_rate": 97.30569948186528,
        "avg_par2": 80.00693757569125,
        "sbs_name": "OpenSMT",
        "sbs_solved": 901,
        "sbs_solve_rate": 93.3678756476684,
        "sbs_avg_par2": 222.19515309830513,
        "vbs_solved": 947,
        "vbs_solve_rate": 98.13471502590674,
        "vbs_avg_par2": 54.72262169091941,
        "gap_cls_solved": 0.8260869565217391,
        "gap_cls_par2": 0.8490241016106311
      }
    },
    {
      "fold": 2,
      "train_size": 2895,
      "test_size": 965,
      "best_alpha": 1.0,
      "alpha_tuning_results": {
        "0.0": 0.8779492945640375,
        "0.05": 0.8779492945640375,
        "0.1": 0.8779492945640375,
        "0.15": 0.8779492945640375,
        "0.2": 0.8779473203263723,
        "0.25": 0.8779229603861186,
        "0.3": 0.8817717083929619,
        "0.35": 0.8817963493358973,
        "0.4": 0.8815085371587666,
        "0.45": 0.8978653211702518,
        "0.5": 0.8978184984585802,
        "0.55": 0.8981450883999831,
        "0.6": 0.8973438341388346,
        "0.65": 0.8971422322239242,
        "0.7": 0.8962342998376585,
        "0.75": 0.9062904743189346,
        "0.8": 0.9156967483930388,
        "0.85": 0.914109822998781,
        "0.9": 0.9282013188518926,
        "0.95": 0.9437435583558144,
        "1.0": 0.9476771659434712
      },
      "train_metrics": {
        "total_instances": 2895,
        "solved": 2826,
        "solve_rate": 97.61658031088083,
        "avg_par2": 71.11122748868233,
        "sbs_name": "OpenSMT",
        "sbs_solved": 2695,
        "sbs_solve_rate": 93.09153713298791,
        "sbs_avg_par2": 227.2236405469654,
        "vbs_solved": 2832,
        "vbs_solve_rate": 97.82383419689118,
        "vbs_avg_par2": 62.492001262543525,
        "gap_cls_solved": 0.9562043795620438,
        "gap_cls_par2": 0.9476771659434712
      },
      "test_metrics": {
        "total_instances": 965,
        "solved": 950,
        "solve_rate": 98.44559585492227,
        "avg_par2": 44.962611337191454,
        "sbs_name": "OpenSMT",
        "sbs_solved": 917,
        "sbs_solve_rate": 95.02590673575129,
        "sbs_avg_par2": 178.52444137816946,
        "vbs_solved": 952,
        "vbs_solve_rate": 98.65284974093265,
        "vbs_avg_par2": 38.465407092486785,
        "gap_cls_solved": 0.9428571428571428,
        "gap_cls_par2": 0.9536109592798411
      }
    },
    {
      "fold": 3,
      "train_size": 2895,
      "test_size": 965,
      "best_alpha": 0.95,
      "alpha_tuning_results": {
        "0.0": 0.8785943573157581,
        "0.05": 0.8785348233648064,
        "0.1": 0.8785347120440987,
        "0.15": 0.878534372426378,
        "0.2": 0.878534372426378,
        "0.25": 0.8783269920346604,
        "0.3": 0.8865203944393375,
        "0.35": 0.8862443011466759,
        "0.4": 0.8863649534775492,
        "0.45": 0.8863380740147522,
        "0.5": 0.8864934655151804,
        "0.55": 0.8863949471853709,
        "0.6": 0.8920923522944587,
        "0.65": 0.8942517256782194,
        "0.7": 0.8995281492768176,
        "0.75": 0.9112989853500612,
        "0.8": 0.9325263522335677,
        "0.85": 0.9407514053151522,
        "0.9": 0.9189811621339411,
        "0.95": 0.9583802458305188,
        "1.0": 0.9568762763259685
      },
      "train_metrics": {
        "total_instances": 2895,
        "solved": 2840,
        "solve_rate": 98.10017271157167,
        "avg_par2": 58.56540578404035,
        "sbs_name": "OpenSMT",
        "sbs_solved": 2715,
        "sbs_solve_rate": 93.78238341968913,
        "sbs_avg_par2": 209.71545468814006,
        "vbs_solved": 2844,
        "vbs_solve_rate": 98.23834196891191,
        "vbs_avg_par2": 52.00138497344636,
        "gap_cls_solved": 0.9689922480620154,
        "gap_cls_par2": 0.9583802458305188
      },
      "test_metrics": {
        "total_instances": 965,
        "solved": 929,
        "solve_rate": 96.26943005181347,
        "avg_par2": 101.43775592093833,
        "sbs_name": "OpenSMT",
        "sbs_solved": 897,
        "sbs_solve_rate": 92.95336787564766,
        "sbs_avg_par2": 231.0489989546445,
        "vbs_solved": 940,
        "vbs_solve_rate": 97.40932642487047,
        "vbs_avg_par2": 69.93725595977835,
        "gap_cls_solved": 0.7441860465116279,
        "gap_cls_par2": 0.8044804222485274
      }
    },
    {
      "fold": 4,
      "train_size": 2895,
      "test_size": 965,
      "best_alpha": 0.95,
      "alpha_tuning_results": {
        "0.0": 0.8960013060403461,
        "0.05": 0.8960013060403461,
        "0.1": 0.8960013060403461,
        "0.15": 0.8960013060403461,
        "0.2": 0.8959962275872985,
        "0.25": 0.8959895463995515,
        "0.3": 0.9008719972253354,
        "0.35": 0.9006607095481141,
        "0.4": 0.9059962279243516,
        "0.45": 0.9112213259778542,
        "0.5": 0.9148908662867009,
        "0.55": 0.9149181527024405,
        "0.6": 0.9149403272677756,
        "0.65": 0.9147253139032738,
        "0.7": 0.9131558882190559,
        "0.75": 0.9125993127041676,
        "0.8": 0.9123592897150439,
        "0.85": 0.929856953425022,
        "0.9": 0.9265167154764656,
        "0.95": 0.9471379872513882,
        "1.0": 0.9270796360955653
      },
      "train_metrics": {
        "total_instances": 2895,
        "solved": 2834,
        "solve_rate": 97.89291882556131,
        "avg_par2": 62.63290443386595,
        "sbs_name": "OpenSMT",
        "sbs_solved": 2715,
        "sbs_solve_rate": 93.78238341968913,
        "sbs_avg_par2": 210.5895311437062,
        "vbs_solved": 2839,
        "vbs_solve_rate": 98.06563039723662,
        "vbs_avg_par2": 54.37509491439488,
        "gap_cls_solved": 0.9596774193548387,
        "gap_cls_par2": 0.9471379872513882
      },
      "test_metrics": {
        "total_instances": 965,
        "solved": 942,
        "solve_rate": 97.61658031088083,
        "avg_par2": 73.6642966660448,
        "sbs_name": "OpenSMT",
        "sbs_solved": 897,