{
  "division": "ABV",
  "n_seeds": 5,
  "seed_values": [
    0,
    10,
    20,
    30,
    40
  ],
  "model_type": "SVM",
  "splits_dir": "/home/john-lu/Desktop/smt-select/data/cp26/performance_splits/smtcomp24/ABV",
  "feature_csv_path": [
    "/home/john-lu/Desktop/smt-select/data/features/syntactic/ABV/features.csv",
    "/home/john-lu/Desktop/smt-select/data/features/desc/setfit_mpnet/ABV/seed0/features.csv"
  ],
  "feature_csv_path_per_seed": true,
  "seeds": [
    {
      "seed": 0,
      "train_size": 1865,
      "test_size": 622,
      "train_metrics": {
        "total_count": 1865,
        "solved": 722,
        "avg_par2": 1473.7995971822938,
        "sbs_solved": 621,
        "sbs_avg_par2": 1603.2889194204809,
        "vbs_solved": 722,
        "vbs_avg_par2": 1473.078278344809,
        "gap_cls_solved": 1.0,
        "gap_cls_par2": 0.9944603695095419
      },
      "test_metrics": {
        "total_count": 622,
        "solved": 238,
        "avg_par2": 1484.7099981085394,
        "sbs_solved": 216,
        "sbs_avg_par2": 1568.1989067370248,
        "vbs_solved": 249,
        "vbs_avg_par2": 1441.4982744351369,
        "gap_cls_solved": 0.6666666666666666,
        "gap_cls_par2": 0.6589462665786664
      }
    },
    {
      "seed": 10,
      "train_size": 1865,
      "test_size": 622,
      "train_metrics": {
        "total_count": 1865,
        "solved": 736,
        "avg_par2": 1455.7001075105418,
        "sbs_solved": 632,
        "sbs_avg_par2": 1588.8577544287875,
        "vbs_solved": 736,
        "vbs_avg_par2": 1455.235929221568,
        "gap_cls_solved": 1.0,
        "gap_cls_par2": 0.9965261791009525
      },
      "test_metrics": {
        "total_count": 622,
        "solved": 231,
        "avg_par2": 1511.8760322178475,
        "sbs_solved": 205,
        "sbs_avg_par2": 1611.469200482215,
        "vbs_solved": 235,
        "vbs_avg_par2": 1494.9966363561089,
        "gap_cls_solved": 0.8666666666666667,
        "gap_cls_par2": 0.8550783526714227
      }
    },
    {
      "seed": 20,
      "train_size": 1865,
      "test_size": 622,
      "train_metrics": {
        "total_count": 1865,
        "solved": 710,
        "avg_par2": 1489.3172944859325,
        "sbs_solved": 609,
        "sbs_avg_par2": 1618.333484612624,
        "vbs_solved": 710,
        "vbs_avg_par2": 1488.5088358280148,
        "gap_cls_solved": 1.0,
        "gap_cls_par2": 0.9937726875020547
      },
      "test_metrics": {
        "total_count": 622,
        "solved": 252,
        "avg_par2": 1430.494449216253,
        "sbs_solved": 228,
        "sbs_avg_par2": 1523.0893985644411,
        "vbs_solved": 261,
        "vbs_avg_par2": 1395.2314099557502,
        "gap_cls_solved": 0.7272727272727273,
        "gap_cls_par2": 0.7242015172909898
      }
    },
    {
      "seed": 30,
      "train_size": 1865,
      "test_size": 622,
      "train_metrics": {
        "total_count": 1865,
        "solved": 732,
        "avg_par2": 1461.1827155235526,
        "sbs_solved": 635,
        "sbs_avg_par2": 1585.3660500218632,
        "vbs_solved": 732,
        "vbs_avg_par2": 1460.3725213420041,
        "gap_cls_solved": 1.0,
        "gap_cls_par2": 0.9935181109765804
      },
      "test_metrics": {
        "total_count": 622,
        "solved": 229,
        "avg_par2": 1518.5836863555655,
        "sbs_solved": 202,
        "sbs_avg_par2": 1621.9387000303082,
        "vbs_solved": 239,
        "vbs_avg_par2": 1479.595118181489,
        "gap_cls_solved": 0.7297297297297297,
        "gap_cls_par2": 0.7260953555637956
      }
    },
    {
      "seed": 40,
      "train_size": 1865,
      "test_size": 622,
      "train_metrics": {
        "total_count": 1865,
        "solved": 722,
        "avg_par2": 1473.8097117365073,
        "sbs_solved": 629,
        "sbs_avg_par2": 1592.8500082670396,
        "vbs_solved": 722,
        "vbs_avg_par2": 1473.1400666613551,
        "gap_cls_solved": 1.0,
        "gap_cls_par2": 0.9944061030673799
      },
      "test_metrics": {
        "total_count": 622,
        "solved": 232,
        "avg_par2": 1506.9306961612604,
        "sbs_solved": 208,
        "sbs_avg_par2": 1599.4988573819894,
        "vbs_solved": 249,
        "vbs_avg_par2": 1441.3130088236273,
        "gap_cls_solved": 0.5853658536585366,
        "gap_cls_par2": 0.5851861090252735
      }
    }
  ],
  "aggregated": {
    "train": {
      "gap_cls_solved_mean": 1.0,
      "gap_cls_solved_std": 0.0,
      "gap_cls_par2_mean": 0.9945366900313019,
      "gap_cls_par2_std": 0.0010585034426831993
    },
    "test": {
      "gap_cls_solved_mean": 0.7151403287988655,
      "gap_cls_solved_std": 0.0922077947880021,
      "gap_cls_par2_mean": 0.7099015202260296,
      "gap_cls_par2_std": 0.08909928682444446
    }
  }
}