{
  "division": "QF_NRA",
  "n_seeds": 5,
  "seed_values": [
    0,
    10,
    20,
    30,
    40
  ],
  "model_type": "WL",
  "splits_dir": "/home/john-lu/Desktop/smt-select/data/cp26/performance_splits/smtcomp24/QF_NRA",
  "wl_dir": "/home/john-lu/Desktop/smt-select/data/features/wl/QF_NRA",
  "wl_iter": 1,
  "seeds": [
    {
      "seed": 0,
      "train_size": 2328,
      "test_size": 776,
      "train_metrics": {
        "solved": 2199,
        "avg_par2": 143.26332995321883,
        "sbs_name": "Z3-alpha",
        "sbs_solved": 2123,
        "sbs_avg_par2": 228.44645983119491,
        "vbs_solved": 2200,
        "vbs_avg_par2": 141.66833103795628,
        "gap_cls_solved": 0.987012987012987,
        "gap_cls_par2": 0.981619805157785
      },
      "test_metrics": {
        "solved": 709,
        "avg_par2": 221.2041090056484,
        "sbs_name": "Z3-alpha",
        "sbs_solved": 690,
        "sbs_avg_par2": 282.29691496267446,
        "vbs_solved": 733,
        "vbs_avg_par2": 146.11193702943822,
        "gap_cls_solved": 0.4418604651162791,
        "gap_cls_par2": 0.4486016511085121
      }
    },
    {
      "seed": 10,
      "train_size": 2328,
      "test_size": 776,
      "train_metrics": {
        "solved": 2195,
        "avg_par2": 148.50411083482678,
        "sbs_name": "Z3-alpha",
        "sbs_solved": 2105,
        "sbs_avg_par2": 246.44067750611893,
        "vbs_solved": 2196,
        "vbs_avg_par2": 147.03318296207544,
        "gap_cls_solved": 0.989010989010989,
        "gap_cls_par2": 0.985203048527698
      },
      "test_metrics": {
        "solved": 712,
        "avg_par2": 208.38321495135875,
        "sbs_name": "Z3-alpha",
        "sbs_solved": 708,
        "sbs_avg_par2": 228.3142619379025,
        "vbs_solved": 737,
        "vbs_avg_par2": 130.01738125708076,
        "gap_cls_solved": 0.13793103448275862,
        "gap_cls_par2": 0.20276377895715264
      }
    },
    {
      "seed": 20,
      "train_size": 2328,
      "test_size": 776,
      "train_metrics": {
        "solved": 2195,
        "avg_par2": 148.3726773879823,
        "sbs_name": "Z3-alpha",
        "sbs_solved": 2107,
        "sbs_avg_par2": 244.52493277170873,
        "vbs_solved": 2195,
        "vbs_avg_par2": 147.71797247858814,
        "gap_cls_solved": 1.0,
        "gap_cls_par2": 0.9932370058164022
      },
      "test_metrics": {
        "solved": 716,
        "avg_par2": 199.35615543903504,
        "sbs_name": "Z3-alpha",
        "sbs_solved": 706,
        "sbs_avg_par2": 234.06149614113298,
        "vbs_solved": 738,
        "vbs_avg_par2": 127.96301270754263,
        "gap_cls_solved": 0.3125,
        "gap_cls_par2": 0.3271049649246011
      }
    },
    {
      "seed": 30,
      "train_size": 2328,
      "test_size": 776,
      "train_metrics": {
        "solved": 2188,
        "avg_par2": 154.14601206248332,
        "sbs_name": "Z3-alpha",
        "sbs_solved": 2101,
        "sbs_avg_par2": 250.74497346834673,
        "vbs_solved": 2189,
        "vbs_avg_par2": 153.12528382377576,
        "gap_cls_solved": 0.9886363636363636,
        "gap_cls_par2": 0.9895438282745623
      },
      "test_metrics": {
        "solved": 712,
        "avg_par2": 214.17965424529498,
        "sbs_name": "Z3-alpha",
        "sbs_solved": 712,
        "sbs_avg_par2": 215.4013740512191,
        "vbs_solved": 744,
        "vbs_avg_par2": 111.7410786719798,
        "gap_cls_solved": 0.0,
        "gap_cls_par2": 0.0117858028616886
      }
    },
    {
      "seed": 40,
      "train_size": 2328,
      "test_size": 776,
      "train_metrics": {
        "solved": 2206,
        "avg_par2": 136.7390664746327,
        "sbs_name": "Z3-alpha",
        "sbs_solved": 2113,
        "sbs_avg_par2": 238.19431467228736,
        "vbs_solved": 2206,
        "vbs_avg_par2": 136.00099773590352,
        "gap_cls_solved": 1.0,
        "gap_cls_par2": 0.9927777201009277
      },
      "test_metrics": {
        "solved": 696,
        "avg_par2": 258.89833441931245,
        "sbs_name": "Z3-alpha",
        "sbs_solved": 700,
        "sbs_avg_par2": 253.05335043939718,
        "vbs_solved": 727,
        "vbs_avg_par2": 163.1139369355965,
        "gap_cls_solved": -0.14814814814814814,
        "gap_cls_par2": -0.06498801528951789
      }
    }
  ],
  "aggregated": {
    "train": {
      "gap_cls_solved_mean": 0.9929320679320679,
      "gap_cls_solved_std": 0.005809901576823728,
      "gap_cls_par2_mean": 0.988476281575475,
      "gap_cls_par2_std": 0.00447284804330598
    },
    "test": {
      "gap_cls_solved_mean": 0.1488286702901779,
      "gap_cls_solved_std": 0.21124388710884473,
      "gap_cls_par2_mean": 0.1850536365124873,
      "gap_cls_par2_std": 0.1910457300546019
    }
  }
}