{
  "n_splits": 4,
  "n_instances": 2482,
  "model_type": "SVM",
  "folds_dir": "data/perf_data/folds/QF_NRA",
  "feature_csv_path": [
    "data/features/path_emb/all_mpnet_base_v2/QF_NRA.csv",
    "data/features/syntactic/catalog0/QF_NRA.CSV"
  ],
  "folds": [
    {
      "fold": 1,
      "train_size": 1861,
      "test_size": 621,
      "train_metrics": {
        "total_instances": 1861,
        "solved": 1758,
        "solve_rate": 94.46534121440085,
        "avg_par2": 144.2541625248239,
        "sbs_name": "Z3alpha",
        "sbs_solved": 1691,
        "sbs_solve_rate": 90.8651262761956,
        "sbs_avg_par2": 234.63610802478377,
        "vbs_solved": 1758,
        "vbs_solve_rate": 94.46534121440085,
        "vbs_avg_par2": 144.03160386653758,
        "gap_cls_solved": 1.0,
        "gap_cls_par2": 0.9975436247860525
      },
      "test_metrics": {
        "total_instances": 621,
        "solved": 575,
        "solve_rate": 92.5925925925926,
        "avg_par2": 187.04089173131885,
        "sbs_name": "Z3alpha",
        "sbs_solved": 563,
        "sbs_solve_rate": 90.66022544283415,
        "sbs_avg_par2": 243.77966070037502,
        "vbs_solved": 585,
        "vbs_solve_rate": 94.20289855072464,
        "vbs_avg_par2": 147.65383010768562,
        "gap_cls_solved": 0.5454545454545454,
        "gap_cls_par2": 0.5902551751097305
      }
    },
    {
      "fold": 2,
      "train_size": 1861,
      "test_size": 621,
      "train_metrics": {
        "total_instances": 1861,
        "solved": 1760,
        "solve_rate": 94.57281031703386,
        "avg_par2": 139.71154987851295,
        "sbs_name": "Z3alpha",
        "sbs_solved": 1698,
        "sbs_solve_rate": 91.24126813541108,
        "sbs_avg_par2": 226.35057370079537,
        "vbs_solved": 1760,
        "vbs_solve_rate": 94.57281031703386,
        "vbs_avg_par2": 139.5169074425372,
        "gap_cls_solved": 1.0,
        "gap_cls_par2": 0.9977584450321737
      },
      "test_metrics": {
        "total_instances": 621,
        "solved": 570,
        "solve_rate": 91.78743961352657,
        "avg_par2": 214.45190375534364,
        "sbs_name": "Z3alpha",
        "sbs_solved": 556,
        "sbs_solve_rate": 89.5330112721417,
        "sbs_avg_par2": 268.6095791817622,
        "vbs_solved": 583,
        "vbs_solve_rate": 93.88083735909822,
        "vbs_avg_par2": 161.18337929458508,
        "gap_cls_solved": 0.5185185185185185,
        "gap_cls_par2": 0.5041384269693696
      }
    },
    {
      "fold": 3,
      "train_size": 1862,
      "test_size": 620,
      "train_metrics": {
        "total_instances": 1862,
        "solved": 1752,
        "solve_rate": 94.09237379162191,
        "avg_par2": 153.00802351902752,
        "sbs_name": "Z3alpha",
        "sbs_solved": 1681,
        "sbs_solve_rate": 90.27926960257787,
        "sbs_avg_par2": 250.549567179897,
        "vbs_solved": 1752,
        "vbs_solve_rate": 94.09237379162191,
        "vbs_avg_par2": 152.86706919128375,
        "gap_cls_solved": 1.0,
        "gap_cls_par2": 0.9985570155284091
      },
      "test_metrics": {
        "total_instances": 620,
        "solved": 578,
        "solve_rate": 93.2258064516129,
        "avg_par2": 170.56691757485848,
        "sbs_name": "Z3alpha",
        "sbs_solved": 573,
        "sbs_solve_rate": 92.41935483870968,
        "sbs_avg_par2": 196.0026971614307,
        "vbs_solved": 591,
        "vbs_solve_rate": 95.3225806451613,
        "vbs_avg_par2": 121.12477493278904,
        "gap_cls_solved": 0.2777777777777778,
        "gap_cls_par2": 0.33969665329258747
      }
    },
    {
      "fold": 4,
      "train_size": 1862,
      "test_size": 620,
      "train_metrics": {
        "total_instances": 1862,
        "solved": 1759,
        "solve_rate": 94.46831364124597,
        "avg_par2": 143.46170500070497,
        "sbs_name": "Z3alpha",
        "sbs_solved": 1692,
        "sbs_solve_rate": 90.87003222341569,
        "sbs_avg_par2": 236.15219667395039,
        "vbs_solved": 1759,
        "vbs_solve_rate": 94.46831364124597,
        "vbs_avg_par2": 143.33258189964522,
        "gap_cls_solved": 1.0,
        "gap_cls_par2": 0.998608881308399
      },
      "test_metrics": {
        "total_instances": 620,
        "solved": 577,
        "solve_rate": 93.06451612903226,
        "avg_par2": 177.06640954229866,
        "sbs_name": "Z3alpha",
        "sbs_solved": 562,
        "sbs_solve_rate": 90.64516129032259,
        "sbs_avg_par2": 239.2412518099358,
        "vbs_solved": 584,
        "vbs_solve_rate": 94.19354838709677,
        "vbs_avg_par2": 149.7589932183221,
        "gap_cls_solved": 0.6818181818181818,
        "gap_cls_par2": 0.694828709581367
      }
    }
  ],
  "aggregated": {
    "test_solve_rate_mean": 92.66758869669108,
    "test_solve_rate_std": 0.5588929398105209,
    "test_avg_par2_mean": 187.2815306509549,
    "test_avg_par2_std": 16.74823924528682,
    "test_sbs_solve_rate_mean": 90.81443821100203,
    "test_sbs_solve_rate_std": 1.0332289963108552,
    "test_sbs_avg_par2_mean": 236.9082972133759,
    "test_sbs_avg_par2_std": 26.128995901913775,
    "test_vbs_solve_rate_mean": 94.39996623552022,
    "test_vbs_solve_rate_std": 0.5482144059925305,
    "test_vbs_avg_par2_mean": 144.93024438834544,
    "test_vbs_avg_par2_std": 14.67650762880469,
    "test_gap_cls_solved_mean": 0.5058922558922558,
    "test_gap_cls_solved_std": 0.14552555085074653,
    "test_gap_cls_par2_mean": 0.5322297412382637,
    "test_gap_cls_par2_std": 0.13006103122521437,
    "train_solve_rate_mean": 94.39970974107565,
    "train_solve_rate_std": 0.18264253381476514,
    "train_avg_par2_mean": 145.10886023076733,
    "train_avg_par2_std": 4.872662727236939,
    "train_sbs_solve_rate_mean": 90.81392405940007,
    "train_sbs_solve_rate_std": 0.3443283827160936,
    "train_sbs_avg_par2_mean": 236.92211139485664,
    "train_sbs_avg_par2_std": 8.707518884212094,
    "train_vbs_solve_rate_mean": 94.39970974107565,
    "train_vbs_solve_rate_std": 0.18264253381476514,
    "train_vbs_avg_par2_mean": 144.93704060000096,
    "train_vbs_avg_par2_std": 4.890227507556594,
    "train_gap_cls_solved_mean": 1.0,
    "train_gap_cls_solved_std": 0.0,
    "train_gap_cls_par2_mean": 0.9981169916637586,
    "train_gap_cls_par2_std": 0.0004724620851025328
  }
}