{
  "division": "QF_BV",
  "n_seeds": 5,
  "seed_values": [
    0,
    10,
    20,
    30,
    40
  ],
  "model_type": "SVM",
  "splits_dir": "/home/john-lu/Desktop/smt-select/data/cp26/performance_splits/smtcomp24/QF_BV",
  "feature_csv_path": [
    "/home/john-lu/Desktop/smt-select/data/features/syntactic/QF_BV/features.csv",
    "/home/john-lu/Desktop/smt-select/data/features/desc/embeddinggemma-300m/QF_BV/features.csv"
  ],
  "seeds": [
    {
      "seed": 0,
      "train_size": 8027,
      "test_size": 2676,
      "train_metrics": {
        "total_count": 8027,
        "solved": 7914,
        "avg_par2": 44.92707824612719,
        "sbs_solved": 7864,
        "sbs_avg_par2": 61.77599266787249,
        "vbs_solved": 7918,
        "vbs_avg_par2": 41.87253326616425,
        "gap_cls_solved": 0.9259259259259259,
        "gap_cls_par2": 0.84653195616332
      },
      "test_metrics": {
        "total_count": 2676,
        "solved": 2636,
        "avg_par2": 47.58719252252459,
        "sbs_solved": 2625,
        "sbs_avg_par2": 58.10378827141716,
        "vbs_solved": 2642,
        "vbs_avg_par2": 40.385159183757764,
        "gap_cls_solved": 0.6470588235294118,
        "gap_cls_par2": 0.5935332635986568
      }
    },
    {
      "seed": 10,
      "train_size": 8027,
      "test_size": 2676,
      "train_metrics": {
        "total_count": 8027,
        "solved": 7909,
        "avg_par2": 46.86043387029016,
        "sbs_solved": 7865,
        "sbs_avg_par2": 61.78417641632123,
        "vbs_solved": 7914,
        "vbs_avg_par2": 43.25506544619551,
        "gap_cls_solved": 0.8979591836734694,
        "gap_cls_par2": 0.805421402575248
      },
      "test_metrics": {
        "total_count": 2676,
        "solved": 2637,
        "avg_par2": 45.19623126129027,
        "sbs_solved": 2627,
        "sbs_avg_par2": 57.66332678096884,
        "vbs_solved": 2646,
        "vbs_avg_par2": 36.238079284986874,
        "gap_cls_solved": 0.5263157894736842,
        "gap_cls_par2": 0.5818880515623734
      }
    },
    {
      "seed": 20,
      "train_size": 8027,
      "test_size": 2676,
      "train_metrics": {
        "total_count": 8027,
        "solved": 7916,
        "avg_par2": 44.05418950581251,
        "sbs_solved": 7865,
        "sbs_avg_par2": 60.975859810918074,
        "vbs_solved": 7921,
        "vbs_avg_par2": 40.70114182585746,
        "gap_cls_solved": 0.9107142857142857,
        "gap_cls_par2": 0.8346192690608207
      },
      "test_metrics": {
        "total_count": 2676,
        "solved": 2633,
        "avg_par2": 50.98460283658671,
        "sbs_solved": 2624,
        "sbs_avg_par2": 60.50388783897062,
        "vbs_solved": 2639,
        "vbs_avg_par2": 43.898895764976956,
        "gap_cls_solved": 0.6,
        "gap_cls_par2": 0.5732785032335417
      }
    },
    {
      "seed": 30,
      "train_size": 8027,
      "test_size": 2676,
      "train_metrics": {
        "total_count": 8027,
        "solved": 7922,
        "avg_par2": 42.63624599336603,
        "sbs_solved": 7870,
        "sbs_avg_par2": 59.73287903806865,
        "vbs_solved": 7928,
        "vbs_avg_par2": 39.00927608687519,
        "gap_cls_solved": 0.896551724137931,
        "gap_cls_par2": 0.8249836230199553
      },
      "test_metrics": {
        "total_count": 2676,
        "solved": 2625,
        "avg_par2": 57.44481403051436,
        "sbs_solved": 2619,
        "sbs_avg_par2": 64.2323656654513,
        "vbs_solved": 2632,
        "vbs_avg_par2": 48.973860745100545,
        "gap_cls_solved": 0.46153846153846156,
        "gap_cls_par2": 0.44483726750214997
      }
    },
    {
      "seed": 40,
      "train_size": 8027,
      "test_size": 2676,
      "train_metrics": {
        "total_count": 8027,
        "solved": 7920,
        "avg_par2": 43.06002227949402,
        "sbs_solved": 7868,
        "sbs_avg_par2": 59.7629644565803,
        "vbs_solved": 7924,
        "vbs_avg_par2": 40.05662382543714,
        "gap_cls_solved": 0.9285714285714286,
        "gap_cls_par2": 0.8475922795473037
      },
      "test_metrics": {
        "total_count": 2676,
        "solved": 2630,
        "avg_par2": 53.98262350920138,
        "sbs_solved": 2621,
        "sbs_avg_par2": 64.14212065259892,
        "vbs_solved": 2636,
        "vbs_avg_par2": 45.83220891496722,
        "gap_cls_solved": 0.6,
        "gap_cls_par2": 0.5548632505156805
      }
    }
  ],
  "aggregated": {
    "train": {
      "gap_cls_solved_mean": 0.9119445096046082,
      "gap_cls_solved_std": 0.013460869758844508,
      "gap_cls_par2_mean": 0.8318297060733295,
      "gap_cls_par2_std": 0.015599127467347157
    },
    "test": {
      "gap_cls_solved_mean": 0.5669826149083115,
      "gap_cls_solved_std": 0.06536781286616614,
      "gap_cls_par2_mean": 0.5496800672824804,
      "gap_cls_par2_std": 0.05391886740661874
    }
  }
}