{
  "n_splits": 4,
  "n_instances": 832,
  "model_type": "SVM",
  "folds_dir": "data/perf_data/folds/BV",
  "feature_csv_path": "data/features/path_emb/all_mpnet_base_v2/BV.csv",
  "folds": [
    {
      "fold": 1,
      "train_size": 624,
      "test_size": 208,
      "train_metrics": {
        "total_instances": 624,
        "solved": 601,
        "solve_rate": 96.31410256410257,
        "avg_par2": 98.92286655901803,
        "sbs_name": "cvc5",
        "sbs_solved": 566,
        "sbs_solve_rate": 90.7051282051282,
        "sbs_avg_par2": 251.36502850120917,
        "vbs_solved": 601,
        "vbs_solve_rate": 96.31410256410257,
        "vbs_avg_par2": 98.63251757317406,
        "gap_cls_solved": 1.0,
        "gap_cls_par2": 0.9980989706508474
      },
      "test_metrics": {
        "total_instances": 208,
        "solved": 188,
        "solve_rate": 90.38461538461539,
        "avg_par2": 238.54170378705356,
        "sbs_name": "cvc5",
        "sbs_solved": 190,
        "sbs_solve_rate": 91.34615384615384,
        "sbs_avg_par2": 242.39432227044352,
        "vbs_solved": 196,
        "vbs_solve_rate": 94.23076923076923,
        "vbs_avg_par2": 147.62516219829223,
        "gap_cls_solved": -0.3333333333333333,
        "gap_cls_par2": 0.04065266042726155
      }
    },
    {
      "fold": 2,
      "train_size": 624,
      "test_size": 208,
      "train_metrics": {
        "total_instances": 624,
        "solved": 596,
        "solve_rate": 95.51282051282051,
        "avg_par2": 118.86339088721321,
        "sbs_name": "cvc5",
        "sbs_solved": 568,
        "sbs_solve_rate": 91.02564102564102,
        "sbs_avg_par2": 246.06557482444512,
        "vbs_solved": 596,
        "vbs_solve_rate": 95.51282051282051,
        "vbs_avg_par2": 118.67965580296863,
        "gap_cls_solved": 1.0,
        "gap_cls_par2": 0.9985576499690393
      },
      "test_metrics": {
        "total_instances": 208,
        "solved": 196,
        "solve_rate": 94.23076923076923,
        "avg_par2": 154.5142309837191,
        "sbs_name": "cvc5",
        "sbs_solved": 188,
        "sbs_solve_rate": 90.38461538461539,
        "sbs_avg_par2": 258.2926833007357,
        "vbs_solved": 201,
        "vbs_solve_rate": 96.63461538461539,
        "vbs_avg_par2": 87.48374750890854,
        "gap_cls_solved": 0.6153846153846154,
        "gap_cls_par2": 0.6075703934101917
      }
    },
    {
      "fold": 3,
      "train_size": 624,
      "test_size": 208,
      "train_metrics": {
        "total_instances": 624,
        "solved": 598,
        "solve_rate": 95.83333333333334,
        "avg_par2": 107.84998950645259,
        "sbs_name": "cvc5",
        "sbs_solved": 567,
        "sbs_solve_rate": 90.86538461538461,
        "sbs_avg_par2": 248.31036315842766,
        "vbs_solved": 598,
        "vbs_solve_rate": 95.83333333333334,
        "vbs_avg_par2": 107.54799698027058,
        "gap_cls_solved": 1.0,
        "gap_cls_par2": 0.9978545932809926
      },
      "test_metrics": {
        "total_instances": 208,
        "solved": 186,
        "solve_rate": 89.42307692307693,
        "avg_par2": 264.54130594037883,
        "sbs_name": "cvc5",
        "sbs_solved": 189,
        "sbs_solve_rate": 90.86538461538461,
        "sbs_avg_par2": 251.558318298788,
        "vbs_solved": 199,
        "vbs_solve_rate": 95.67307692307693,
        "vbs_avg_par2": 120.87872397700266,
        "gap_cls_solved": -0.3,
        "gap_cls_par2": -0.09934977001551998
      }
    },
    {
      "fold": 4,
      "train_size": 624,
      "test_size": 208,
      "train_metrics": {
        "total_instances": 624,
        "solved": 596,
        "solve_rate": 95.51282051282051,
        "avg_par2": 118.81241683777122,
        "sbs_name": "cvc5",
        "sbs_solved": 567,
        "sbs_solve_rate": 90.86538461538461,
        "sbs_avg_par2": 250.74844128998907,
        "vbs_solved": 596,
        "vbs_solve_rate": 95.51282051282051,
        "vbs_avg_par2": 118.66254456140115,
        "gap_cls_solved": 1.0,
        "gap_cls_par2": 0.99886534232585
      },
      "test_metrics": {
        "total_instances": 208,
        "solved": 198,
        "solve_rate": 95.1923076923077,
        "avg_par2": 132.81040914055373,
        "sbs_name": "cvc5",
        "sbs_solved": 189,
        "sbs_solve_rate": 90.86538461538461,
        "sbs_avg_par2": 244.24408390410377,
        "vbs_solved": 201,
        "vbs_solve_rate": 96.63461538461539,
        "vbs_avg_par2": 87.53508123361098,
        "gap_cls_solved": 0.75,
        "gap_cls_par2": 0.7110866182835597
      }
    }
  ],
  "aggregated": {
    "test_solve_rate_mean": 92.3076923076923,
    "test_solve_rate_std": 2.451451689227296,
    "test_avg_par2_mean": 197.6019124629263,
    "test_avg_par2_std": 55.252683443473884,
    "test_sbs_solve_rate_mean": 90.86538461538461,
    "test_sbs_solve_rate_std": 0.33995518326276014,
    "test_sbs_avg_par2_mean": 249.12235194351774,
    "test_sbs_avg_par2_std": 6.306599551884487,
    "test_vbs_solve_rate_mean": 95.79326923076923,
    "test_vbs_solve_rate_std": 0.9838164389269795,
    "test_vbs_avg_par2_mean": 110.8806787294536,
    "test_vbs_avg_par2_std": 25.2118587530779,
    "test_gap_cls_solved_mean": 0.18301282051282053,
    "test_gap_cls_solved_std": 0.5020793179555773,
    "test_gap_cls_par2_mean": 0.3149899755263732,
    "test_gap_cls_par2_std": 0.34979788397162087,
    "train_solve_rate_mean": 95.79326923076924,
    "train_solve_rate_std": 0.32793881297566213,
    "train_avg_par2_mean": 111.11216594761376,
    "train_avg_par2_std": 8.345600136504961,
    "train_sbs_solve_rate_mean": 90.86538461538461,
    "train_sbs_solve_rate_std": 0.11331839442092005,
    "train_sbs_avg_par2_mean": 249.12235194351774,
    "train_sbs_avg_par2_std": 2.102199850628158,
    "train_vbs_solve_rate_mean": 95.79326923076924,
    "train_vbs_solve_rate_std": 0.32793881297566213,
    "train_vbs_avg_par2_mean": 110.8806787294536,
    "train_vbs_avg_par2_std": 8.403952917692637,
    "train_gap_cls_solved_mean": 1.0,
    "train_gap_cls_solved_std": 0.0,
    "train_gap_cls_par2_mean": 0.9983441390566823,
    "train_gap_cls_par2_std": 0.0003927474924178039
  }
}